Account Length,Area Code,Int'l Plan,VMail Plan,VMail Message,Day Mins,Day Calls,Day Charge,Eve Mins,Eve Calls,Eve Charge,Night Mins,Night Calls,Night Charge,Intl Mins,Intl Calls,Intl Charge,CustServ Calls
0.12573683264767652,-0.5127797575784685,-0.3252156863343304,1.6254465548679973,1.6068223588768862,0.7433759107727892,0.22561073226378406,0.7436393784212317,0.426269661554191,0.4454025255180467,0.4269164401429652,-0.8431589577422608,-0.19570209160740282,-0.8422801349031392,1.0185654584876076,1.4364999220227281,1.0218146766913492,-1.2002121433141226
-0.17530887533499598,-0.6795015220289611,-0.3252156863343304,-0.6152155523078459,-0.5887911903435977,-0.40129437748841734,0.22561073226378406,-0.40167821137230353,-0.9049607098396029,0.04535430416502335,-0.9038605183265744,-0.21849874986000226,-0.8085546087084248,-0.21941100715184989,-0.8007305641169394,0.20349644742112044,-0.8014603956809784,1.8750070532985164
-0.7523131489684516,1.7498727599639314,-0.3252156863343304,1.6254465548679973,1.0213254124180906,-0.7049448558856828,0.3255655660344941,-0.7047868362704036,-0.746480903721294,0.24537841484153503,-0.7453791992794139,0.3901445296150192,-0.04248896233214733,0.3901109250047696,-1.6568698688720207,-0.6185058689799514,-1.6602493790447561,0.3373974549921968
0.7278282486130215,-0.6795015220289611,-0.3252156863343304,-0.6152155523078459,-0.5887911903435977,-2.0483681845523725,-0.7239601885579613,-2.0482075630509113,-0.14623863804819917,0.49540855318717464,-0.14641303758646879,-0.5808817550737484,2.000352761337926,-0.5797852882079529,0.05540874063814164,-0.20750471077941549,0.057328587682799005,-1.2002121433141226
-0.3509188716582216,1.7498727599639314,-0.3252156863343304,-0.6152155523078459,-0.5887911903435977,0.8004253945928814,0.4255203998052041,0.7999309801880212,-1.4497350433712894,-0.7047361108718955,-1.4492227044594503,1.7776109528919597,-0.8596256518001767,1.7782192668505004,1.5179800529280716,-0.20750471077941549,1.5238759285040189,1.1062022541453564
0.9285253872681365,1.7498727599639314,-0.3252156863343304,1.6254465548679973,1.3140738856474885,0.07718516422848581,-0.8738924392140264,0.07680040364541166,0.7927542132027801,-0.35469391718800003,0.7928218385312624,-0.2965812758452847,1.2853581580534004,-0.2950451155216493,1.6963424080853802,-0.6185058689799514,1.6956337251767741,-0.4314073441609629
1.028873956595694,-0.6795015220289611,-0.3252156863343304,1.6254465548679973,1.1676996490327896,1.1059161789198277,0.12565589849307401,1.1062871974957444,1.6881651177712247,-1.754862691923582,1.6877751696211103,1.124921120297035,0.3150083393101155,1.1242066827116468,-0.26564349864501385,-0.20750471077941549,-0.2597627292515191,-1.2002121433141226
1.2044839529189195,-0.5127797575784685,-0.3252156863343304,1.6254465548679973,0.8749511758033917,0.3532310536805453,-1.1737569405261565,0.3528457584633242,1.4524264061702408,-0.6047240555336396,1.4523837986834156,-0.19647547330005094,-1.2171229534424395,-0.19716568116073208,1.4466351108651483,1.847501080223264,1.4446030992704393,-0.4314073441609629
-0.576703152645226,-0.5127797575784685,-0.3252156863343304,-0.6152155523078459,-0.5887911903435977,1.3469962557079596,-0.3741182703604762,1.3466090358078093,-0.4414072769435495,0.5954206085254304,-0.4424002069833715,1.2690734759621713,0.26393729621836365,1.271025834253022,-0.26564349864501385,1.0254987638221924,-0.2597627292515191,1.1062022541453564
1.3550068069102559,-0.5127797575784685,3.074882430400277,1.6254465548679973,1.3140738856474885,0.5887902126796358,1.0252494024294643,0.5888374735625592,-1.217958326923263,1.1454869128858376,-1.218492548787849,-1.0774065356981082,-0.5531993932496656,-1.0780805904089847,0.3051160378583733,-0.6185058689799514,0.3083592135891339,-0.4314073441609629
0.17591111731145526,1.7498727599639314,-0.3252156863343304,1.6254465548679973,1.899570832106284,-0.3240015284418409,-0.8738924392140264,-0.3237359935413637,-0.5721531169911541,0.8454507468710701,-0.5729142344339744,1.1869867178750804,-1.2171229534424395,1.1864935954867752,-0.2299710276135523,-0.6185058689799514,-0.23333845284032595,1.8750070532985164
-1.2038817109424602,-0.5127797575784685,-0.3252156863343304,-0.6152155523078459,-0.5887911903435977,-0.200701031153254,-0.17420860281905612,-0.2003274819757086,0.3886307076010931,-0.6547300832027676,0.38962671801422155,-0.9252457158293524,0.6725056409523783,-0.9268123736693854,0.2337710957954502,-1.0295070271804874,0.22908638435555437,-1.2002121433141226
-0.8275745759641198,1.7498727599639314,-0.3252156863343304,1.6254465548679973,1.6068223588768862,-1.0454014528765563,-0.3741182703604762,-1.045784039280766,0.6501223876963024,-0.4547059725262559,0.6506547729154274,-0.020289260820439265,2.255707976796685,-0.019203073231792055,-0.2299710276135523,-1.0295070271804874,-0.23333845284032595,0.3373974549921968
1.630965372561039,1.7498727599639314,3.074882430400277,-0.6152155523078459,-0.5887911903435977,-2.429311511996215,-0.5740279379018963,-2.4292584057799513,1.2622506388282697,-0.2546818618497442,1.2612739727736042,0.6944661693525297,-0.14463104851565098,0.6926473584839673,1.0542379295190691,-0.6185058689799514,1.0482389531025422,-1.2002121433141226
-0.9530102876235665,-0.5127797575784685,-0.3252156863343304,-0.6152155523078459,-0.5887911903435977,0.5906305186093166,-0.8239150223286714,0.5910025351689738,0.5986164507078522,1.8455713002536285,0.5993814049884043,0.3320831641387835,-0.04248896233214733,0.3322730774278638,0.1624261537325264,1.847501080223264,0.16302569332757172,1.1062022541453564
0.37660825596657027,-0.6795015220289611,-0.3252156863343304,1.6254465548679973,0.8017640574960422,-0.44178110794138636,0.17563331537842902,-0.4417318510909812,-0.3027374465900292,0.895456774540198,-0.30256374900058286,-0.15643315228195742,0.8257187702276338,-0.15712409437672067,-0.7293856220540164,-1.0295070271804874,-0.7353997046529958,1.1062022541453564
0.12573683264767652,-0.5127797575784685,-0.3252156863343304,-0.6152155523078459,-0.5887911903435977,-0.2651117386920679,0.8753171517733993,-0.26527933016815836,0.18458795722377025,0.04535430416502335,0.18453324630613163,-0.2665495350817146,-0.3489152208826583,-0.2683507243323081,-0.622368208959631,-0.6185058689799514,-0.6164904608026267,0.3373974549921968
-1.5300145612570222,-0.5127797575784685,-0.3252156863343304,1.6254465548679973,2.4118806602577303,-0.5816443585970964,-1.3236891911822215,-0.5813783247047486,-0.6177160612501681,-0.6047240555336396,-0.6171957794618574,0.2720196826116433,0.11072416694310817,0.2699861646527354,-1.4428350426832501,0.20349644742112044,-1.4488551677552108,0.3373974549921968
-0.8275745759641198,-0.5127797575784685,-0.3252156863343304,-0.6152155523078459,-0.5887911903435977,0.9458095630376329,-2.173305278233257,0.946072638621034,-0.9366566710632644,-2.254922968614861,-0.9364890251892253,-0.18446277699462243,1.1832160718698967,-0.18381848556606187,-0.2299710276135523,-0.20750471077941549,-0.23333845284032595,1.1062022541453564
1.505529660901592,-0.5127797575784685,-0.3252156863343304,-0.6152155523078459,-0.5887911903435977,-0.029552579692977407,0.4255203998052041,-0.029287615068923394,-1.073345503840306,-0.7047361108718955,-1.0739948755389674,-1.2595990963304335,-1.1149808672589359,-1.2604922635361477,-0.622368208959631,-1.0295070271804874,-0.6164904608026267,-0.4314073441609629
1.0539610989275834,-0.6795015220289611,-0.3252156863343304,-0.6152155523078459,-0.5887911903435977,-0.21910409045005796,-1.4236440249529316,-0.2187305056302359,0.20439793298855885,-0.054657751173232495,0.2055087150035499,-0.94126264423659,0.468221468585371,-0.940159569264056,0.09108121166960323,0.6144976056216563,0.09696500229958847,1.8750070532985164
-0.07496030600743848,-0.6795015220289611,-0.3252156863343304,-0.6152155523078459,-0.5887911903435977,-0.802481070158744,-0.9238698560993814,-0.8022146085590784,-0.8792077413453775,0.895456774540198,-0.8782238343630633,-0.835150493538642,-0.8596256518001767,-0.833382004506692,-0.05160867245624374,0.20349644742112044,-0.04836851796197371,0.3373974549921968
-0.4010931563220003,-0.6795015220289611,-0.3252156863343304,1.6254465548679973,2.1191321870283324,0.9182049740924269,1.1252042362001744,0.9179268377376392,-1.3546471597003038,-0.5047120001953838,-1.3536677915045447,0.22797312949174062,-1.2171229534424395,0.2299445778687232,-0.26564349864501385,1.4364999220227281,-0.2597627292515191,0.3373974549921968
-0.04987316367554911,-0.5127797575784685,-0.3252156863343304,-0.6152155523078459,-0.5887911903435977,-0.6276520068391064,0.07567848160771899,-0.627927149242671,0.5986164507078522,-0.6547300832027676,0.5993814049884043,-0.38067014998328086,-0.7064125225249211,-0.3795773542878955,0.4121334509527587,1.0254987638221924,0.4140563192339066,-0.4314073441609629
0.025388263320119012,-0.6795015220289611,-0.3252156863343304,-0.6152155523078459,-0.5887911903435977,-0.399454071558737,-0.32414085347512117,-0.3995131497658886,0.1429870081177143,-0.004651723504104576,0.14258230891129506,-0.20248182145276464,1.030002942594641,-0.2016147463589555,-0.05160867245624374,2.2585022384238003,-0.04836851796197371,-1.2002121433141226
0.3264339713027915,-0.5127797575784685,-0.3252156863343304,-0.6152155523078459,-0.5887911903435977,-0.19333980743453283,-0.22418601970441113,-0.19383229715646336,-1.0059915862400246,-0.8547541938792792,-1.0064072541806193,-0.07234427814396072,0.9789318995028893,-0.07259185561047446,-2.0135945791866376,-0.20750471077941549,-2.016977110595864,0.3373974549921968
0.426782540630349,-0.5127797575784685,-0.3252156863343304,1.6254465548679973,1.3140738856474885,-0.16389491255964606,0.6754074842319793,-0.16352143466665361,-0.023416788306510065,1.2454989682240936,-0.022890833035005134,-0.6169198439900329,-0.09356000542389915,-0.6153778097937409,-0.2299710276135523,0.20349644742112044,-0.23333845284032595,2.643811852451676
-1.6303631305845796,1.7498727599639314,-0.3252156863343304,-0.6152155523078459,-0.5887911903435977,-1.1521391967980195,-0.32414085347512117,-1.151872057995101,0.6877613416494008,0.8454507468710701,0.6879444950441711,0.41617203827678023,0.41715042549361914,0.4168053161941108,-0.4440058538023224,-1.0295070271804874,-0.4447326641298708,-1.2002121433141226
0.3264339713027915,-0.5127797575784685,-0.3252156863343304,-0.6152155523078459,-0.5887911903435977,-0.6000474178939004,0.9252945686587544,-0.5997813483592759,-0.7861008552508713,0.5454145808563026,-0.7849995290412041,1.5093274020707326,0.3150083393101155,1.5112753549570905,-0.4440058538023224,-0.6185058689799514,-0.4447326641298708,2.643811852451676
-0.8275745759641198,1.7498727599639314,-0.3252156863343304,-0.6152155523078459,-0.5887911903435977,1.2917870778175475,1.3251139037415944,1.2913999648442263,1.066131878756863,0.895456774540198,1.0655029315977,1.4552702686963064,-0.09356000542389915,1.4534375073801848,-0.479678324833784,0.6144976056216563,-0.48436907874666085,0.3373974549921968
0.627479679285464,-0.5127797575784685,-0.3252156863343304,-0.6152155523078459,-0.5887911903435977,1.2899467718878674,-0.22418601970441113,1.2903174340410188,1.2127256994162983,-0.40469994485712796,1.2123312124796288,-0.6749812094662679,0.41715042549361914,-0.6732156573706464,0.8758755743617606,-0.20750471077941549,0.8764811564297869,1.1062022541453564
-0.4512674409857791,1.7498727599639314,-0.3252156863343304,1.6254465548679973,2.0459450687209833,-1.5422840538902634,-0.6739827716726063,-1.5426656779530086,1.2067827066868626,0.24537841484153503,1.2076699972135352,0.5623265099928212,0.468221468585371,0.5636244677354855,1.0899104005505313,-0.20750471077941549,1.0878753677193318,-1.2002121433141226
-0.8024874336322303,-0.6795015220289611,-0.3252156863343304,-0.6152155523078459,-0.5887911903435977,0.301702487649494,-0.6739827716726063,0.30196681071257186,0.7154953077201051,-1.7048566642544538,0.7159117866407282,-0.36465322157604324,-1.2681939965341913,-0.3662301586932253,0.5904958061100672,-1.4405081853810233,0.585814115906662,-1.2002121433141226
-0.20039601766688536,-0.6795015220289611,-0.3252156863343304,1.6254465548679973,0.9481382941107411,-0.8374468828226717,0.22561073226378406,-0.8379381250649262,-0.7563858916036883,1.3955170512314772,-0.7570322374446461,-0.27856223138714253,-0.5021283501579138,-0.2772488547287549,0.5548233350786057,-1.0295070271804874,0.5593898394954687,1.8750070532985164
0.7529153909449109,-0.6795015220289611,-0.3252156863343304,1.6254465548679973,2.0459450687209833,0.6347978609216457,0.7253849011173342,0.6343037672972737,-0.7722338722155194,0.8454507468710701,-0.7733464908759715,1.2850904043694091,0.11072416694310817,1.2843730298476923,-0.26564349864501385,-0.20750471077941549,-0.2597627292515191,1.1062022541453564
0.6525668216173534,1.7498727599639314,-0.3252156863343304,1.6254465548679973,1.3872610039548379,-3.2592894862820736,0.6254300673466242,-3.2595595318401034,1.0562268908744687,0.09536033183415127,1.0561805010655143,0.8446248731703804,2.868560493897707,0.8439155752235661,-0.37266091173939925,0.20349644742112044,-0.3786719731018881,1.1062022541453564
1.229571095250809,1.7498727599639314,-0.3252156863343304,-0.6152155523078459,-0.5887911903435977,-0.014830132255534026,0.025701064722363966,-0.015214714627226003,-0.6256400515560837,0.49540855318717464,-0.6265182099940435,-1.0393663307309193,0.008582080759604505,-1.038039003624973,1.26827275570784,-0.6185058689799514,1.272845302597684,1.8750070532985164
0.2511725443071234,1.7498727599639314,-0.3252156863343304,-0.6152155523078459,-0.5887911903435977,-0.060837780497543945,-1.9234181938064818,-0.06068100836194119,0.006298175340672839,1.1954929405549655,0.007407066194598862,-1.003328241814635,1.9492817182461741,-1.0024464820391852,0.3407885088898349,-1.0295070271804874,0.3347834900003271,-1.2002121433141226
0.8532639602724683,-0.6795015220289611,-0.3252156863343304,-0.6152155523078459,-0.5887911903435977,-0.45098263758978835,-0.024276352162991052,-0.45147462831984864,-1.283331246947065,-0.8047481662101513,-1.2837495625131503,-0.31860455240523605,-0.9106966948919285,-0.3172904415127663,-2.2989743474383313,1.847501080223264,-2.2944320129133917,1.1062022541453564
0.5773053946216853,-0.5127797575784685,-0.3252156863343304,-0.6152155523078459,-0.5887911903435977,2.434617060149074,0.5754526504612691,2.4345524930313465,-0.4097113157198878,0.4454025255180467,-0.40977170012072067,-0.6389431205499841,-0.2978441777909065,-0.6376231357848584,0.9115480453932228,-0.20750471077941549,0.9161175710465763,-0.4314073441609629
-0.4010931563220003,-0.6795015220289611,-0.3252156863343304,1.6254465548679973,0.6553898208813432,-1.6545427156007677,-0.6240053547872513,-1.6541663506833812,0.6441793949668656,-1.2548024152323025,0.6436629500162877,-0.6970044860262199,0.8257187702276338,-0.6954609833617638,-0.33698844070793704,1.0254987638221924,-0.33903555848509864,1.8750070532985164
-1.2289688532743497,-0.6795015220289611,-0.3252156863343304,-0.6152155523078459,-0.5887911903435977,0.6660830617262128,-1.6735311093797067,0.6656971605902918,0.32325778757729046,0.3953964978489188,0.32436970428891987,2.848743040125961,1.5407133735121594,2.850443979622363,-1.7995597529978673,-1.0295070271804874,-1.8055828993063185,-0.4314073441609629
-1.2289688532743497,-0.5127797575784685,-0.3252156863343304,-0.6152155523078459,-0.5887911903435977,-0.45466324944914893,0.4754978166905591,-0.4547222207294709,-1.3328561863590365,0.1953723871724071,-1.3326923228071266,-0.48878441673213346,-0.8085546087084248,-0.4908039842434829,-1.1574552744315565,-0.20750471077941549,-1.1581881272320862,1.8750070532985164
2.910409631487397,-0.5127797575784685,-0.3252156863343304,-0.6152155523078459,-0.5887911903435977,-1.030679005439113,1.8748654894804997,-1.0306286080358609,0.9472720241681314,0.24537841484153503,0.9466419423123301,1.3831940908637388,-1.1149808672589359,1.3822524642086096,1.0899104005505313,-0.20750471077941549,1.0878753677193318,-1.2002121433141226
1.3299196645783664,1.7498727599639314,-0.3252156863343304,1.6254465548679973,1.7531965954915851,0.23177086232163924,-0.9238698560993814,0.23160230850408375,-0.70091795946228,1.6955532172462449,-0.7010976542515305,0.0898271219793179,-1.319265039625943,0.09202355672379536,-0.4440058538023224,-1.4405081853810233,-0.4447326641298708,0.3373974549921968
-1.1537074262786815,-0.5127797575784685,-0.3252156863343304,1.6254465548679973,0.8749511758033917,0.51517797549242,-0.47407310413118625,0.5152253789444493,-0.019454793153552568,0.6454266361945584,-0.020560225401959117,0.3200704678333556,0.5192925116771229,0.3189258818331936,-1.0504378613371714,-1.4405081853810233,-1.0524910215873136,-0.4314073441609629
0.9285253872681365,1.7498727599639314,3.074882430400277,-0.6152155523078459,-0.5887911903435977,0.3035427935791743,1.4250687375123046,0.30304934151577917,-0.4790462308966479,-0.7047361108718955,-0.47968992911211517,0.6384069199271991,0.41715042549361914,0.6392585761052857,1.7676873501483032,-1.4405081853810233,1.7616944162047568,-1.2002121433141226
1.1543096682551408,1.7498727599639314,-0.3252156863343304,-0.6152155523078459,-0.5887911903435977,0.5464631762969869,0.17563331537842902,0.5466187722374667,-1.3506851645473463,-1.104784332224919,-1.3513371838714983,-1.0233494023236815,1.1832160718698967,-1.0246918080303027,0.3764609799212971,-0.6185058689799514,0.37441990461711655,0.3373974549921968
-0.651964579640894,-0.5127797575784685,-0.3252156863343304,-0.6152155523078459,-0.5887911903435977,2.4824650143207645,0.07567848160771899,2.4821838483724763,-0.6117730685207313,-0.7047361108718955,-0.6125345641957646,1.6935220787539635,0.008582080759604505,1.693687028084254,-1.6211973978405587,-0.6185058689799514,-1.6206129644279663,0.3373974549921968
0.7027411062811321,1.7498727599639314,-0.3252156863343304,1.6254465548679973,1.6800094771842358,0.2446530038294018,-0.07425376904834607,0.24459267814257424,0.4777755985426418,-0.6547300832027676,0.4781898080699875,-0.05832946578762822,-0.451057307066162,-0.05924466001580346,0.01973626960668006,1.4364999220227281,0.017692173066008943,0.3373974549921968
0.12573683264767652,-0.5127797575784685,-0.3252156863343304,-0.6152155523078459,-0.5887911903435977,0.21520810895451556,1.1751816530855295,0.2153643464559714,0.00035518261123603374,0.7954447192019422,0.0004152432954591597,0.5923582507563914,-1.2171229534424395,0.5903188589248266,-0.7293856220540164,-0.6185058689799514,-0.7353997046529958,-0.4314073441609629
0.9285253872681365,1.7498727599639314,-0.3252156863343304,-0.6152155523078459,-0.5887911903435977,-0.15285307698156378,0.8253397348880442,-0.15269612663457846,-1.6933977452781892,1.3955170512314772,-1.693936505929331,0.48023975190572965,0.774647727135882,0.47909222896923925,2.409791828714614,-0.20750471077941549,2.4090891882789895,1.1062022541453564
-0.8024874336322303,1.7498727599639314,-0.3252156863343304,-0.6152155523078459,-0.5887911903435977,-0.8153632116665066,0.025701064722363966,-0.8152049781975687,0.7412482762143299,1.1954929405549655,0.7415484706042393,-0.09837178680572173,0.11072416694310817,-0.09928624679981488,0.1267536827010648,-1.0295070271804874,0.12338927871078165,-0.4314073441609629
1.3048325222464772,-0.5127797575784685,-0.3252156863343304,-0.6152155523078459,-0.5887911903435977,0.9053228325846643,0.07567848160771899,0.9049364680991486,-0.792043847980308,1.7955652725845006,-0.7919913519403433,0.051786917012128945,0.468221468585371,0.051981969939783955,0.8045306322988374,-1.0295070271804874,0.8104204654018037,-1.2002121433141226
1.2546582375826985,-0.5127797575784685,-0.3252156863343304,-0.6152155523078459,-0.5887911903435977,-0.17493674813772886,-0.5740279379018963,-0.17542927350193604,-0.2611364974839733,-0.8547541938792792,-0.2606128116057463,-1.6219821015441798,0.008582080759604505,-1.6208665445922512,-2.120611992281023,-0.6185058689799514,-2.1226742162406365,-1.2002121433141226
-0.7774002913003409,-0.5127797575784685,-0.3252156863343304,-0.6152155523078459,-0.5887911903435977,-0.042434721200739975,1.2251590699708845,-0.04227798470741351,0.5055095646133454,0.1953723871724071,0.5061570996665454,1.0728661029735136,-1.4214071258094467,1.0708179003329643,0.2337710957954502,-0.20750471077941549,0.22908638435555437,-1.2002121433141226
0.37660825596657027,-0.5127797575784685,-0.3252156863343304,1.6254465548679973,1.3872610039548379,0.45996879760200804,0.8753171517733993,0.4600163079808662,0.1727019717648972,-0.4547059725262559,0.17288020814089905,0.24799429000078738,-1.676762341268206,0.24774083866161759,-1.1574552744315565,-1.0295070271804874,-1.1581881272320862,0.3373974549921968
0.7529153909449109,-0.6795015220289611,-0.3252156863343304,-0.6152155523078459,-0.5887911903435977,-1.2920024474537295,-0.27416343658976616,-1.2915185316088684,2.603385998104459,-2.6049651622987566,2.6037039694083766,1.1629613252642246,0.41715042549361914,1.1642482694956582,-1.3001451585574035,1.0254987638221924,-1.3035216474936484,-0.4314073441609629
-1.4045788495975753,-0.5127797575784685,-0.3252156863343304,-0.6152155523078459,-0.5887911903435977,-0.6865417965888788,0.3255655660344941,-0.686383812615876,2.337932322856291,-1.104784332224919,2.3380146992410777,0.4722312877021108,0.41715042549361914,0.47019409857279243,0.3051160378583733,1.0254987638221924,0.3083592135891339,-0.4314073441609629
0.226085401975234,-0.6795015220289611,-0.3252156863343304,-0.6152155523078459,-0.5887911903435977,-1.4649912048436868,-0.5240505210165413,-1.4647234601220687,0.6461603925433449,-0.35469391718800003,0.6459935576493337,0.07781442567388995,-2.1874727721857243,0.07867636112912436,0.3051160378583733,1.4364999220227281,0.3083592135891339,1.1062022541453564
0.050475405652008386,1.7498727599639314,-0.3252156863343304,-0.6152155523078459,-0.5887911903435977,-0.21910409045005796,1.0252494024294643,-0.2187305056302359,0.24203688694165731,1.1454869128858376,0.2427984371322936,0.15389483560826728,-1.370336082717695,0.15431046949892377,0.982892987456146,-0.6185058689799514,0.982178262074559,2.643811852451676
1.6058782302291497,-0.5127797575784685,-0.3252156863343304,-0.6152155523078459,-0.5887911903435977,0.6789652032339754,1.2751364868562394,0.6786875302287816,-0.19576357746017067,0.1953723871724071,-0.19535579788044502,0.48424398400753876,1.1832160718698967,0.48354129416746267,0.7688581612673758,1.4364999220227281,0.7707840507850142,-1.2002121433141226
1.1543096682551408,-0.5127797575784685,-0.3252156863343304,1.6254465548679973,2.192319305335682,1.172167192388322,1.2751364868562394,1.172321576491402,1.4484644110172833,0.4454025255180467,1.4477225834173226,1.6494755256340599,-0.451057307066162,1.6491963761020192,1.3752901688022245,1.4364999220227281,1.3785424082424567,0.3373974549921968
-0.4010931563220003,-0.6795015220289611,-0.3252156863343304,1.6254465548679973,1.6068223588768862,-0.12156787617699724,0.3255655660344941,-0.12130273334156105,0.921519055673906,0.04535430416502335,0.921005258348819,-0.8371526095895472,0.21286625312661184,-0.8378310697049158,0.4478059219842203,0.20349644742112044,0.4536927338506961,-0.4314073441609629
0.35152111363468086,-0.5127797575784685,-0.3252156863343304,-0.6152155523078459,-0.5887911903435977,0.3771550307663902,-0.4240956872458312,0.37666143613388914,0.8759561114148926,0.34539047017979085,0.8767237133209356,-0.19247124119824124,-0.19570209160740282,-0.1927166159625087,-0.5153507958652456,-0.6185058689799514,-0.510793355157854,-0.4314073441609629
-0.10004744833932785,-0.5127797575784685,-0.3252156863343304,-0.6152155523078459,-0.5887911903435977,-0.5172336510582826,0.3255655660344941,-0.5175090073155061,-0.8970367195336872,-0.20467583418061627,-0.8968686954274347,0.7905677397959544,0.6214345978606265,0.7905267928448845,1.5893249949909947,-0.20750471077941549,1.5899366195320022,-0.4314073441609629
0.025388263320119012,1.7498727599639314,-0.3252156863343304,-0.6152155523078459,-0.5887911903435977,-1.409782026953275,-1.5235988587236418,-1.409514389158486,1.4722363819350295,1.445523078900605,1.4733592673808338,-1.18952503454877,-0.39998626397441017,-1.189307220364572,0.3407885088898349,0.20349644742112044,0.3347834900003271,-0.4314073441609629
0.6525668216173534,-0.5127797575784685,-0.3252156863343304,1.6254465548679973,1.1676996490327896,-0.4583438613085095,-1.5735762756089966,-0.4579698131390935,-0.4651792478612961,0.24537841484153503,-0.4657062833138362,0.14188213930283936,0.11072416694310817,0.1409632739042536,-0.4440058538023224,-0.20750471077941549,-0.4447326641298708,-0.4314073441609629
1.9570982228756009,-0.5127797575784685,-0.3252156863343304,-0.6152155523078459,-0.5887911903435977,-0.16573521848932687,-2.323237528889322,-0.16568649627306858,-0.18982058473073443,0.3953964978489188,-0.19069458261435218,0.28203026286616667,0.3660793824018673,0.2833333602474056,1.0899104005505313,-0.20750471077941549,1.0878753677193318,-0.4314073441609629
-1.6052759882526904,-0.5127797575784685,-0.3252156863343304,-0.6152155523078459,-0.5887911903435977,0.48389277468785336,-0.5740279379018963,0.4838319856514319,-0.2908514611311562,-0.6047240555336396,-0.2909107108353503,2.133987609952992,-0.7064125225249211,2.1341444827083804,-0.6580406799910925,2.6695033966243362,-0.6561268754194162,-1.2002121433141226
-0.6770517219727835,-0.5127797575784685,-0.3252156863343304,-0.6152155523078459,-0.5887911903435977,0.14711678955634058,1.3251139037415944,0.14716490585389902,-0.7385569134153784,2.3956376046140355,-0.7383873763802742,-0.0903633226021029,-0.2978441777909065,-0.09038811640336807,-0.40833338277086084,0.20349644742112044,-0.4050962495130813,-1.2002121433141226
2.4588410695133884,-0.5127797575784685,-0.3252156863343304,1.6254465548679973,1.899570832106284,0.9366080333892308,1.0252494024294643,0.9363298613921668,0.3708017294127832,-0.054657751173232495,0.37098185694984925,1.9778225579824273,-0.2978441777909065,1.9784272007705581,-0.8007305641169394,-1.0295070271804874,-0.8014603956809784,-1.2002121433141226
-0.5014417256495578,-0.6795015220289611,-0.3252156863343304,-0.6152155523078459,-0.5887911903435977,-0.2485489853249447,0.07567848160771899,-0.24904136812004604,0.3351437730361635,0.5954206085254304,0.3360227424541524,0.3941487617168284,-1.6256912981764542,0.39455999020299304,1.0542379295190691,-1.0295070271804874,1.0482389531025422,1.8750070532985164
-0.7272260066365622,-0.5127797575784685,-0.3252156863343304,-0.6152155523078459,-0.5887911903435977,-0.24302806753590334,0.07567848160771899,-0.24254618330080116,1.1948967212279888,0.1453663595032792,1.1960169590483034,1.2450480833513156,-0.757483565616673,1.244331443063681,1.0899104005505313,0.20349644742112044,1.0878753677193318,-1.2002121433141226
0.37660825596657027,1.7498727599639314,-0.3252156863343304,-0.6152155523078459,-0.5887911903435977,-0.7785570930728987,1.2751364868562394,-0.7783989308885136,-1.598309861607204,-0.3046878895188721,-1.5983815929744252,-1.4057535680464746,-1.8299754705434614,-1.407311415077523,0.7688581612673758,-1.0295070271804874,0.7707840507850142,1.1062022541453564
0.6776539639492427,-0.5127797575784685,-0.3252156863343304,-0.6152155523078459,-0.5887911903435977,-0.5890055823158181,-0.32414085347512117,-0.5889560403272011,1.636659180782775,-0.8547541938792792,1.6365018016940873,-0.2445262585217627,1.2342871149616486,-0.2461053983411903,-1.193127745463018,0.20349644742112044,-1.1978245418488758,0.3373974549921968
0.828176817940579,-0.6795015220289611,-0.3252156863343304,-0.6152155523078459,-0.5887911903435977,0.07534485829880552,0.5254752335759142,0.07571787284220399,-1.5289749464304438,-0.40469994485712796,-1.5284633639830307,-0.7971102885714536,0.26393729621836365,-0.797789482920904,-1.4785075137147121,-1.0295070271804874,-1.475279444166404,-0.4314073441609629
1.4051810915740346,-0.6795015220289611,-0.3252156863343304,-0.6152155523078459,-0.5887911903435977,0.921885585951788,-0.5240505210165413,0.922256960950469,-1.0456115377696018,1.0454748575475818,-1.0460275839424096,0.81859736450862,0.41715042549361914,0.817221184034225,-0.2299710276135523,1.0254987638221924,-0.23333845284032595,1.1062022541453564
-0.7774002913003409,1.7498727599639314,3.074882430400277,-0.6152155523078459,-0.5887911903435977,0.8648361021316953,-0.1242311859337011,0.8648828283804715,0.5431485185664439,0.7454386915328143,0.5434468217952891,-2.5489618331130446,-0.3489152208826583,-2.550721171020962,2.623826654903385,-0.20750471077941549,2.620483399568535,0.3373974549921968
-0.17530887533499598,-0.5127797575784685,-0.3252156863343304,-0.6152155523078459,-0.5887911903435977,0.5961514363983574,-0.1242311859337011,0.5964151891850118,-0.22349754353087484,-0.5547180278645117,-0.2233230894770022,3.036941948911,-0.24677313469915466,3.03730471794775,-0.6580406799910925,0.20349644742112044,-0.6561268754194162,1.1062022541453564
0.7278282486130215,1.7498727599639314,-0.3252156863343304,-0.6152155523078459,-0.5887911903435977,-0.4693856968865923,0.9252945686587544,-0.469877651974376,-1.792447624102132,-0.10466377884236042,-1.791822026517283,0.5383011173819654,0.8767898133193857,0.536930076546145,-0.37266091173939925,0.20349644742112044,-0.3786719731018881,0.3373974549921968
-1.5300145612570222,1.7498727599639314,-0.3252156863343304,-0.6152155523078459,-0.5887911903435977,-0.18413827778613084,0.7253849011173342,-0.18408951992759587,-1.1743763802407277,1.1454869128858376,-1.174211003759966,1.0508428264135623,0.774647727135882,1.0530216395400707,0.09108121166960323,-0.6185058689799514,0.09696500229958847,1.8750070532985164
0.7027411062811321,1.7498727599639314,-0.3252156863343304,1.6254465548679973,2.0459450687209833,0.24097239197004122,0.12565589849307401,0.24134508573295163,-0.4691412430142536,-0.8547541938792792,-0.4680368909468826,0.3200704678333556,0.9278608564111375,0.3189258818331936,2.1957570025258435,0.20349644742112044,2.197694976989444,-0.4314073441609629
-0.8777488606278985,1.7498727599639314,-0.3252156863343304,-0.6152155523078459,-0.5887911903435977,0.51517797549242,-0.7739376054433164,0.5152253789444493,-0.07888472044791837,0.5954206085254304,-0.07882541622812109,1.2250269228422688,-0.8596256518001767,1.2265351822707866,-1.22880021649448,-0.6185058689799514,-1.2242488182600688,-0.4314073441609629
-1.5801888459208009,-0.5127797575784685,-0.3252156863343304,-0.6152155523078459,-0.5887911903435977,0.27041728684492744,-0.32414085347512117,0.2705734174195537,-0.2769844780958044,-0.2546818618497442,-0.2769270650370717,0.45621435929487375,-0.5021283501579138,0.45684690297812225,0.1980986247639886,0.20349644742112044,0.20266210794436118,1.1062022541453564
-0.12513459067121724,1.7498727599639314,-0.3252156863343304,-0.6152155523078459,-0.5887911903435977,-0.5466785459331688,1.0752268193148193,-0.5467373390021085,0.35297275122447336,0.7954447192019422,0.35233699588547784,0.237983709746264,-0.5531993932496656,0.2388427082651708,-0.1586260855506285,-1.4405081853810233,-0.15406562360674642,1.1062022541453564
0.00030112098822963846,-0.5127797575784685,-0.3252156863343304,-0.6152155523078459,-0.5887911903435977,-1.1245346078528136,-0.5740279379018963,-1.1248087879149136,-0.021435790730031316,-0.15466980651148834,-0.020560225401959117,-2.9473829272430754,-1.9831885998187169,-2.946687973662853,0.4478059219842203,0.20349644742112044,0.4536927338506961,-0.4314073441609629
0.5271311099579065,1.7498727599639314,-0.3252156863343304,1.6254465548679973,1.8263837137989347,1.6764110171207507,-0.22418601970441113,1.6767809307860966,0.3906117051775718,0.49540855318717464,0.38962671801422155,-0.6129156118882232,0.21286625312661184,-0.6109287445955172,0.5548233350786057,1.4364999220227281,0.5593898394954687,1.8750070532985164
0.7278282486130215,-0.5127797575784685,-0.3252156863343304,-0.6152155523078459,-0.5887911903435977,0.5041361399143376,-1.5235988587236418,0.5044000709123742,-0.011530802847637014,0.7454386915328143,-0.011237794869772572,-0.1264014115183873,0.008582080759604505,-0.12598063798915607,0.7688581612673758,-1.0295070271804874,0.7707840507850142,-0.4314073441609629
1.706226799556707,-0.6795015220289611,-0.3252156863343304,-0.6152155523078459,-0.5887911903435977,1.600958474003854,0.22561073226378406,1.601003774561572,-0.8415687873922796,-0.6047240555336396,-0.8409341122343196,1.7455770960774843,0.5703635547688747,1.7470758104629356,1.26827275570784,-0.6185058689799514,1.272845302597684,1.1062022541453564
-1.2289688532743497,-0.5127797575784685,-0.3252156863343304,1.6254465548679973,1.7531965954915851,-0.9128994259395679,-1.6235536924943517,-0.9126327504862435,0.921519055673906,-1.1547903598940468,0.921005258348819,1.7796130689428638,-0.6553414794331693,1.7782192668505004,1.1612553426134544,0.20349644742112044,1.1671481969529112,0.3373974549921968
0.2511725443071234,-0.5127797575784685,-0.3252156863343304,-0.6152155523078459,-0.5887911903435977,-0.616610171261024,-2.273260112003967,-0.6171018412105959,1.2048017091103833,-0.8547541938792792,1.2053393895804891,-0.7470573872988368,0.8257187702276338,-0.7488497657404458,-0.5510232668967078,-0.6185058689799514,-0.5504297697746435,1.1062022541453564
0.35152111363468086,1.7498727599639314,-0.3252156863343304,1.6254465548679973,1.1676996490327896,-0.6920627143779202,1.1751816530855295,-0.6917964666319135,-0.3423573981196064,1.445523078900605,-0.34218407876237295,-0.7150235304843615,0.7235766840441301,-0.7132572441546577,-0.2299710276135523,-0.20750471077941549,-0.23333845284032595,-0.4314073441609629
0.6776539639492427,-0.5127797575784685,-0.3252156863343304,-0.6152155523078459,-0.5887911903435977,-0.0056286026071320425,-0.32414085347512117,-0.005471937398358518,1.3811104934170013,-0.40469994485712796,1.3801349620589751,-0.1904691251473367,-0.6042704363414175,-0.1927166159625087,-0.8364030351484011,-0.20750471077941549,-0.8410968102977684,-1.2002121433141226
1.7814882265523753,-0.6795015220289611,-0.3252156863343304,-0.6152155523078459,-0.5887911903435977,1.6616885696833072,0.07567848160771899,1.6616254995411914,1.1077328278629195,0.5454145808563026,1.1074538689925366,-0.6409452366008888,0.21286625312661184,-0.6420722009830817,0.6261682771415289,0.20349644742112044,0.625450530523452,0.3373974549921968
-0.12513459067121724,-0.5127797575784685,-0.3252156863343304,1.6254465548679973,2.704629133487128,1.2715437125910634,1.1751816530855295,1.2719144103864912,-1.196167353581995,-1.1547903598940468,-1.1951864724573842,1.2630671278094583,0.11072416694310817,1.2621277038565746,0.01973626960668006,-1.0295070271804874,0.017692173066008943,1.1062022541453564
-0.6770517219727835,1.7498727599639314,-0.3252156863343304,-0.6152155523078459,-0.5887911903435977,-1.0251580876500719,0.07567848160771899,-1.0252159540198238,1.2166876945692569,0.04535430416502335,1.2169924277457216,1.3551644661510727,-0.09356000542389915,1.3555580730192685,0.5191508640471435,-1.0295070271804874,0.5197534248786793,0.3373974549921968
-0.3509188716582216,-0.5127797575784685,-0.3252156863343304,1.6254465548679973,0.9481382941107411,0.6311172490622852,0.6254300673466242,0.6310561748876518,-0.4097113157198878,0.6954326638636863,-0.40977170012072067,-1.3216646939084784,-0.9106966948919285,-1.3227791763112768,0.1267536827010648,0.20349644742112044,0.12338927871078165,-1.2002121433141226
0.47695682529412775,-0.5127797575784685,-0.3252156863343304,1.6254465548679973,1.09451253072544,0.7765014175070366,0.6754074842319793,0.7761153025174564,1.0700938739098205,-0.8047481662101513,1.070164146863793,1.0007899251409453,0.8767898133193857,0.9996328571613883,-1.086110332368633,0.20349644742112044,-1.0921274362041034,0.3373974549921968
-0.8526617182960091,1.7498727599639314,-0.3252156863343304,1.6254465548679973,1.9727579504136337,1.2089733109819298,-0.5740279379018963,1.2091276238004565,-1.0396685450401655,0.09536033183415127,-1.0390357610432701,1.4712871971035442,1.8471396320626705,1.4712337681730792,-0.979092919274248,0.6144976056216563,-0.9732181923537343,-0.4314073441609629
-0.20039601766688536,-0.5127797575784685,-0.3252156863343304,-0.6152155523078459,-0.5887911903435977,0.19312443779835048,-1.6235536924943517,0.1926311995886138,1.218668692145735,-1.8048687195927098,1.2193230353787676,-1.4117599161991887,-0.39998626397441017,-1.4117604802757469,-0.5153507958652456,-0.20750471077941549,-0.510793355157854,-1.2002121433141226
0.7278282486130215,-0.5127797575784685,-0.3252156863343304,-0.6152155523078459,-0.5887911903435977,-0.5393173222144471,0.9252945686587544,-0.5391596233796561,0.5906924604019366,-0.054657751173232495,0.5900589744562186,-0.2845685795398562,-1.2171229534424395,-0.2861469851252017,0.7331856902359142,-0.20750471077941549,0.7311476361682241,-0.4314073441609629
-0.25057030233066413,1.7498727599639314,-0.3252156863343304,1.6254465548679973,1.09451253072544,0.9697335401234782,-0.17420860281905612,0.9698883162915988,-0.2908514611311562,-0.6047240555336396,-0.2909107108353503,-0.20047970540186008,1.4385712873286558,-0.2016147463589555,0.7331856902359142,-0.6185058689799514,0.7311476361682241,1.1062022541453564
-0.07496030600743848,1.7498727599639314,-0.3252156863343304,-0.6152155523078459,-0.5887911903435977,0.1379152599079386,1.3251139037415944,0.13742212862503153,-0.10067569378918573,-0.6047240555336396,-0.09980088492553936,-0.37466380183056663,1.4896423304204076,-0.3751282890896721,-1.835232224029329,-0.20750471077941549,-1.8320071757175116,-0.4314073441609629
-1.7056245575802478,-0.5127797575784685,-0.3252156863343304,1.6254465548679973,1.5336352405695368,-0.4104959071368193,-0.07425376904834607,-0.41033845779796335,-1.6399108107132598,-1.004772276886663,-1.6403325303692617,1.575397231750587,-1.063909824167184,1.5735622677322199,1.3039452267393015,2.6695033966243362,1.299269579008877,1.8750070532985164
-0.8526617182960091,-0.5127797575784685,3.074882430400277,-0.6152155523078459,-0.5887911903435977,-1.0822075714701642,-2.123327861347902,-1.082590086589821,0.6798373513434853,-0.6047240555336396,0.6809526721450314,-2.1104984179649207,1.5407133735121594,-2.1102637163968354,0.4121334509527587,2.6695033966243362,0.4140563192339066,0.3373974549921968
-0.6770517219727835,1.7498727599639314,-0.3252156863343304,1.6254465548679973,1.3872610039548379,-0.47122600281627264,1.0752268193148193,-0.4709601827775836,-0.10661868651862197,2.4956496599522917,-0.10679270782467824,1.5253443304779701,-0.7064125225249211,1.5246225505517608,1.0542379295190691,-1.0295070271804874,1.0482389531025422,1.8750070532985164
-1.379491707265686,-0.5127797575784685,-0.3252156863343304,-0.6152155523078459,-0.5887911903435977,0.6329575549919654,-1.4236440249529316,0.6332212364940664,-0.7187469376505898,0.1953723871724071,-0.7197425153159024,-0.4607547920194679,0.6725056409523783,-0.4596605278559183,-0.7293856220540164,-0.6185058689799514,-0.7353997046529958,0.3373974549921968
-0.9530102876235665,-0.5127797575784685,-0.3252156863343304,1.6254465548679973,1.7531965954915851,-2.738482908182521,0.6254300673466242,-2.738862215497296,-0.2710414853663676,0.6454266361945584,-0.269935242137932,0.6063730631127244,0.059653123851356335,0.608115119717721,-0.5866957379281693,1.0254987638221924,-0.5900661843914335,-0.4314073441609629
-1.053358856951124,-0.6795015220289611,-0.3252156863343304,-0.6152155523078459,-0.5887911903435977,-0.5429979340738083,-1.5235988587236418,-0.543489746592486,-0.296794453860593,-0.10466377884236042,-0.29790253373449,0.23998582579716857,1.4385712873286558,0.2388427082651708,0.6618407481729904,-1.0295070271804874,0.6650869451402415,-0.4314073441609629
0.050475405652008386,1.7498727599639314,-0.3252156863343304,1.6254465548679973,2.0459450687209833,-1.7023906697724578,-0.4240956872458312,-1.7028802368277185,-0.6216780564031256,0.49540855318717464,-0.6218569947279503,-0.6769833255171731,-1.0128387810754322,-0.6776647225688698,0.2337710957954502,0.20349644742112044,0.22908638435555437,3.4126166516048357
-0.5516160103133366,-0.5127797575784685,-0.3252156863343304,-0.6152155523078459,-0.5887911903435977,1.6304033688787407,0.6754074842319793,1.630232106248174,-0.3007564490135505,0.5454145808563026,-0.3002331413675364,1.283088288318505,-0.6042704363414175,1.2843730298476923,-1.4071625716517886,1.0254987638221924,-1.409218753138421,-0.4314073441609629
-0.17530887533499598,-0.5127797575784685,-0.3252156863343304,-0.6152155523078459,-0.5887911903435977,1.3414753379189182,0.17563331537842902,1.3411963817917714,-0.6276210491325624,1.2454989682240936,-0.6265182099940435,-0.5928944513791764,0.3150083393101155,-0.5931324838026232,0.3051160378583733,1.0254987638221924,0.3083592135891339,0.3373974549921968
0.9536125296000258,-0.5127797575784685,-0.3252156863343304,-0.6152155523078459,-0.5887911903435977,0.5777483771015535,0.12565589849307401,0.5780121655304841,0.12317703235292571,0.3953964978489188,0.1239374478469228,-0.132407759671101,-1.5235492119929503,-0.13042970318737948,-1.6568698688720207,-0.20750471077941549,-1.6602493790447561,-1.2002121433141226
0.20099825964334464,-0.6795015220289611,-0.3252156863343304,-0.6152155523078459,-0.5887911903435977,1.564152355410246,-1.5735762756089966,1.5641977272525165,2.0665356548786873,0.9954688298784539,2.067664213807686,-0.06233369788943734,-0.7064125225249211,-0.06369372521402686,-0.26564349864501385,1.847501080223264,-0.2597627292515191,-0.4314073441609629
-0.6268774373090047,-0.6795015220289611,-0.3252156863343304,1.6254465548679973,1.3140738856474885,0.6421590846403674,0.4754978166905591,0.6418814829197261,0.08950007355278475,-0.6547300832027676,0.08897833335122596,-1.319662577857574,2.0514238044296778,-1.3183301111130534,-0.7650580930854779,-1.0295070271804874,-0.7618239810641889,-0.4314073441609629
-0.37600601399011097,1.7498727599639314,-0.3252156863343304,-0.6152155523078459,-0.5887911903435977,0.6734442854449344,-0.22418601970441113,0.6732748762127444,1.2998895927813687,-1.1547903598940468,1.3008943025353947,0.2700175665607387,0.5192925116771229,0.2699861646527354,-2.0492670502180994,-0.6185058689799514,-2.043401387007057,-1.2002121433141226
0.828176817940579,-0.5127797575784685,-0.3252156863343304,-0.6152155523078459,-0.5887911903435977,0.45996879760200804,0.3755429829198491,0.4600163079808662,-1.1406994214405872,0.24537841484153503,-1.1415824968973152,-0.6950023699753147,-0.8085546087084248,-0.6954609833617638,0.2694435668269118,-0.20750471077941549,0.2687227989723444,3.4126166516048357
-1.655450272916469,1.7498727599639314,-0.3252156863343304,1.6254465548679973,1.3872610039548379,1.1408819915837547,-0.6739827716726063,1.1409281831983844,-1.1624903947818546,0.04535430416502335,-1.1625579655947333,1.7696024886883404,-1.6256912981764542,1.7693211364540535,-0.30131596967647545,-0.20750471077941549,-0.29939914386830857,-0.4314073441609629
-0.25057030233066413,-0.5127797575784685,-0.3252156863343304,1.6254465548679973,0.8749511758033917,-0.6184504771907043,-0.1242311859337011,-0.6181843720138036,1.5197803237705216,0.1953723871724071,1.5199714200417633,-1.257596980279529,0.008582080759604505,-1.2560431983379243,-1.4428350426832501,-0.6185058689799514,-1.4488551677552108,-0.4314073441609629
-1.1286202839467923,1.7498727599639314,-0.3252156863343304,-0.6152155523078459,-0.5887911903435977,1.3525171734970005,-0.27416343658976616,1.3520216898238464,-0.251231509601579,0.7954447192019422,-0.25129038107356017,-1.1715059900906277,1.6939265027874149,-1.171510959571678,-2.0849395212495607,-0.20750471077941549,-2.0830378016238464,-0.4314073441609629
0.17591111731145526,1.7498727599639314,-0.3252156863343304,-0.6152155523078459,-0.5887911903435977,0.1415958717672997,0.025701064722363966,0.14175225183786141,-0.01549279800059451,1.2955049958932214,-0.015899010135866257,0.3120620036297368,0.3660793824018673,0.3100277514367468,0.840203103330299,1.4364999220227281,0.8368447418129968,-0.4314073441609629
0.30134682897090215,-0.5127797575784685,-0.3252156863343304,-0.6152155523078459,-0.5887911903435977,1.1040758729901468,-2.673079447086807,1.104122135889329,1.6287351904768588,0.49540855318717464,1.6295099787949483,0.7585338829814797,-0.6042704363414175,0.7593833364573199,-0.5510232668967078,-0.6185058689799514,-0.5504297697746435,0.3373974549921968
1.7564010842204858,-0.5127797575784685,-0.3252156863343304,-0.6152155523078459,-0.5887911903435977,0.9476498689673132,1.7249332388244347,0.9471551694242413,-0.2373645265662272,-1.3048084429014306,-0.2373067352752816,0.12786732694650685,1.2342871149616486,0.12761607830958338,0.7331856902359142,-1.4405081853810233,0.7311476361682241,-0.4314073441609629
-2.508413112200708,-0.5127797575784685,-0.3252156863343304,-0.6152155523078459,-0.5887911903435977,0.301702487649494,0.3255655660344941,0.30196681071257186,1.8981508608779842,-0.9047602215484072,1.8975298565952932,0.2199646652881218,-0.451057307066162,0.2210464474722764,-1.1574552744315565,-1.0295070271804874,-1.1581881272320862,-0.4314073441609629
-0.3509188716582216,-0.5127797575784685,-0.3252156863343304,-0.6152155523078459,-0.5887911903435977,0.4618091035316888,0.025701064722363966,0.46218136958728157,-0.7861008552508713,-1.004772276886663,-0.7849995290412041,1.705534775059391,-0.5531993932496656,1.7070342236789242,-0.26564349864501385,-0.6185058689799514,-0.2597627292515191,-1.2002121433141226
0.6023925369535746,-0.6795015220289611,-0.3252156863343304,1.6254465548679973,1.09451253072544,-1.0895687951888857,0.17563331537842902,-1.0890852714090662,0.5372055258370076,0.7454386915328143,0.5364549988961494,-0.8411568416913563,0.008582080759604505,-0.8422801349031392,-0.015936201424782154,-0.6185058689799514,-0.02194424155078053,-0.4314073441609629
1.1793968105870303,-0.5127797575784685,-0.3252156863343304,-0.6152155523078459,-0.5887911903435977,-0.0258719678336163,-0.1242311859337011,-0.02604002265930116,1.6227921977474231,0.49540855318717464,1.6225181558958086,-0.39068073023780425,-0.09356000542389915,-0.38847548468434234,0.4121334509527587,-0.20750471077941549,0.4140563192339066,-0.4314073441609629
-0.17530887533499598,-0.5127797575784685,-0.3252156863343304,-0.6152155523078459,-0.5887911903435977,1.006539658717086,0.12565589849307401,1.0066943636006542,1.5574192777236207,0.4454025255180467,1.557261142170507,0.6744450088434829,1.081073985686393,0.6748510976910729,-2.941078826004642,-1.0295070271804874,-2.941826784987624,-0.4314073441609629
-0.7523131489684516,-0.5127797575784685,-0.3252156863343304,-0.6152155523078459,-0.5887911903435977,0.33482799438374133,0.3755429829198491,0.33444273480879655,-0.3799963520727049,0.4454025255180467,-0.37947380089111665,1.6194437848704897,-2.238543815277476,1.6180529197144546,-1.2644726875259416,0.20349644742112044,-1.2638852328768586,1.1062022541453564
-0.024786021343659734,1.7498727599639314,3.074882430400277,-0.6152155523078459,-0.5887911903435977,-2.046527878622692,0.4754978166905591,-2.046042501444496,2.702435876928402,0.7454386915328143,2.701589489996328,0.09383135408112701,-0.04248896233214733,0.09202355672379536,0.6618407481729904,1.847501080223264,0.6650869451402415,-1.2002121433141226
0.828176817940579,1.7498727599639314,-0.3252156863343304,1.6254465548679973,1.899570832106284,1.2420988177161767,0.22561073226378406,1.2416035478966818,0.49164258157799356,1.6455471895771168,0.4921734538682669,-0.2845685795398562,-1.2171229534424395,-0.2861469851252017,-1.4785075137147121,0.20349644742112044,-1.475279444166404,0.3373974549921968
-1.454753134261354,-0.5127797575784685,-0.3252156863343304,-0.6152155523078459,-0.5887911903435977,0.3716341129773493,0.3755429829198491,0.3712487821178512,1.7376900571831961,-1.004772276886663,1.7367179299150866,-0.3986891944414231,0.16179521003486,-0.3973736150807891,0.3764609799212971,1.0254987638221924,0.37441990461711655,-0.4314073441609629
1.831662511216154,-0.5127797575784685,-0.3252156863343304,-0.6152155523078459,-0.5887911903435977,0.1949647437280313,-0.1242311859337011,0.19479626119502916,1.0304739223802433,-1.5048325535779423,1.0305438171020032,0.40215722592044717,-0.14463104851565098,0.4034581205994398,-1.086110332368633,1.847501080223264,-1.0921274362041034,0.3373974549921968
0.3264339713027915,-0.5127797575784685,-0.3252156863343304,1.6254465548679973,1.240886767340139,-0.9331427911660521,-1.1737569405261565,-0.933200835747186,1.7693860184068584,0.49540855318717464,1.7693464367777365,-0.46876325622308673,0.5192925116771229,-0.46855865825236553,0.4834783930156819,0.20349644742112044,0.48011701026188924,-0.4314073441609629
-0.2756574446625535,-0.5127797575784685,-0.3252156863343304,-0.6152155523078459,-0.5887911903435977,0.6476800024294088,-0.17420860281905612,0.6472941369357641,-1.641891808289739,0.8454507468710701,-1.6426631380023082,-1.337681622315716,-1.1149808672589359,-1.3361263719059475,0.5548233350786057,-1.0295070271804874,0.5593898394954687,0.3373974549921968
0.10064969031578713,-0.5127797575784685,-0.3252156863343304,1.6254465548679973,1.899570832106284,0.713931015897903,-1.9733956106918369,0.7144110467346289,-0.07888472044791837,-1.3048084429014306,-0.07882541622812109,-0.9893134294583024,0.16179521003486,-0.9890992864445146,-0.12295361451916689,-0.20750471077941549,-0.12764134719555323,0.3373974549921968
0.17591111731145526,-0.5127797575784685,-0.3252156863343304,-0.6152155523078459,-0.5887911903435977,0.6605621439371714,-1.1237795236408015,0.6602845065742539,-0.10661868651862197,0.9454628022093259,-0.10679270782467824,-0.12239717941657761,-1.7789044274517096,-0.12153157279093267,-2.370319289501255,0.20349644742112044,-2.3737048421469713,-0.4314073441609629
0.27625968663901274,-0.5127797575784685,-0.3252156863343304,1.6254465548679973,1.3872610039548379,0.6127141897654812,1.0252494024294643,0.6126531512331241,0.5055095646133454,0.04535430416502335,0.5061570996665454,-0.21449451775819256,-0.04248896233214733,-0.21496194195362647,0.3051160378583733,-0.6185058689799514,0.3083592135891339,1.8750070532985164
0.6525668216173534,-0.5127797575784685,3.074882430400277,1.6254465548679973,1.4604481222621875,-1.5422840538902634,0.8253397348880442,-1.5426656779530086,-0.8158158188980541,1.545535134238861,-0.815297428270808,-0.9552774565929225,1.642855459695663,-0.9535067648587267,0.05540874063814164,-0.6185058689799514,0.057328587682799005,-0.4314073441609629
-0.9279231452916772,-0.6795015220289611,-0.3252156863343304,-0.6152155523078459,-0.5887911903435977,-1.2128692924774724,-0.17420860281905612,-1.2124937829747209,-0.16604861381298777,-0.15466980651148834,-0.16505789865084022,0.2880366110188809,-0.5531993932496656,0.287782425445629,0.05540874063814164,-1.4405081853810233,0.057328587682799005,1.1062022541453564
-0.1502217330031066,1.7498727599639314,-0.3252156863343304,-0.6152155523078459,-0.5887911903435977,-0.4252183545742627,-0.6240053547872513,-0.42549388904286845,0.9294430459798215,-1.2548024152323025,0.9303276888810047,-0.16444161648557568,0.774647727135882,-0.16602222477316747,0.7331856902359142,0.20349644742112044,0.7311476361682241,1.1062022541453564
0.35152111363468086,1.7498727599639314,-0.3252156863343304,-0.6152155523078459,-0.5887911903435977,-1.2883218355943686,2.37463965833405,-1.2882709391992462,0.4579656227778532,-0.6547300832027676,0.4572143393725692,0.7965740879486686,-0.19570209160740282,0.7949758580431079,1.839032292211227,1.4364999220227281,1.840967245438337,1.1062022541453564
0.8030896756086896,-0.6795015220289611,-0.3252156863343304,-0.6152155523078459,-0.5887911903435977,0.7617789700695932,1.6249784050537246,0.7620424020757594,-0.8019488358627024,1.9955893832610123,-0.8013137824725295,-0.7750870120115018,-0.8085546087084248,-0.7755441569297866,-0.6580406799910925,-0.6185058689799514,-0.6561268754194162,1.8750070532985164
-0.32583172932633225,-0.5127797575784685,-0.3252156863343304,-0.6152155523078459,-0.5887911903435977,-1.729995258717664,0.5754526504612691,-1.729943506907906,0.4143836760953179,-1.5048325535779423,0.41526340197773265,-0.1984775893509555,-1.2681939965341913,-0.19716568116073208,0.4834783930156819,-0.6185058689799514,0.48011701026188924,1.8750070532985164
-1.655450272916469,-0.6795015220289611,-0.3252156863343304,-0.6152155523078459,-0.5887911903435977,-0.3884122359806548,-1.6735311093797067,-0.38868784173381343,-1.3922861136534024,-0.20467583418061627,-1.3932881212663348,0.5863519026036776,-1.0128387810754322,0.5858697937266033,-1.193127745463018,0.20349644742112044,-1.1978245418488758,0.3373974549921968
-0.9279231452916772,1.7498727599639314,-0.3252156863343304,1.6254465548679973,2.1191321870283324,-0.46202447316787065,-0.4240956872458312,-0.4622999363519234,-2.3233549745984665,0.1453663595032792,-2.32320056685188,-0.6930002539244101,-0.04248896233214733,-0.6910119181635404,1.0899104005505313,-0.6185058689799514,1.0878753677193318,-0.4314073441609629
3.0107582008149545,1.7498727599639314,-0.3252156863343304,1.6254465548679973,1.1676996490327896,0.014614762619352217,-0.7739376054433164,0.015096147862584123,0.46390861550728946,-0.40469994485712796,0.4642061622717089,0.1038419343356504,0.16179521003486,0.10537075231846557,-2.798388941878795,-0.6185058689799514,-2.796493264726062,-1.2002121433141226
0.7529153909449109,-0.5127797575784685,-0.3252156863343304,1.6254465548679973,1.1676996490327896,-0.8061616820181046,-2.023373027577192,-0.8065447317719084,0.6441793949668656,-1.104784332224919,0.6436629500162877,0.2019456208299796,1.081073985686393,0.20325018667938277,-0.30131596967647545,-0.20750471077941549,-0.29939914386830857,-0.4314073441609629
-0.9530102876235665,-0.6795015220289611,3.074882430400277,1.6254465548679973,0.9481382941107411,-0.5190739569879629,-0.07425376904834607,-0.5185915381187134,-1.0475925353460807,-0.5547180278645117,-1.0483581915754558,0.1979413887281705,0.7235766840441301,0.1988011214811594,-0.08728114348770531,-0.20750471077941549,-0.08800493257876318,-0.4314073441609629
-1.454753134261354,-0.5127797575784685,-0.3252156863343304,-0.6152155523078459,-0.5887911903435977,-0.2080622548719757,1.2251590699708845,-0.20790519759816115,0.8541651380736253,-0.5547180278645117,0.8534176369904705,0.2840323789170712,0.11072416694310817,0.2833333602474056,0.3051160378583733,-1.0295070271804874,0.3083592135891339,-0.4314073441609629
-0.8777488606278985,1.7498727599639314,-0.3252156863343304,-0.6152155523078459,-0.5887911903435977,-1.1355764434308957,1.6249784050537246,-1.1356340959469886,0.9393480338622159,-0.054657751173232495,0.9396501194131904,0.2780260307643575,1.1321450287781447,0.2788842950491822,-1.7638872819664058,0.20349644742112044,-1.7659464846895288,-0.4314073441609629
-1.329317422601907,1.7498727599639314,-0.3252156863343304,1.6254465548679973,2.5582548968724295,-0.1418112414034815,0.5254752335759142,-0.1418708186025037,-0.009549805271158267,-1.8048687195927098,-0.008907187236726557,0.6524217322835316,-0.19570209160740282,0.6526057716999558,-0.8007305641169394,0.20349644742112044,-0.8014603956809784,-0.4314073441609629
-0.7774002913003409,1.7498727599639314,-0.3252156863343304,-0.6152155523078459,-0.5887911903435977,-0.9828310512674229,-0.07425376904834607,-0.9829972526947311,-1.1704143850877702,0.2953844425106629,-1.169549788493873,1.108904191889798,-0.19570209160740282,1.1108594871169757,-0.2299710276135523,-1.0295070271804874,-0.23333845284032595,-1.2002121433141226
-1.379491707265686,-0.6795015220289611,-0.3252156863343304,-0.6152155523078459,-0.5887911903435977,0.5611856237344298,-0.4240956872458312,0.5606916726791636,0.5273005379546133,-1.1547903598940468,0.5271325683639637,-0.008276564515011324,0.8257187702276338,-0.01030494283534525,1.0185654584876076,1.0254987638221924,1.0218146766913492,-0.4314073441609629
2.3334053578539415,-0.6795015220289611,-0.3252156863343304,-0.6152155523078459,-0.5887911903435977,-0.3203209165824798,-0.6240053547872513,-0.32048840113174104,0.2578848675534879,0.895456774540198,0.25678208293057214,-0.16844584858738537,-0.9617677379836803,-0.17047128997139088,0.2337710957954502,-1.0295070271804874,0.22908638435555437,-1.2002121433141226
1.5306168032334815,-0.6795015220289611,-0.3252156863343304,-0.6152155523078459,-0.5887911903435977,0.6973682625307793,-0.6739827716726063,0.6970905538833092,1.5514762849941839,-1.4548265259088142,1.5525999269044142,1.0047941572427543,-1.7789044274517096,1.0040819223596118,0.05540874063814164,-0.20750471077941549,0.057328587682799005,0.3373974549921968
0.8532639602724683,-0.5127797575784685,3.074882430400277,-0.6152155523078459,-0.5887911903435977,0.11583158875177403,0.3255655660344941,0.1157715125608816,-2.6680485529057885,-0.3046878895188721,-2.668130496542759,0.2519985221025965,0.26393729621836365,0.25218990385984097,0.9472205164246843,-0.20750471077941549,0.9425418474577696,-0.4314073441609629
0.10064969031578713,-0.5127797575784685,3.074882430400277,-0.6152155523078459,-0.5887911903435977,0.8961213029362624,-0.024276352162991052,0.8962762216734889,-1.10107946991101,0.3953964978489188,-1.101962167135525,0.8966798904939024,2.0514238044296778,0.8973043576022477,-0.9077479772113245,1.0254987638221924,-0.9071575013257511,-1.2002121433141226
0.4016953982984596,-0.5127797575784685,-0.3252156863343304,-0.6152155523078459,-0.5887911903435977,-0.8282453531742697,1.0252494024294643,-0.8281953478360587,-0.4097113157198878,-0.8547541938792792,-0.40977170012072067,0.0077403638922263086,0.21286625312661184,0.0074913179575483565,-0.9077479772113245,-0.6185058689799514,-0.9071575013257511,-0.4314073441609629
-0.20039601766688536,-0.5127797575784685,-0.3252156863343304,-0.6152155523078459,-0.5887911903435977,1.6911334645581941,-1.4736214418382867,1.6908538312277943,0.5689014870606692,0.3953964978489188,0.5690835057588003,-2.466875075025953,1.081073985686393,-2.4661889322547155,0.2337710957954502,-0.6185058689799514,0.22908638435555437,0.3373974549921968
-1.1537074262786815,-0.6795015220289611,-0.3252156863343304,1.6254465548679973,0.8749511758033917,0.17656168443122733,-0.27416343658976616,0.17639323754050146,-1.6260438276779081,0.6454266361945584,-1.6263488845709828,0.994783576988231,0.11072416694310817,0.995183791963165,0.8045306322988374,-0.20750471077941549,0.8104204654018037,0.3373974549921968
-0.7774002913003409,-0.5127797575784685,-0.3252156863343304,-0.6152155523078459,-0.5887911903435977,0.3237861588056591,-0.47407310413118625,0.3236174267767214,2.0823836354905185,-0.9547662492175351,2.081647859605965,-0.5908923353282718,0.26393729621836365,-0.5931324838026232,-1.2644726875259416,0.6144976056216563,-1.2638852328768586,-0.4314073441609629
0.5773053946216853,1.7498727599639314,-0.3252156863343304,-0.6152155523078459,-0.5887911903435977,0.09374791759560948,-1.3236891911822215,0.09412089649673168,-0.5067801969673521,-0.8047481662101513,-0.5076572207086728,-0.8471631898440706,-0.24677313469915466,-0.8467292001013625,0.09108121166960323,0.6144976056216563,0.09696500229958847,-0.4314073441609629
0.30134682897090215,-0.5127797575784685,-0.3252156863343304,1.6254465548679973,1.7531965954915851,0.012774456689671925,-0.5740279379018963,0.012931086256169169,-1.4120960894181909,1.1954929405549655,-1.4119329823307067,-0.6729790934153634,1.2342871149616486,-0.6732156573706464,-0.6580406799910925,-1.0295070271804874,-0.6561268754194162,-0.4314073441609629
1.6058782302291497,-0.5127797575784685,-0.3252156863343304,1.6254465548679973,1.8263837137989347,-1.2533560229304412,1.9748203232512098,-1.2536299534966062,0.24996087724757288,0.5454145808563026,0.24979026003143245,1.3431517698456452,0.774647727135882,1.3422108774245973,2.0530671183999973,-0.6185058689799514,2.0523614567278825,-1.2002121433141226
0.426782540630349,-0.5127797575784685,-0.3252156863343304,1.6254465548679973,2.48506777856508,-0.5706025230190142,0.22561073226378406,-0.5705530166726734,-0.6612980079327028,0.24537841484153503,-0.6614773244897404,1.4032152513727856,0.26393729621836365,1.4044977901997266,0.05540874063814164,1.0254987638221924,0.057328587682799005,-1.2002121433141226
-0.30074458699444284,-0.6795015220289611,-0.3252156863343304,-0.6152155523078459,-0.5887911903435977,0.22809025046227813,-0.8738924392140264,0.22835471609446112,-0.734594918262421,-0.6047240555336396,-0.7337261611141813,-0.6169198439900329,1.9492817182461741,-0.6153778097937409,-1.4785075137147121,-0.6185058689799514,-1.475279444166404,-1.2002121433141226
-0.20039601766688536,-0.5127797575784685,-0.3252156863343304,-0.6152155523078459,-0.5887911903435977,-0.007468908536812334,-0.3741182703604762,-0.007636999004773472,-0.43744528179059194,-0.10466377884236042,-0.43773899171727865,0.49425456426206216,1.5917844166039112,0.4924394245639102,0.4478059219842203,0.6144976056216563,0.4536927338506961,1.1062022541453564
-0.8526617182960091,1.7498727599639314,-0.3252156863343304,-0.6152155523078459,-0.5887911903435977,-0.9331427911660521,-1.1237795236408015,-0.933200835747186,-0.251231509601579,0.7954447192019422,-0.25129038107356017,0.6904619372507206,0.11072416694310817,0.6926473584839673,0.3407885088898349,-0.6185058689799514,0.3347834900003271,0.3373974549921968
0.025388263320119012,1.7498727599639314,-0.3252156863343304,-0.6152155523078459,-0.5887911903435977,0.2943412639307723,0.7753623180026893,0.29438909509011935,0.16675897903546041,-0.6547300832027676,0.16588838524175936,0.011744595994035432,-1.370336082717695,0.01194038315577255,-0.6937131510225542,-0.6185058689799514,-0.6957632900362056,-0.4314073441609629
2.308318215522052,-0.5127797575784685,-0.3252156863343304,-0.6152155523078459,-0.5887911903435977,-0.16205460662996576,1.1751816530855295,-0.16243890386344595,-1.3546471597003038,-0.2546818618497442,-1.3536677915045447,-1.7541217609038882,-0.5531993932496656,-1.754338500538956,0.4834783930156819,-0.6185058689799514,0.48011701026188924,-0.4314073441609629
0.5522182522897958,-0.5127797575784685,-0.3252156863343304,-0.6152155523078459,-0.5887911903435977,-0.3055984691450369,0.9252945686587544,-0.305332969886836,0.9651010023564413,-2.454947079291373,0.9652868033767016,-0.6469515847536029,-1.1660519103506877,-0.6465212661813051,-0.4440058538023224,2.2585022384238003,-0.4447326641298708,-0.4314073441609629
-0.5265288679814473,-0.5127797575784685,-0.3252156863343304,-0.6152155523078459,-0.5887911903435977,0.32746677066501967,0.6754074842319793,0.32794754998955133,0.12317703235292571,0.9454628022093259,0.1239374478469228,-0.739048923095218,0.468221468585371,-0.7399516353439985,0.3764609799212971,-0.20750471077941549,0.37441990461711655,-0.4314073441609629
1.2797453799145877,-0.5127797575784685,-0.3252156863343304,-0.6152155523078459,-0.5887911903435977,0.32010554694629795,1.2751364868562394,0.32036983436709876,-1.3982291063828391,-1.2047963875631746,-1.3979493365324278,-2.4508581466187156,0.008582080759604505,-2.4528417366600452,-1.0147653903057097,-0.20750471077941549,-1.0128546069705238,1.1062022541453564
0.30134682897090215,1.7498727599639314,-0.3252156863343304,-0.6152155523078459,-0.5887911903435977,-1.9729156414354763,-0.6240053547872513,-1.9724304068263858,0.06572810263503864,0.5954206085254304,0.06567225702076084,-1.6540159583586544,0.9278608564111375,-1.6520100009798158,-1.3001451585574035,-0.6185058689799514,-1.3035216474936484,-0.4314073441609629
0.8783511026043578,-0.5127797575784685,-0.3252156863343304,1.6254465548679973,0.5822027025739938,-1.6435008800226851,0.22561073226378406,-1.6433410426513062,0.012241168070109646,0.4454025255180467,0.01206828146069172,0.5322947692292511,0.774647727135882,0.5324810113479217,1.0185654584876076,-0.20750471077941549,1.0218146766913492,-1.2002121433141226
1.5306168032334815,-0.5127797575784685,-0.3252156863343304,-0.6152155523078459,-0.5887911903435977,-1.1889453153916274,-0.5740279379018963,-1.188678105304156,-0.07690372287143907,0.5454145808563026,-0.07649480859507425,0.237983709746264,-0.09356000542389915,0.2388427082651708,0.4121334509527587,-0.6185058689799514,0.4140563192339066,0.3373974549921968
0.9034382449362471,-0.5127797575784685,-0.3252156863343304,-0.6152155523078459,-0.5887911903435977,-0.7104657736747242,-0.47407310413118625,-0.7101994902864412,-1.0594785208049542,-0.004651723504104576,-1.0600112297406885,1.0848787992789415,-1.2681939965341913,1.0841650959276354,-0.8007305641169394,1.0254987638221924,-0.8014603956809784,0.3373974549921968
-0.04987316367554911,-0.5127797575784685,-0.3252156863343304,-0.6152155523078459,-0.5887911903435977,-1.1815840916729057,-1.2737117742968667,-1.1811003896817036,0.3450487609185578,0.5454145808563026,0.34534517298633816,1.0888830313807512,-0.09356000542389915,1.0886141611258588,0.4478059219842203,1.0254987638221924,0.4536927338506961,4.181421450757996
0.426782540630349,-0.6795015220289611,-0.3252156863343304,-0.6152155523078459,-0.5887911903435977,0.16736015478282534,-2.023373027577192,0.16773299111484163,0.331181777883206,-1.8048687195927098,0.33136152718805956,0.3921466456659238,0.008582080759604505,0.3901109250047696,-0.7293856220540164,1.0254987638221924,-0.7353997046529958,1.8750070532985164
1.1543096682551408,-0.5127797575784685,3.074882430400277,1.6254465548679973,1.1676996490327896,0.7396952989134287,0.8753171517733993,0.7393092552084018,0.15487299357658735,0.7954447192019422,0.1542353470765268,3.0429482970637145,0.5703635547688747,3.0417537831459733,-0.7650580930854779,-0.20750471077941549,-0.7618239810641889,1.1062022541453564
-0.8024874336322303,1.7498727599639314,-0.3252156863343304,-0.6152155523078459,-0.5887911903435977,0.26673667498556636,1.0752268193148193,0.26624329420672377,0.8204881792734843,-0.9547662492175351,0.8207891301278196,0.30605565547702307,-1.0128387810754322,0.3055786862385234,-0.1942985565820907,-0.6185058689799514,-0.19370203822353588,0.3373974549921968
-0.4010931563220003,-0.6795015220289611,-0.3252156863343304,-0.6152155523078459,-0.5887911903435977,0.8335509013271287,-0.9738472729847364,0.833489435087454,-0.4711222405907324,-1.8548747472618377,-0.4703674985799295,-0.12439929546748217,0.5192925116771229,-0.12598063798915607,-1.121782803400095,-1.0295070271804874,-1.1185517126152964,1.1062022541453564
1.555703945565371,-0.6795015220289611,-0.3252156863343304,-0.6152155523078459,-0.5887911903435977,1.2513003473645785,-1.1737569405261565,1.251346325125549,1.3632815152286921,0.3953964978489188,1.3638207086276497,-0.6649706292117445,-0.9106966948919285,-0.6643175269741992,-0.2299710276135523,1.0254987638221924,-0.23333845284032595,-1.2002121433141226
-1.2038817109424602,-0.5127797575784685,-0.3252156863343304,-0.6152155523078459,-0.5887911903435977,-1.104291242626329,0.6254300673466242,-1.104240702653971,-0.2175545508014386,-0.8047481662101513,-0.21866187421090932,1.1149105400425117,0.41715042549361914,1.115308552315199,0.9472205164246843,1.0254987638221924,0.9425418474577696,0.3373974549921968
-1.981583123231031,1.7498727599639314,-0.3252156863343304,-0.6152155523078459,-0.5887911903435977,-0.3552867292464074,0.3755429829198491,-0.35512938683438106,0.3450487609185578,-0.6047240555336396,0.34534517298633816,-0.15242892018014775,0.774647727135882,-0.15267502917849726,0.8045306322988374,-0.20750471077941549,0.8104204654018037,-0.4314073441609629
0.12573683264767652,-0.5127797575784685,-0.3252156863343304,-0.6152155523078459,-0.5887911903435977,0.5262198110705028,-0.5740279379018963,0.5260506869765237,-0.6196970588266468,-1.654850636585326,-0.6195263870949038,-1.972352410452498,-0.5021283501579138,-1.9723426952519074,2.0173946473685356,-0.20750471077941549,2.0127250421110925,1.1062022541453564
0.00030112098822963846,-0.5127797575784685,-0.3252156863343304,-0.6152155523078459,-0.5887911903435977,0.07718516422848581,0.7253849011173342,0.07680040364541166,1.093865844827567,0.04535430416502335,1.0934702231942581,1.491308357612591,2.306779019888437,1.493479094164197,0.1980986247639886,2.6695033966243362,0.20266210794436118,-0.4314073441609629
1.7313139418885966,1.7498727599639314,-0.3252156863343304,-0.6152155523078459,-0.5887911903435977,0.0808657760878464,0.2755881491491391,0.08113052685824157,0.0835570808233485,-1.5048325535779423,0.08431711808513309,0.47623551980392054,1.6939265027874149,0.47464316377101584,-0.1586260855506285,-0.6185058689799514,-0.15406562360674642,0.3373974549921968
-0.2756574446625535,1.7498727599639314,-0.3252156863343304,-0.6152155523078459,-0.5887911903435977,-0.9993938046345463,2.8744138271876003,-0.9992352147428435,1.3553575249227772,-0.8547541938792792,1.354498278095464,0.7625381150832888,0.16179521003486,0.7638324016555433,0.2694435668269118,1.0254987638221924,0.2687227989723444,-0.4314073441609629
-0.5014417256495578,1.7498727599639314,-0.3252156863343304,-0.6152155523078459,-0.5887911903435977,1.5034222597307927,2.024797740136565,1.5035760022728963,0.2975048190830651,0.09536033183415127,0.2964024126923619,1.4272406439836414,-0.19570209160740282,1.4267431161908444,-0.8007305641169394,0.6144976056216563,-0.8014603956809784,-0.4314073441609629
-1.454753134261354,-0.5127797575784685,-0.3252156863343304,-0.6152155523078459,-0.5887911903435977,-0.007468908536812334,-0.17420860281905612,-0.007636999004773472,1.0304739223802433,1.2955049958932214,1.0305438171020032,0.5403032334328699,0.7235766840441301,0.5413791417443684,-0.8007305641169394,0.20349644742112044,-0.8014603956809784,-1.2002121433141226
0.5522182522897958,1.7498727599639314,-0.3252156863343304,1.6254465548679973,1.09451253072544,1.2016120872632081,-0.6240053547872513,1.201549908178004,1.2741366242871432,0.24537841484153503,1.2752576185718836,0.7845613916432401,0.41715042549361914,0.7860777276466603,1.6606699370539184,-0.6185058689799514,1.6559973105599841,0.3373974549921968
-1.6805374152483585,-0.5127797575784685,-0.3252156863343304,1.6254465548679973,0.4358284659592948,-0.5190739569879629,-0.024276352162991052,-0.5185915381187134,0.951234019321089,1.2955049958932214,0.951303157578423,-0.014282912667725009,1.030002942594641,-0.014754008033568652,0.1624261537325264,0.20349644742112044,0.16302569332757172,0.3373974549921968
0.6023925369535746,-0.6795015220289611,-0.3252156863343304,-0.6152155523078459,-0.5887911903435977,0.912684056303386,0.12565589849307401,0.9125141837216012,-0.4612172527083381,1.2955049958932214,-0.46104506804774337,-0.22450509801271595,-0.24677313469915466,-0.2238600723500733,0.6261682771415289,1.4364999220227281,0.625450530523452,-0.4314073441609629
0.828176817940579,-0.5127797575784685,-0.3252156863343304,-0.6152155523078459,-0.5887911903435977,1.455574305559103,-0.7739376054433164,1.4559446469317665,-1.4101150918417122,0.6954326638636863,-1.4096023746976603,-0.13841410782381525,0.3150083393101155,-0.13932783358382628,0.2337710957954502,1.0254987638221924,0.22908638435555437,0.3373974549921968
-0.25057030233066413,-0.5127797575784685,-0.3252156863343304,1.6254465548679973,2.2655064236430316,-0.18229797185645003,0.22561073226378406,-0.18192445832118093,-2.6838965335176197,0.7954447192019422,-2.684444749974084,-1.1234552048689155,-0.39998626397441017,-1.1225712423912195,0.2337710957954502,-0.20750471077941549,0.22908638435555437,-0.4314073441609629
1.7814882265523753,-0.5127797575784685,-0.3252156863343304,-0.6152155523078459,-0.5887911903435977,0.5887902126796358,-0.024276352162991052,0.5888374735625592,-0.03926476891834117,0.04535430416502335,-0.03920508646633055,2.025873343204139,1.8471396320626705,2.0273669179510163,-1.335817629588865,1.847501080223264,-1.3299459239048417,-0.4314073441609629
0.00030112098822963846,-0.5127797575784685,-0.3252156863343304,1.6254465548679973,2.0459450687209833,-1.030679005439113,1.2251590699708845,-1.0306286080358609,-0.5563051363793236,0.2953844425106629,-0.556599981002649,1.601424740412348,1.387500244236904,1.6002566589215603,-0.5153507958652456,-0.20750471077941549,-0.510793355157854,-0.4314073441609629
0.3264339713027915,-0.5127797575784685,3.074882430400277,1.6254465548679973,1.6800094771842358,-0.09580359316147159,0.17563331537842902,-0.09532199406458083,0.4658896130837682,-0.40469994485712796,0.46653676990475496,-1.6860498151731294,-0.451057307066162,-1.6876025225656033,0.7331856902359142,2.2585022384238003,0.7311476361682241,0.3373974549921968
-1.1035331416149028,-0.5127797575784685,-0.3252156863343304,-0.6152155523078459,-0.5887911903435977,0.7617789700695932,0.025701064722363966,0.7620424020757594,0.7135143101436257,-1.754862691923582,0.7135811790076823,1.0368280140572297,1.8982106751544223,1.0352253787471764,-0.26564349864501385,-1.4405081853810233,-0.2597627292515191,-1.2002121433141226
-0.12513459067121724,-0.5127797575784685,-0.3252156863343304,1.6254465548679973,1.3872610039548379,1.501581953801113,-0.22418601970441113,1.5014109406664817,0.4005166930599661,0.04535430416502335,0.4012797561794541,-0.42271458705227893,-0.14463104851565098,-0.4240680062701303,0.3764609799212971,-1.0295070271804874,0.37441990461711655,-0.4314073441609629
0.30134682897090215,1.7498727599639314,-0.3252156863343304,-0.6152155523078459,-0.5887911903435977,-1.6030141495697166,-0.7739376054433164,-1.6032874029326285,-0.45725525755538055,-0.40469994485712796,-0.4563838527816505,-0.8151293330295952,-1.4214071258094467,-0.815585743713798,1.48230758189661,-0.20750471077941549,1.4842395138872293,1.1062022541453564
0.8532639602724683,1.7498727599639314,-0.3252156863343304,1.6254465548679973,1.3872610039548379,1.7242589712924403,2.024797740136565,1.7244122861272262,-0.9247706856043915,-0.054657751173232495,-0.9248359870239927,0.9066904707484258,0.6214345978606265,0.9062024879986953,0.7331856902359142,0.6144976056216563,0.7311476361682241,-0.4314073441609629
-0.576703152645226,1.7498727599639314,-0.3252156863343304,-0.6152155523078459,-0.5887911903435977,-0.20990256080165598,0.4754978166905591,-0.2100702592045761,0.4064596857894024,-1.3548144705705585,0.40594097144554697,0.8105889003050011,1.8471396320626705,0.8127721188360015,0.8045306322988374,-1.4405081853810233,0.8104204654018037,-0.4314073441609629
-0.9279231452916772,-0.6795015220289611,-0.3252156863343304,1.6254465548679973,1.6800094771842358,0.8998019147956229,-0.6240053547872513,0.8995238140831114,0.9472720241681314,0.4454025255180467,0.9466419423123301,-0.6689748613135543,1.2342871149616486,-0.668766592172423,-0.4440058538023224,-1.4405081853810233,-0.4447326641298708,1.1062022541453564
1.3550068069102559,-0.6795015220289611,-0.3252156863343304,1.6254465548679973,1.6068223588768862,-2.1735089877706395,0.12565589849307401,-2.173781136222981,1.078017864215736,0.49540855318717464,1.0771559697629327,0.5082693766183952,-0.19570209160740282,0.5102356853568039,0.7688581612673758,0.20349644742112044,0.7707840507850142,-0.4314073441609629
0.5773053946216853,1.7498727599639314,3.074882430400277,-0.6152155523078459,-0.5887911903435977,-0.4031346834180976,-1.4736214418382867,-0.4027607421755112,0.04988012202320754,0.6954326638636863,0.049358003589435415,-0.6369410044990795,-0.9106966948919285,-0.6376231357848584,-0.08728114348770531,-1.0295070271804874,-0.08800493257876318,1.1062022541453564
-1.0784459992830135,-0.6795015220289611,-0.3252156863343304,-0.6152155523078459,-0.5887911903435977,-0.09764389909115188,0.5754526504612691,-0.09748705567099618,1.2899846048989745,1.0954808852167097,1.2892412643701623,-0.3626511055251387,-0.6553414794331693,-0.3617810934950011,-3.654528246633876,-1.8515093435815593,-3.655282248089839,1.8750070532985164
1.5306168032334815,-0.5127797575784685,-0.3252156863343304,-0.6152155523078459,-0.5887911903435977,-0.8190438235258677,-0.1242311859337011,-0.8195351014103985,0.8185071816970055,0.34539047017979085,0.8184585224947736,0.9287137473083771,-0.19570209160740282,0.9284478139898124,-0.015936201424782154,-1.0295070271804874,-0.02194424155078053,0.3373974549921968
0.27625968663901274,-0.5127797575784685,-0.3252156863343304,-0.6152155523078459,-0.5887911903435977,2.867088953623967,-1.1737569405261565,2.8675648143143464,0.23411289663574175,0.4454025255180467,0.23347600660010703,1.2910967525221233,1.642855459695663,1.2932711602441391,0.8758755743617606,1.4364999220227281,0.8764811564297869,0.3373974549921968
-0.4512674409857791,-0.5127797575784685,-0.3252156863343304,-0.6152155523078459,-0.5887911903435977,2.902054766287894,0.9752719855441093,2.9022058000169864,0.529281535531092,0.7954447192019422,0.5294631759970098,-0.9332541800329712,0.7235766840441301,-0.9312614388676093,1.981722176337074,1.0254987638221924,1.9863007656998986,-1.2002121433141226
-0.20039601766688536,-0.5127797575784685,-0.3252156863343304,-0.6152155523078459,-0.5887911903435977,1.681931934909792,0.025701064722363966,1.6821935848021345,0.727381293178978,1.6455471895771168,0.7275648248059609,-1.1034340443598687,0.16179521003486,-1.1047749815983254,-0.6580406799910925,0.6144976056216563,-0.6561268754194162,-0.4314073441609629
1.630965372561039,-0.6795015220289611,3.074882430400277,1.6254465548679973,1.9727579504136337,-0.9478652386034955,1.8748654894804997,-0.9483562669920912,1.462331394052635,0.6454266361945584,1.4617062292156013,1.9698140937788078,1.5407133735121594,1.9695290703741104,-0.5153507958652456,1.0254987638221924,-0.510793355157854,0.3373974549921968
2.2832310731901626,-0.5127797575784685,-0.3252156863343304,-0.6152155523078459,-0.5887911903435977,0.7709804997179952,0.025701064722363966,0.7707026485014192,1.674298134735873,-2.5049531069605004,1.673791523822831,-0.66296851316084,-0.8596256518001767,-0.6643175269741992,0.8758755743617606,0.6144976056216563,0.8764811564297869,1.8750070532985164
0.5522182522897958,-0.6795015220289611,-0.3252156863343304,-0.6152155523078459,-0.5887911903435977,-0.37184948261353107,-1.1737569405261565,-0.37136734888249345,2.0427636839609415,-0.40469994485712796,2.042027529844175,0.528290537127442,1.030002942594641,0.5280319461496983,0.6261682771415289,-0.20750471077941549,0.625450530523452,-1.2002121433141226
1.0037868142638047,-0.5127797575784685,3.074882430400277,1.6254465548679973,2.1191321870283324,1.4518936936997424,-0.8239150223286714,1.4516145237189366,0.42230766640123346,0.5454145808563026,0.42225522487687234,2.5203960077775935,-0.14463104851565098,2.5212131549538244,0.3407885088898349,0.20349644742112044,0.3347834900003271,-1.2002121433141226
-0.04987316367554911,1.7498727599639314,-0.3252156863343304,-0.6152155523078459,-0.5887911903435977,0.6900070388120576,0.5754526504612691,0.6895128382608567,0.9116140677915118,-0.5547180278645117,0.9116828278166325,0.5122736087202043,-0.5531993932496656,0.5102356853568039,1.981722176337074,1.0254987638221924,1.9863007656998986,1.1062022541453564
-0.8275745759641198,-0.6795015220289611,-0.3252156863343304,1.6254465548679973,1.0213254124180906,-1.7888850484674366,-0.17420860281905612,-1.7884001702811114,1.767405020830379,-0.3046878895188721,1.7670158291446905,-0.41070189074685104,0.7235766840441301,-0.4107208106754601,-1.9422496371237141,-0.20750471077941549,-1.937704281362284,1.1062022541453564
-1.6052759882526904,1.7498727599639314,-0.3252156863343304,-0.6152155523078459,-0.5887911903435977,1.6929737704878738,0.5754526504612691,1.693018892834209,-0.9029797122631241,-0.20467583418061627,-0.9038605183265744,-0.020289260820439265,-0.14463104851565098,-0.019203073231792055,-1.3001451585574035,-0.20750471077941549,-1.3035216474936484,1.1062022541453564
0.10064969031578713,-0.5127797575784685,-0.3252156863343304,1.6254465548679973,1.3872610039548379,-0.7086254677450439,-0.22418601970441113,-0.7091169594832335,-0.6533740176267878,-0.3046878895188721,-0.6544855015906011,1.4792956613071624,0.059653123851356335,1.480131898569526,0.4121334509527587,-1.0295070271804874,0.4140563192339066,-0.4314073441609629
-1.4296659919294648,-0.5127797575784685,-0.3252156863343304,-0.6152155523078459,-0.5887911903435977,1.1151177085682296,2.27468482456334,1.1149474439214042,-0.7147849424976324,-0.8547541938792792,-0.7150813000498095,0.8045825521522869,0.3150083393101155,0.8038739884395547,0.1267536827010648,-1.0295070271804874,0.12338927871078165,-0.4314073441609629
-1.2540559956062391,1.7498727599639314,3.074882430400277,1.6254465548679973,0.2894542293445959,-0.8080019879477849,-2.023373027577192,-0.8076272625751161,-0.0016258149652427138,1.6955532172462449,-0.0019153643375868555,-0.16243950043467112,-0.09356000542389915,-0.1615731595749441,0.7331856902359142,1.0254987638221924,0.7311476361682241,0.3373974549921968
-0.8526617182960091,-0.5127797575784685,-0.3252156863343304,-0.6152155523078459,-0.5887911903435977,-0.7509525041276928,-1.7734859431504169,-0.7513356608083261,0.1627969838825029,0.4454025255180467,0.16355777760871335,0.6384069199271991,-0.9106966948919285,0.6392585761052857,-0.37266091173939925,-0.6185058689799514,-0.3786719731018881,0.3373974549921968
0.828176817940579,-0.5127797575784685,-0.3252156863343304,-0.6152155523078459,-0.5887911903435977,-0.0313928856226577,0.4754978166905591,-0.03145267667533835,-0.9287326807573489,-1.8048687195927098,-0.9294972022900856,0.7224957940651953,0.26393729621836365,0.7237908148715319,0.5191508640471435,-0.20750471077941549,0.5197534248786793,-0.4314073441609629
-2.0317574078948097,-0.6795015220289611,-0.3252156863343304,-0.6152155523078459,-0.5887911903435977,0.13055403618921743,-0.5740279379018963,0.13092694380578665,1.0443409054155957,-2.454947079291373,1.0445274629002819,1.4532681526454025,0.26393729621836365,1.4534375073801848,0.7331856902359142,0.6144976056216563,0.7311476361682241,0.3373974549921968
0.7027411062811321,-0.6795015220289611,-0.3252156863343304,-0.6152155523078459,-0.5887911903435977,-1.4410672277578416,2.2247074076779847,-1.4409077824515037,0.9591580096270045,0.7954447192019422,0.9582949804775627,-0.8591758861494985,0.3660793824018673,-0.8600763956960332,-1.121782803400095,0.6144976056216563,-1.1185517126152964,-0.4314073441609629
0.9034382449362471,-0.5127797575784685,-0.3252156863343304,1.6254465548679973,0.8017640574960422,-0.0810811457240282,-0.22418601970441113,-0.08124909362288345,0.8046401986616537,2.2956255492757798,0.804474876696495,0.21796254923721725,0.468221468585371,0.21659738227405298,-0.872075506179863,-1.0295070271804874,-0.8675210867089616,-1.2002121433141226
-1.3544045649337966,-0.6795015220289611,-0.3252156863343304,1.6254465548679973,1.4604481222621875,-1.2423141873523587,-1.5235988587236418,-1.242804645464531,-0.9089227049925603,0.2953844425106629,-0.9085217335926673,-0.6769833255171731,0.26393729621836365,-0.6776647225688698,0.1267536827010648,-1.0295070271804874,0.12338927871078165,-1.2002121433141226
0.7780025332768002,1.7498727599639314,-0.3252156863343304,-0.6152155523078459,-0.5887911903435977,-1.0711657358920819,-0.6240053547872513,-1.0706822477545386,1.03641691510968,1.1954929405549655,1.0375356400011428,-0.09636967075481717,1.030002942594641,-0.09483718160159146,0.1624261537325264,-0.20750471077941549,0.16302569332757172,-0.4314073441609629
-0.576703152645226,-0.6795015220289611,-0.3252156863343304,-0.6152155523078459,-0.5887911903435977,-0.7454315863386518,1.9748203232512098,-0.7459230067922885,-0.18387759200129764,0.6454266361945584,-0.18370275971521247,1.7215517034666286,1.2853581580534004,1.7203814192735953,0.5548233350786057,-0.6185058689799514,0.5593898394954687,1.1062022541453564
-0.9028360029597878,-0.6795015220289611,-0.3252156863343304,1.6254465548679973,1.6800094771842358,1.8880461990339963,-1.5235988587236418,1.8878744374115592,-0.9643906371339687,-0.5547180278645117,-0.9644563167857828,0.5002609124147764,-0.3489152208826583,0.501337554960357,0.6261682771415289,-0.20750471077941549,0.625450530523452,-0.4314073441609629
0.37660825596657027,-0.6795015220289611,-0.3252156863343304,-0.6152155523078459,-0.5887911903435977,-1.2662381644382037,-2.323237528889322,-1.2666203231350959,0.2519418748240516,-0.9047602215484072,0.25212086766447933,-0.28657069559076137,0.8257187702276338,-0.2861469851252017,-0.8364030351484011,-1.0295070271804874,-0.8410968102977684,0.3373974549921968
-1.6303631305845796,-0.6795015220289611,-0.3252156863343304,-0.6152155523078459,-0.5887911903435977,-0.03323319155233799,1.4250687375123046,-0.03361773828175369,0.47381360338968376,-0.6547300832027676,0.47352859280389464,2.1179706815457546,0.11072416694310817,2.116348221915486,0.1980986247639886,0.6144976056216563,0.20266210794436118,0.3373974549921968
-0.22548315999877472,-0.6795015220289611,3.074882430400277,-0.6152155523078459,-0.5887911903435977,-2.1551059284738354,0.5254752335759142,-2.1553781125684535,-0.39782533026101474,1.2955049958932214,-0.3981186619554885,0.4241805024803985,-1.0128387810754322,0.42570344659055764,0.05540874063814164,-1.0295070271804874,0.057328587682799005,-0.4314073441609629
-0.3509188716582216,-0.5127797575784685,-0.3252156863343304,-0.6152155523078459,-0.5887911903435977,0.46917032725041,0.2755881491491391,0.4686765544065268,-2.00441436478537,1.0954808852167097,-2.003907321124512,-0.22050086591090684,-1.2681939965341913,-0.21941100715184989,1.1255828715819929,-0.6185058689799514,1.1275117823361218,-0.4314073441609629
1.555703945565371,-0.6795015220289611,-0.3252156863343304,-0.6152155523078459,-0.5887911903435977,0.7967447827335208,0.9752719855441093,0.7966833877783986,0.5213575452251765,-0.10466377884236042,0.5224713530978708,-0.2445262585217627,1.2853581580534004,-0.2461053983411903,-0.5153507958652456,0.20349644742112044,-0.510793355157854,-0.4314073441609629
0.8783511026043578,-0.6795015220289611,-0.3252156863343304,-0.6152155523078459,-0.5887911903435977,-1.428185086250079,-1.2737117742968667,-1.4279174128130137,0.37278272698926196,-0.15466980651148834,0.37331246458289613,-2.538951252858521,-0.39998626397441017,-2.5373739754262914,-0.1586260855506285,0.20349644742112044,-0.15406562360674642,-1.2002121433141226
-0.3509188716582216,-0.5127797575784685,-0.3252156863343304,-0.6152155523078459,-0.5887911903435977,-2.2397600012391337,1.2251590699708845,-2.2398155152186385,-2.6383335892586057,0.7954447192019422,-2.6378325973131544,-0.29257704374347504,1.8471396320626705,-0.2905960503234259,0.4478059219842203,-0.6185058689799514,0.4536927338506961,-1.2002121433141226
1.9570982228756009,1.7498727599639314,-0.3252156863343304,-0.6152155523078459,-0.5887911903435977,1.980061495518016,1.1252042362001744,1.979889555684197,1.7297660668772812,0.6954326638636863,1.7297261070159469,1.31111791303117,0.6214345978606265,1.3110674210370337,0.09108121166960323,-0.20750471077941549,0.09696500229958847,-1.2002121433141226
-0.9028360029597878,-0.5127797575784685,-0.3252156863343304,-0.6152155523078459,-0.5887911903435977,-1.1576601145870606,-0.6739827716726063,-1.1572847120111387,-0.4315022890611552,-0.35469391718800003,-0.43074716881813896,-0.3626511055251387,2.5621342353471963,-0.3617810934950011,1.3752901688022245,-1.0295070271804874,1.3785424082424567,-0.4314073441609629
-2.207367404218035,-0.6795015220289611,-0.3252156863343304,-0.6152155523078459,-0.5887911903435977,0.7488968285618306,-0.024276352162991052,0.7490520324372689,0.20835992814151635,-1.054778304555791,0.2078393226365959,1.176976137620557,0.6214345978606265,1.1775954650903284,1.196927813644916,1.4364999220227281,1.1935724733641044,0.3373974549921968
-0.9028360029597878,-0.6795015220289611,-0.3252156863343304,-0.6152155523078459,-0.5887911903435977,0.51517797549242,0.4255203998052041,0.5152253789444493,0.33316277545968476,0.8454507468710701,0.33369213482110555,-1.4998530224389948,0.5703635547688747,-1.5007417842402164,-0.8007305641169394,0.20349644742112044,-0.8014603956809784,-0.4314073441609629
-0.22548315999877472,1.7498727599639314,-0.3252156863343304,-0.6152155523078459,-0.5887911903435977,-0.06267808642722424,-0.7739376054433164,-0.06284606996835615,-2.1252552169505807,1.2454989682240936,-2.125098918042929,0.13387367509922055,0.3660793824018673,0.13206514350780676,-0.2299710276135523,-1.4405081853810233,-0.23333845284032595,0.3373974549921968
0.47695682529412775,-0.5127797575784685,-0.3252156863343304,1.6254465548679973,1.5336352405695368,1.1887299457554454,1.9748203232512098,1.1885595385395142,2.4092482356095304,-0.5547180278645117,2.4102635358655182,-0.6749812094662679,-0.8596256518001767,-0.6732156573706464,0.1267536827010648,0.6144976056216563,0.12338927871078165,-1.2002121433141226
0.9786996719319152,-0.6795015220289611,-0.3252156863343304,-0.6152155523078459,-0.5887911903435977,-0.3147999987934389,-0.1242311859337011,-0.31507574711570346,0.10931004931757335,0.4454025255180467,0.10995380204864423,-1.1795144542942466,-1.7278333843599578,-1.1804090899681248,-0.7293856220540164,-1.0295070271804874,-0.7353997046529958,-0.4314073441609629
-1.6052759882526904,-0.6795015220289611,-0.3252156863343304,-0.6152155523078459,-0.5887911903435977,0.3642728892586276,0.3255655660344941,0.3647535972986067,0.13506301781179875,0.49540855318717464,0.13559048601215537,-2.3347354156662443,1.1832160718698967,-2.332716976308011,-0.7650580930854779,-0.20750471077941549,-0.7618239810641889,0.3373974549921968
-0.47635458331766845,-0.5127797575784685,-0.3252156863343304,1.6254465548679973,0.8017640574960422,-0.6110892534719826,-1.3736666080675766,-0.610606656391351,0.9056710750620754,-1.754862691923582,0.9046910049174935,-0.03029984107496264,0.7235766840441301,-0.02810120362823886,-2.191956934343946,-0.20750471077941549,-2.188734907268619,-0.4314073441609629
1.630965372561039,1.7498727599639314,-0.3252156863343304,-0.6152155523078459,-0.5887911903435977,0.45076726795360605,0.7253849011173342,0.4502735307519991,-0.4116923132963666,2.5956617152905475,-0.4121023077537675,0.32607681598606986,0.468221468585371,0.3278240122296404,-0.26564349864501385,0.20349644742112044,-0.2597627292515191,-0.4314073441609629
-1.329317422601907,-0.5127797575784685,-0.3252156863343304,1.6254465548679973,1.899570832106284,0.33666830031342165,-1.5235988587236418,0.33660779641521116,1.446483413440804,1.0454748575475818,1.4453919757842768,0.34810009254602114,-1.4724781689011985,0.3500693382207582,-0.9434204482427865,-0.20750471077941549,-0.9467939159425411,-0.4314073441609629
-0.6268774373090047,1.7498727599639314,-0.3252156863343304,-0.6152155523078459,-0.5887911903435977,-1.6416605740930048,2.0747751570219197,-1.641175981044891,0.21826491602391065,-1.2548024152323025,0.21716175316878164,-0.11238659916205423,-1.2171229534424395,-0.11263344239448586,-0.33698844070793704,-1.0295070271804874,-0.33903555848509864,-0.4314073441609629
0.27625968663901274,-0.5127797575784685,3.074882430400277,1.6254465548679973,0.5822027025739938,0.378995336696071,-1.4236440249529316,0.3788264977403037,-0.05709374710665046,-0.4547059725262559,-0.057849947530702814,-0.9893134294583024,-0.39998626397441017,-0.9890992864445146,0.05540874063814164,-0.6185058689799514,0.057328587682799005,-0.4314073441609629
-2.1571931195542566,1.7498727599639314,3.074882430400277,-0.6152155523078459,-0.5887911903435977,-0.7049448558856828,-1.0238246898700913,-0.7047868362704036,-1.5210509561245282,-1.2047963875631746,-1.5214715410838915,2.4623346423013586,-0.6042704363414175,2.463375307376919,-0.7650580930854779,-0.6185058689799514,-0.7618239810641889,0.3373974549921968
0.6525668216173534,1.7498727599639314,-0.3252156863343304,1.6254465548679973,0.8017640574960422,-0.9202606496582896,0.7253849011173342,-0.920210466108696,-0.7900628504038287,0.04535430416502335,-0.7896607443072969,1.2910967525221233,-1.8810465136352132,1.2932711602441391,0.697513219204452,-0.6185058689799514,0.6915112215514346,0.3373974549921968
-0.978097429955456,-0.5127797575784685,-0.3252156863343304,-0.6152155523078459,-0.5887911903435977,1.2071330050522495,-0.47407310413118625,1.2069625621940419,-1.540860931889317,1.4955291065697331,-1.5401164021482632,0.5583222778910121,0.11072416694310817,0.5591754025372621,-0.622368208959631,-0.20750471077941549,-0.6164904608026267,1.8750070532985164
-0.42618029865388973,-0.5127797575784685,-0.3252156863343304,-0.6152155523078459,-0.5887911903435977,-0.38105101226193305,-1.0238246898700913,-0.3811101261113609,-0.6494120224738298,1.3955170512314772,-0.6498242863245083,-0.6589642810590309,0.059653123851356335,-0.6598684617759758,0.7331856902359142,0.20349644742112044,0.7311476361682241,-0.4314073441609629
0.10064969031578713,1.7498727599639314,-0.3252156863343304,1.6254465548679973,2.48506777856508,-1.4318656981094395,-1.0738021067554464,-1.4322475360258435,0.4440986397425008,-0.15466980651148834,0.4432306935742906,0.8226015966104291,-1.1660519103506877,0.8216702492324482,0.9472205164246843,-1.0295070271804874,0.9425418474577696,-1.2002121433141226
0.6023925369535746,-0.5127797575784685,-0.3252156863343304,1.6254465548679973,2.0459450687209833,0.39739839599287496,0.8253397348880442,0.39722952139483136,-3.139525976107757,-1.104784332224919,-3.1389132384181475,-1.4978509063880898,0.21286625312661184,-1.496292719041993,-1.7282148109349438,-0.6185058689799514,-1.726310070072739,-0.4314073441609629
-0.8526617182960091,1.7498727599639314,-0.3252156863343304,-0.6152155523078459,-0.5887911903435977,-1.2993636711724512,1.6749558219390797,-1.299096247231321,-1.1565474020524178,-1.2047963875631746,-1.155566142695594,-2.188580943950203,-0.7064125225249211,-2.190346889964859,0.2337710957954502,0.20349644742112044,0.22908638435555437,0.3373974549921968
-0.6268774373090047,-0.5127797575784685,3.074882430400277,-0.6152155523078459,-0.5887911903435977,1.7224186653627607,-1.7235085262650618,1.7222472245208116,1.2464026582164398,1.0454748575475818,1.2472903269753257,-0.7070150662807433,-0.8085546087084248,-0.7088081789564343,0.6261682771415289,1.0254987638221924,0.625450530523452,-0.4314073441609629
-0.3509188716582216,-0.5127797575784685,-0.3252156863343304,-0.6152155523078459,-0.5887911903435977,-0.4215377427149016,-0.3741182703604762,-0.4211637658300385,0.2994858166595444,-1.604844608916198,0.2987330203254087,0.45621435929487375,-1.1660519103506877,0.45684690297812225,-0.9434204482427865,0.6144976056216563,-0.9467939159425411,-0.4314073441609629
-0.7523131489684516,-0.5127797575784685,-0.3252156863343304,-0.6152155523078459,-0.5887911903435977,-1.4061014150939142,0.12565589849307401,-1.4062667967488638,-1.2318253099586147,-1.054778304555791,-1.232476194586128,-0.7150235304843615,-0.09356000542389915,-0.7132572441546577,-0.4440058538023224,-1.0295070271804874,-0.4447326641298708,0.3373974549921968
-1.2038817109424602,-0.5127797575784685,-0.3252156863343304,-0.6152155523078459,-0.5887911903435977,-2.2489615308875357,-0.27416343658976616,-2.2484757616442987,1.2840416121695377,1.545535134238861,1.2845800491040693,0.8766587299848556,1.4385712873286558,0.8750590316111307,0.4834783930156819,0.6144976056216563,0.48011701026188924,1.1062022541453564
-1.0031845722873454,-0.6795015220289611,-0.3252156863343304,1.6254465548679973,1.240886767340139,-0.29455663356695466,-1.1237795236408015,-0.29450766185476124,-1.7330176968077664,0.5954206085254304,-1.733556835691121,-1.3296731581120973,0.9278608564111375,-1.3316773067077237,-0.12295361451916689,-0.6185058689799514,-0.12764134719555323,1.1062022541453564
-0.651964579640894,-0.5127797575784685,-0.3252156863343304,-0.6152155523078459,-0.5887911903435977,-1.1484585849386586,0.6754074842319793,-1.1486244655854785,0.008279172917151587,-1.9548868026000936,0.007407066194598862,-1.854227563449122,-0.9106966948919285,-1.8522179348998729,0.697513219204452,-0.6185058689799514,0.6915112215514346,-0.4314073441609629
-0.024786021343659734,-0.5127797575784685,-0.3252156863343304,-0.6152155523078459,-0.5887911903435977,-1.531242218312181,-0.7239601885579613,-1.5307578391177261,0.18854995237672775,1.6455471895771168,0.18919446157222447,-1.083412883850822,0.3150083393101155,-1.082529655607208,0.8045306322988374,-0.6185058689799514,0.8104204654018037,-0.4314073441609629
-0.07496030600743848,1.7498727599639314,-0.3252156863343304,1.6254465548679973,0.9481382941107411,-0.3405642818089646,0.6754074842319793,-0.3410564863926837,1.020568934497849,-0.8547541938792792,1.0212213865698174,-0.807120868825977,-0.39998626397441017,-0.8066876133173512,-2.0849395212495607,1.4364999220227281,-2.0830378016238464,1.8750070532985164
2.0072725075393794,-0.5127797575784685,-0.3252156863343304,1.6254465548679973,1.3872610039548379,0.1949647437280313,-0.3741182703604762,0.19479626119502916,0.9571770120505257,1.3455110235623493,0.9582949804775627,0.30405353942611796,-0.9106966948919285,0.3055786862385234,0.1267536827010648,-0.20750471077941549,0.12338927871078165,-0.4314073441609629
-0.6017902949771153,1.7498727599639314,-0.3252156863343304,-0.6152155523078459,-0.5887911903435977,-2.061250326060135,-1.6235536924943517,-2.0611979326894008,-0.09869469621270698,-0.7047361108718955,-0.09980088492553936,0.7204936780142908,1.8982106751544223,0.7193417496733084,0.6261682771415289,-1.0295070271804874,0.625450530523452,-0.4314073441609629
0.828176817940579,-0.5127797575784685,-0.3252156863343304,1.6254465548679973,2.192319305335682,0.6384784727810068,-0.3741182703604762,0.6386338905101043,0.21826491602391065,-2.154910913276605,0.21716175316878164,-0.7110192983825524,-1.063909824167184,-0.7088081789564343,-0.08728114348770531,1.4364999220227281,-0.08800493257876318,-0.4314073441609629
0.00030112098822963846,-0.5127797575784685,-0.3252156863343304,-0.6152155523078459,-0.5887911903435977,-0.4767469206053135,-0.5740279379018963,-0.4763728367936212,0.6600273755786967,-0.5547180278645117,0.6599772034476131,-0.08435697444938865,-1.1660519103506877,-0.08593905120514467,0.4834783930156819,-1.0295070271804874,0.48011701026188924,1.8750070532985164
-0.5265288679814473,-0.6795015220289611,-0.3252156863343304,1.6254465548679973,2.0459450687209833,0.1949647437280313,0.7253849011173342,0.19479626119502916,1.1077328278629195,-1.104784332224919,1.1074538689925366,0.2880366110188809,2.306779019888437,0.287782425445629,-2.2989743474383313,-0.20750471077941549,-2.2944320129133917,-0.4314073441609629
0.30134682897090215,-0.5127797575784685,-0.3252156863343304,-0.6152155523078459,-0.5887911903435977,0.5464631762969869,2.524571908990115,0.5466187722374667,2.9044976297292453,0.6454266361945584,2.904352354071372,0.9106947028502349,0.8257187702276338,0.9106515531969187,-1.0147653903057097,-1.0295070271804874,-1.0128546069705238,-0.4314073441609629
0.27625968663901274,-0.5127797575784685,-0.3252156863343304,-0.6152155523078459,-0.5887911903435977,1.5880763324960914,-0.17420860281905612,1.5880134049230814,0.2757138457417977,-0.3046878895188721,0.2754269439949436,2.1159685654948492,0.008582080759604505,2.116348221915486,1.410962639833686,-1.0295070271804874,1.40496668465365,0.3373974549921968
0.4518696829622384,-0.5127797575784685,-0.3252156863343304,-0.6152155523078459,-0.5887911903435977,-0.8521693302601145,0.07567848160771899,-0.8520110255066236,0.0776140880939117,-1.4548265259088142,0.07732529518599339,-0.07234427814396072,0.16179521003486,-0.07259185561047446,0.3051160378583733,1.0254987638221924,0.3083592135891339,-0.4314073441609629
0.050475405652008386,1.7498727599639314,-0.3252156863343304,1.6254465548679973,1.6800094771842358,-1.3251279541879766,1.1751816530855295,-1.3250769865083012,-0.23340253141326914,0.1953723871724071,-0.23264552000918873,-0.08635909050029379,-0.09356000542389915,-0.08593905120514467,-0.479678324833784,-0.6185058689799514,-0.48436907874666085,-1.2002121433141226
0.37660825596657027,1.7498727599639314,-0.3252156863343304,-0.6152155523078459,-0.5887911903435977,-1.660063633389809,1.3750913206269495,-1.6595790046994185,-0.3938633351080567,1.8455713002536285,-0.39345744668939564,-0.1484246880783386,-0.2978441777909065,-0.14822596398027388,1.339617697770763,-0.6185058689799514,1.3389059936256666,0.3373974549921968
0.3264339713027915,1.7498727599639314,-0.3252156863343304,1.6254465548679973,-0.2960427171141998,-0.7067851618153631,-0.22418601970441113,-0.7069518978768186,0.5887114628254578,-0.6047240555336396,0.5877283668231718,0.46422282349849203,-0.757483565616673,0.465745033374569,-0.30131596967647545,-0.6185058689799514,-0.29939914386830857,1.1062022541453564
-0.7774002913003409,-0.6795015220289611,-0.3252156863343304,-0.6152155523078459,-0.5887911903435977,-0.17493674813772886,-0.1242311859337011,-0.17542927350193604,-0.9009987146866454,0.09536033183415127,-0.901529910693528,0.5623265099928212,-1.2171229534424395,0.5636244677354855,1.6963424080853802,-1.0295070271804874,1.6956337251767741,-0.4314073441609629
1.1292225259232516,1.7498727599639314,-0.3252156863343304,-0.6152155523078459,-0.5887911903435977,-0.7601540337760947,0.17563331537842902,-0.7599959072339859,-0.8277018043569272,1.0954808852167097,-0.8269504664360406,-3.0655077742464507,-1.370336082717695,-3.0668127340148876,-2.2633018764068695,1.847501080223264,-2.2680077365021987,1.8750070532985164
-0.22548315999877472,1.7498727599639314,-0.3252156863343304,1.6254465548679973,1.240886767340139,-0.8411274946820323,0.5754526504612691,-0.8411857174745484,0.10534805416461585,0.5454145808563026,0.10529258678255136,-0.3986891944414231,0.9278608564111375,-0.3973736150807891,-0.1942985565820907,-0.20750471077941549,-0.19370203822353588,-1.2002121433141226
0.3264339713027915,1.7498727599639314,-0.3252156863343304,-0.6152155523078459,-0.5887911903435977,0.1857632140796293,0.025701064722363966,0.18613601476936933,-1.04957353292256,-1.004772276886663,-1.0506887992085023,-0.5568563624628926,1.081073985686393,-0.5575399622168355,0.1267536827010648,0.20349644742112044,0.12338927871078165,-0.4314073441609629
0.226085401975234,-0.6795015220289611,-0.3252156863343304,-0.6152155523078459,-0.5887911903435977,0.2372917801106801,0.07567848160771899,0.23701496252012172,-0.4315022890611552,0.895456774540198,-0.43074716881813896,0.28203026286616667,-1.319265039625943,0.2833333602474056,-0.30131596967647545,-0.20750471077941549,-0.29939914386830857,-0.4314073441609629
0.8532639602724683,1.7498727599639314,-0.3252156863343304,1.6254465548679973,1.4604481222621875,0.39923870192255523,-0.024276352162991052,0.3993945830012467,0.9076520726385542,0.8454507468710701,0.9070216125505396,-0.915235135574829,1.5917844166039112,-0.9134651780747152,0.9472205164246843,-0.20750471077941549,0.9425418474577696,0.3373974549921968
1.630965372561039,1.7498727599639314,-0.3252156863343304,-0.6152155523078459,-0.5887911903435977,0.36611319518830787,-0.3741182703604762,0.365836128101814,0.2697708530123615,-0.054657751173232495,0.27076572872885074,-0.07434639419486527,0.5192925116771229,-0.07259185561047446,-1.086110332368633,0.20349644742112044,-1.0921274362041034,1.1062022541453564
0.12573683264767652,1.7498727599639314,-0.3252156863343304,-0.6152155523078459,-0.5887911903435977,-0.3700091766838508,-0.32414085347512117,-0.37028481807928615,1.507894338311649,0.895456774540198,1.5083183818765316,0.46021859139668286,-1.7789044274517096,0.4612959681763456,-0.5153507958652456,-0.6185058689799514,-0.510793355157854,-1.2002121433141226
-0.9279231452916772,-0.5127797575784685,-0.3252156863343304,-0.6152155523078459,-0.5887911903435977,-0.09580359316147159,-0.1242311859337011,-0.09532199406458083,-0.4057493205669303,0.1453663595032792,-0.4051104848546278,-0.43072305125589777,-0.5531993932496656,-0.4285170714683537,0.1624261537325264,-1.0295070271804874,0.16302569332757172,0.3373974549921968
2.233056788526384,-0.5127797575784685,-0.3252156863343304,1.6254465548679973,1.0213254124180906,-0.24302806753590334,-0.3741182703604762,-0.24254618330080116,-0.350281388425522,-0.40469994485712796,-0.34917590166151224,-1.5919503607806096,0.11072416694310817,-1.5941721534029099,-0.622368208959631,-0.6185058689799514,-0.6164904608026267,-1.2002121433141226
-0.07496030600743848,-0.5127797575784685,-0.3252156863343304,1.6254465548679973,1.5336352405695368,0.0035729270412699415,-0.17420860281905612,0.0031883090273012982,-0.2274595386838329,-0.5547180278645117,-0.22798430474309586,-0.7250341107388849,-1.2171229534424395,-0.7266044397493284,0.9115480453932228,1.0254987638221924,0.9161175710465763,1.1062022541453564
-1.2038817109424602,-0.5127797575784685,-0.3252156863343304,-0.6152155523078459,-0.5887911903435977,0.09374791759560948,-0.1242311859337011,0.09412089649673168,0.3113718021184174,1.2454989682240936,0.31038605849064127,-1.18952503454877,0.8257187702276338,-1.189307220364572,2.909206423155078,-0.6185058689799514,2.9111504400916592,0.3373974549921968
-0.47635458331766845,-0.6795015220289611,-0.3252156863343304,-0.6152155523078459,-0.5887911903435977,-0.4730663087459529,0.3255655660344941,-0.47312524438399856,-2.105445241185792,0.6954326638636863,-2.1064540569785577,1.7435749800265805,-0.24677313469915466,1.7426267452647122,-0.05160867245624374,1.0254987638221924,-0.04836851796197371,-0.4314073441609629
-0.5516160103133366,1.7498727599639314,-0.3252156863343304,1.6254465548679973,1.6800094771842358,-1.409782026953275,-0.5240505210165413,-1.409514389158486,0.8383171574617941,1.7455592449153727,0.8394339911921919,-2.4848941194840948,-0.39998626397441017,-2.4839851930476096,0.697513219204452,1.4364999220227281,0.6915112215514346,1.1062022541453564
0.12573683264767652,-0.5127797575784685,-0.3252156863343304,-0.6152155523078459,-0.5887911903435977,-0.585324970456457,-0.17420860281905612,-0.5857084479175785,0.17072097418841847,-0.054657751173232495,0.17054960050785223,-0.769080663858788,-1.0128387810754322,-0.7710950917315632,-0.5153507958652456,0.20349644742112044,-0.510793355157854,0.3373974549921968
-0.651964579640894,-0.6795015220289611,-0.3252156863343304,-0.6152155523078459,-0.5887911903435977,-0.24670867939526392,1.2251590699708845,-0.24687630651363107,-0.8415687873922796,-0.7047361108718955,-0.8409341122343196,1.124921120297035,-1.0128387810754322,1.1242066827116468,-1.4785075137147121,0.20349644742112044,-1.475279444166404,-0.4314073441609629
-0.22548315999877472,-0.5127797575784685,-0.3252156863343304,1.6254465548679973,2.8510033701018274,-0.7012642440263223,-0.27416343658976616,-0.701539243860781,0.1429870081177143,1.4955291065697331,0.14258230891129506,0.061797497266652325,-0.24677313469915466,0.06088010033623076,-0.015936201424782154,2.6695033966243362,-0.02194424155078053,-1.2002121433141226
-1.2289688532743497,-0.6795015220289611,-0.3252156863343304,1.6254465548679973,1.6800094771842358,-0.6920627143779202,-1.1737569405261565,-0.6917964666319135,-0.15218163077763597,-0.15466980651148834,-0.15107425285256162,1.058851290617181,-0.6042704363414175,1.057470704738294,0.2694435668269118,-0.20750471077941549,0.2687227989723444,-0.4314073441609629
-0.2756574446625535,-0.5127797575784685,-0.3252156863343304,-0.6152155523078459,-0.5887911903435977,-0.6276520068391064,0.12565589849307401,-0.627927149242671,-0.07096073014200283,1.8455713002536285,-0.07183359332898138,1.8817209875390026,-0.8596256518001767,1.8805477664096408,0.09108121166960323,-0.20750471077941549,0.09696500229958847,-1.2002121433141226
-0.04987316367554911,1.7498727599639314,3.074882430400277,1.6254465548679973,2.2655064236430316,-0.9736295216190208,-0.32414085347512117,-0.9732544754658637,1.8407019311600978,0.7454386915328143,1.8415952734021779,-0.528826737750227,-0.451057307066162,-0.5308455710274943,-0.6580406799910925,-0.20750471077941549,-0.6561268754194162,-1.2002121433141226
-0.04987316367554911,-0.6795015220289611,-0.3252156863343304,1.6254465548679973,0.8017640574960422,-1.693189140124056,0.12565589849307401,-1.693137459598851,0.44211764216602206,-0.7047361108718955,0.4432306935742906,-0.36465322157604324,0.6214345978606265,-0.3662301586932253,-1.0504378613371714,-0.20750471077941549,-1.0524910215873136,0.3373974549921968
0.050475405652008386,-0.5127797575784685,-0.3252156863343304,-0.6152155523078459,-0.5887911903435977,-0.9276218733770107,0.12565589849307401,-0.9277881817311485,0.041956131717292545,-0.5547180278645117,0.04236618069029571,0.6504196162326271,1.3364292011451522,0.6526057716999558,0.9472205164246843,-1.0295070271804874,0.9425418474577696,0.3373974549921968
0.5020439676260171,-0.5127797575784685,-0.3252156863343304,-0.6152155523078459,-0.5887911903435977,-0.1988607252235737,1.3750913206269495,-0.19924495117250093,-1.5210509561245282,-0.054657751173232495,-1.5214715410838915,1.3171242611838843,0.26393729621836365,1.315516486235257,-2.6200265867214863,1.0254987638221924,-2.624735468053306,0.3373974549921968
1.2797453799145877,1.7498727599639314,3.074882430400277,1.6254465548679973,2.4118806602577303,-0.6055683356829412,1.3750913206269495,-0.6051940023753135,1.682222125041789,-0.20467583418061627,1.6831139543550175,0.2620091023571199,-1.0128387810754322,0.2610880342562878,-2.120611992281023,-1.0295070271804874,-2.1226742162406365,-0.4314073441609629
-0.32583172932633225,-0.5127797575784685,3.074882430400277,-0.6152155523078459,-0.5887911903435977,1.0194218002248487,-0.1242311859337011,1.0196847332391439,1.012644944191934,-1.054778304555791,1.011898956037631,1.7095390071612,-1.2171229534424395,1.7114832888771476,-1.086110332368633,-1.0295070271804874,-1.0921274362041034,1.8750070532985164
-0.4010931563220003,-0.6795015220289611,-0.3252156863343304,1.6254465548679973,1.8263837137989347,0.518858587351781,-0.27416343658976616,0.5184729713540719,0.6501223876963024,-0.6047240555336396,0.6506547729154274,0.41617203827678023,-0.39998626397441017,0.4168053161941108,1.1612553426134544,-0.6185058689799514,1.1671481969529112,-0.4314073441609629
-1.4045788495975753,-0.5127797575784685,-0.3252156863343304,-0.6152155523078459,-0.5887911903435977,-1.5386034420309027,0.12565589849307401,-1.5383355547401787,0.9135950653679911,1.6955532172462449,0.9140134354496793,0.5843497865527726,-0.39998626397441017,0.5858697937266033,-0.1942985565820907,-0.20750471077941549,-0.19370203822353588,-0.4314073441609629
-1.5300145612570222,-0.6795015220289611,-0.3252156863343304,1.6254465548679973,1.6800094771842358,0.8280299835380873,-1.5735762756089966,0.8280767810714168,-1.3110652130177691,-0.9547662492175351,-1.3117168541097082,-1.6059651731369424,0.21286625312661184,-1.6075193489975805,-0.979092919274248,0.20349644742112044,-0.9732181923537343,-0.4314073441609629
0.00030112098822963846,-0.5127797575784685,-0.3252156863343304,-0.6152155523078459,-0.5887911903435977,0.9752544579125191,0.6754074842319793,0.9753009703076367,-0.2829274708252406,1.1454869128858376,-0.283918887936211,-0.9452668763383992,1.1321450287781447,-0.9446086344622794,0.4478059219842203,0.6144976056216563,0.4536927338506961,2.643811852451676
0.7027411062811321,1.7498727599639314,-0.3252156863343304,-0.6152155523078459,-0.5887911903435977,2.8450052824678025,0.8753171517733993,2.844831667446989,-0.17001060896594583,0.1953723871724071,-0.1697191139169339,-0.1904691251473367,-0.8596256518001767,-0.1927166159625087,0.05540874063814164,0.6144976056216563,0.057328587682799005,-1.2002121433141226
-2.257541688881814,-0.5127797575784685,-0.3252156863343304,-0.6152155523078459,-0.5887911903435977,-0.6681387372920748,1.4750461543976596,-0.6679807889613487,1.7575000329479848,-2.5049531069605004,1.757693398612505,-0.13040564362019644,0.008582080759604505,-0.13042970318737948,-0.1942985565820907,0.6144976056216563,-0.19370203822353588,0.3373974549921968
-1.0031845722873454,-0.5127797575784685,-0.3252156863343304,-0.6152155523078459,-0.5887911903435977,0.3237861588056591,-1.6735311093797067,0.3236174267767214,1.264231636404749,0.2953844425106629,1.2636045804066511,0.19994350477907505,0.8257187702276338,0.1988011214811594,-0.4440058538023224,0.6144976056216563,-0.4447326641298708,-0.4314073441609629
0.5522182522897958,-0.6795015220289611,-0.3252156863343304,-0.6152155523078459,-0.5887911903435977,-1.1944662331806686,-0.32414085347512117,-1.1940907593201937,-1.0040105886635458,0.1953723871724071,-1.004076646547573,1.363172930354692,0.9789318995028893,1.3644562034157153,-0.2299710276135523,-0.20750471077941549,-0.23333845284032595,0.3373974549921968
-0.3509188716582216,1.7498727599639314,3.074882430400277,-0.6152155523078459,-0.5887911903435977,-0.22830562009845995,0.9252945686587544,-0.2284732828591034,-0.04322676407129866,0.9454628022093259,-0.04386630173242341,-1.349694318621144,-0.6042704363414175,-1.3494735675006178,0.2694435668269118,0.6144976056216563,0.2687227989723444,-0.4314073441609629
0.2511725443071234,-0.6795015220289611,-0.3252156863343304,1.6254465548679973,0.3626413476519454,0.2464933097590821,0.17563331537842902,0.24675773974898882,-1.7647136580314282,-0.10466377884236042,-1.763854734920725,0.5383011173819654,-0.2978441777909065,0.536930076546145,0.6618407481729904,-0.20750471077941549,0.6650869451402415,-0.4314073441609629
-0.10004744833932785,-0.6795015220289611,-0.3252156863343304,-0.6152155523078459,-0.5887911903435977,1.1059161789198277,1.2251590699708845,1.1062871974957444,0.2796758408947558,0.5454145808563026,0.2800881592610373,-1.1454784814288668,-0.9617677379836803,-1.1448165683823368,-0.5510232668967078,0.20349644742112044,-0.5504297697746435,0.3373974549921968
1.3048325222464772,-0.5127797575784685,-0.3252156863343304,-0.6152155523078459,-0.5887911903435977,0.2593754512668452,-0.5240505210165413,0.25974810938747933,-0.10661868651862197,1.0454748575475818,-0.10679270782467824,-0.356644757372425,0.41715042549361914,-0.35733202829677774,-0.622368208959631,-0.6185058689799514,-0.6164904608026267,-0.4314073441609629
-0.07496030600743848,-0.5127797575784685,-0.3252156863343304,1.6254465548679973,1.0213254124180906,1.8144339618467804,-0.5740279379018963,1.8142623427934492,-2.1252552169505807,2.145607466268396,-2.125098918042929,-1.8602339116018363,-2.953538418562002,-1.86111606529632,-0.1942985565820907,0.20349644742112044,-0.19370203822353588,-1.2002121433141226
-0.2756574446625535,-0.5127797575784685,-0.3252156863343304,-0.6152155523078459,-0.5887911903435977,-1.2239111280555548,0.3755429829198491,-1.2244016218100038,-0.22547854110735358,-1.8548747472618377,-0.225653697110049,1.4272406439836414,1.2342871149616486,1.4267431161908444,1.3752901688022245,-0.20750471077941549,1.3785424082424567,1.1062022541453564
0.27625968663901274,1.7498727599639314,-0.3252156863343304,-0.6152155523078459,-0.5887911903435977,1.172167192388322,-1.1737569405261565,1.172321576491402,-0.36811036661383184,-0.15466980651148834,-0.3678207627258841,1.1749740215696518,-0.2978441777909065,1.173146399892105,0.9115480453932228,-1.0295070271804874,0.9161175710465763,-0.4314073441609629
0.47695682529412775,-0.5127797575784685,-0.3252156863343304,1.6254465548679973,1.8263837137989347,2.2045788189390243,-0.8738924392140264,2.2050559627513566,-0.7385569134153784,-0.8047481662101513,-0.7383873763802742,-1.0774065356981082,-0.6042704363414175,-1.0780805904089847,0.4834783930156819,0.20349644742112044,0.48011701026188924,-1.2002121433141226
-1.0784459992830135,-0.5127797575784685,-0.3252156863343304,1.6254465548679973,1.0213254124180906,0.8169881479600051,1.3251139037415944,0.8172514730393416,0.7551152592496823,-0.7547421385410233,0.7555321164025188,-0.5268246216993224,-0.7064125225249211,-0.5263965058292709,0.4478059219842203,1.0254987638221924,0.4536927338506961,0.3373974549921968
-0.576703152645226,-0.6795015220289611,-0.3252156863343304,-0.6152155523078459,-0.5887911903435977,-0.3203209165824798,0.7753623180026893,-0.32048840113174104,-0.16406761623650903,-0.7047361108718955,-0.16505789865084022,0.8025804361013823,0.008582080759604505,0.8038739884395547,-0.05160867245624374,-0.6185058689799514,-0.04836851796197371,0.3373974549921968
0.6525668216173534,-0.6795015220289611,-0.3252156863343304,-0.6152155523078459,-0.5887911903435977,-1.415302944742316,1.3750913206269495,-1.4149270431745236,-1.1288134359817144,-0.2546818618497442,-1.1299294587320825,-0.18246066094371788,-0.14463104851565098,-0.18381848556606187,-0.08728114348770531,0.20349644742112044,-0.08800493257876318,-0.4314073441609629
-0.7523131489684516,-0.5127797575784685,-0.3252156863343304,1.6254465548679973,1.6800094771842358,-1.183424397602586,-0.5240505210165413,-1.1832654512881184,0.331181777883206,-1.104784332224919,0.33136152718805956,0.7885656237450498,0.11072416694310817,0.7905267928448845,1.0185654584876076,-0.20750471077941549,1.0218146766913492,-0.4314073441609629
1.1292225259232516,-0.5127797575784685,-0.3252156863343304,-0.6152155523078459,-0.5887911903435977,0.48941369247689476,2.524571908990115,0.48924463966746906,-1.03174455473425,-0.5547180278645117,-1.0320439381441304,-0.6669727452626497,-0.451057307066162,-0.668766592172423,-1.4785075137147121,-0.6185058689799514,-1.475279444166404,-0.4314073441609629
-0.3509188716582216,1.7498727599639314,-0.3252156863343304,-0.6152155523078459,-0.5887911903435977,-1.183424397602586,-0.5240505210165413,-1.1832654512881184,1.226592682451651,-1.604844608916198,1.2263148582779073,0.9046883546975206,-1.5746202550847024,0.9062024879986953,1.0185654584876076,0.20349644742112044,1.0218146766913492,0.3373974549921968
-0.10004744833932785,-0.6795015220289611,-0.3252156863343304,-0.6152155523078459,-0.5887911903435977,-0.18413827778613084,-0.8239150223286714,-0.18408951992759587,-0.689031974003407,-0.7047361108718955,-0.6894446160862984,-0.17245008068919448,-0.8596256518001767,-0.17047128997139088,0.9115480453932228,0.6144976056216563,0.9161175710465763,1.1062022541453564
0.3264339713027915,-0.6795015220289611,-0.3252156863343304,1.6254465548679973,0.8017640574960422,-0.46202447316787065,-0.024276352162991052,-0.4622999363519234,0.8105831913910899,0.4454025255180467,0.8114666995956339,-0.8111251009277861,0.6214345978606265,-0.8111366785155746,0.840203103330299,-1.4405081853810233,0.8368447418129968,1.1062022541453564
-0.12513459067121724,-0.5127797575784685,-0.3252156863343304,1.6254465548679973,2.338693541950381,-1.308565200820853,-0.5240505210165413,-1.3088390244601884,0.11327204447053141,2.695673770628803,0.11228440968169025,-1.485838210082662,0.9278608564111375,-1.4873945886455464,1.1255828715819929,-0.20750471077941549,1.1275117823361218,-1.2002121433141226
-1.2038817109424602,-0.6795015220289611,-0.3252156863343304,1.6254465548679973,0.7285769391886927,-0.6055683356829412,0.3255655660344941,-0.6051940023753135,2.1655855337026306,-0.8047481662101513,2.1655497343956385,-0.43672939940861205,1.5407133735121594,-0.4374152018648013,-1.086110332368633,1.0254987638221924,-1.0921274362041034,-1.2002121433141226
1.2044839529189195,1.7498727599639314,-0.3252156863343304,-0.6152155523078459,-0.5887911903435977,-0.24118776160622304,-1.9733956106918369,-0.2414636524975935,0.3589157439539102,0.34539047017979085,0.35932881878461753,0.15589695165917242,1.5917844166039112,0.15431046949892377,-0.7293856220540164,0.6144976056216563,-0.7353997046529958,4.181421450757996
-0.20039601766688536,-0.6795015220289611,-0.3252156863343304,-0.6152155523078459,-0.5887911903435977,-0.007468908536812334,-0.3741182703604762,-0.007636999004773472,-0.23538352898974788,-1.754862691923582,-0.23497612764223474,1.0548470585153713,-0.6042704363414175,1.0530216395400707,0.6618407481729904,0.20349644742112044,0.6650869451402415,-0.4314073441609629
2.308318215522052,-0.5127797575784685,-0.3252156863343304,1.6254465548679973,1.6800094771842358,-1.9968396185213213,-2.123327861347902,-1.9973286153001588,-1.5052029755126974,0.24537841484153503,-1.505157287652566,-0.9012203232184965,0.41715042549361914,-0.9001179824800446,0.5191508640471435,-0.6185058689799514,0.5197534248786793,-1.2002121433141226
-0.8526617182960091,-0.6795015220289611,-0.3252156863343304,-0.6152155523078459,-0.5887911903435977,0.39923870192255523,0.025701064722363966,0.3993945830012467,-2.0420533187384686,1.0954808852167097,-2.041197043253256,0.039774220706701,0.9789318995028893,0.03863477434511296,-1.1574552744315565,-0.6185058689799514,-1.1581881272320862,-1.2002121433141226
1.5306168032334815,-0.5127797575784685,-0.3252156863343304,-0.6152155523078459,-0.5887911903435977,-2.0060411481697233,0.3755429829198491,-2.0059888617258186,-0.8554357704276313,-0.6547300832027676,-0.8549177580325982,-0.915235135574829,-0.9106966948919285,-0.9134651780747152,-0.40833338277086084,-0.6185058689799514,-0.4050962495130813,1.8750070532985164
-0.37600601399011097,1.7498727599639314,-0.3252156863343304,-0.6152155523078459,-0.5887911903435977,0.19864535558739188,0.7253849011173342,0.19912638440785904,-0.41763530602580334,1.4955291065697331,-0.41676352301986036,1.1609592092133194,-0.5531993932496656,1.1597992042974348,-0.05160867245624374,0.20349644742112044,-0.04836851796197371,1.1062022541453564
-2.1571931195542566,-0.5127797575784685,-0.3252156863343304,-0.6152155523078459,-0.5887911903435977,-0.8190438235258677,0.025701064722363966,-0.8195351014103985,-0.9544856492515743,-1.054778304555791,-0.9551338862535966,0.4862461000584439,-0.8596256518001767,0.487990359365686,-0.6580406799910925,0.20349644742112044,-0.6561268754194162,0.3373974549921968
-0.6268774373090047,-0.5127797575784685,-0.3252156863343304,-0.6152155523078459,-0.5887911903435977,1.7113768297846779,-0.17420860281905612,1.7114219164887365,0.7075713174141894,-0.2546818618497442,0.7065893561085426,0.700472517505244,0.26393729621836365,0.7015454888804141,-0.9077479772113245,-1.0295070271804874,-0.9071575013257511,-1.2002121433141226
0.8532639602724683,-0.5127797575784685,-0.3252156863343304,-0.6152155523078459,-0.5887911903435977,0.20600657930611357,-2.823011697742872,0.2056215692271043,-0.7781768649449556,0.4454025255180467,-0.7780077061420644,0.6283963396726757,0.008582080759604505,0.6303604457088381,-0.6580406799910925,-1.0295070271804874,-0.6561268754194162,-0.4314073441609629
0.15082397497956587,1.7498727599639314,-0.3252156863343304,1.6254465548679973,1.240886767340139,1.2678631007317023,-0.47407310413118625,1.2675842871736613,-1.612176844642556,0.7454386915328143,-1.6123652387727039,-0.12439929546748217,-0.8596256518001767,-0.12598063798915607,0.6261682771415289,-1.4405081853810233,0.625450530523452,-0.4314073441609629
-0.9028360029597878,-0.5127797575784685,-0.3252156863343304,-0.6152155523078459,-0.5887911903435977,-1.2643978585085236,-2.473169779545387,-1.264455261528681,0.3787257197186988,-0.8047481662101513,0.37797367984898894,0.029763640452177626,-0.5531993932496656,0.029736643948666156,-2.0849395212495607,3.9025068712259436,-2.0830378016238464,-0.4314073441609629
-0.6017902949771153,1.7498727599639314,-0.3252156863343304,1.6254465548679973,1.5336352405695368,0.5777483771015535,-0.5740279379018963,0.5780121655304841,0.45202263004841636,-0.15466980651148834,0.45255312410647636,-1.0433705628327283,0.3150083393101155,-1.0424880688231966,-0.1942985565820907,1.847501080223264,-0.19370203822353588,0.3373974549921968
-0.10004744833932785,-0.5127797575784685,-0.3252156863343304,-0.6152155523078459,-0.5887911903435977,0.7047294862495009,-0.7239601885579613,0.7046682695057618,-0.3304714126607334,-0.3046878895188721,-0.3305310405971404,0.8005783200504778,0.5192925116771229,0.7994249232413313,-1.3714901006203266,1.4364999220227281,-1.3695823385216315,1.1062022541453564
-0.4010931563220003,1.7498727599639314,-0.3252156863343304,-0.6152155523078459,-0.5887911903435977,0.7838626412257582,1.5750009881683695,0.7836930181399089,0.6105024361667252,0.04535430416502335,0.6110344431536369,0.46021859139668286,-1.2681939965341913,0.4612959681763456,0.2694435668269118,-1.0295070271804874,0.2687227989723444,1.1062022541453564
0.47695682529412775,-0.5127797575784685,-0.3252156863343304,1.6254465548679973,1.1676996490327896,0.6071932719764398,-1.3736666080675766,0.6072404972170862,1.125561806051229,0.1453663595032792,1.126098730056909,0.5463095815855842,0.9789318995028893,0.5458282069425918,-0.1942985565820907,3.4915057130254077,-0.19370203822353588,0.3373974549921968
-2.2826288312137035,-0.5127797575784685,-0.3252156863343304,-0.6152155523078459,-0.5887911903435977,0.7820223352960775,1.3251139037415944,0.7815279565334944,-0.9425996637927013,1.2454989682240936,-0.9434808480883645,0.5383011173819654,-1.0128387810754322,0.536930076546145,0.9472205164246843,-0.20750471077941549,0.9425418474577696,-0.4314073441609629
-0.576703152645226,-0.5127797575784685,-0.3252156863343304,-0.6152155523078459,-0.5887911903435977,0.2464933097590821,-0.7739376054433164,0.24675773974898882,-0.5662101242617179,0.24537841484153503,-0.5659224115348347,-1.4197683804028076,0.9789318995028893,-1.4206586106721937,-0.015936201424782154,-1.4405081853810233,-0.02194424155078053,-1.2002121433141226
-1.1035331416149028,-0.5127797575784685,-0.3252156863343304,-0.6152155523078459,-0.5887911903435977,-0.18597858371581114,-0.22418601970441113,-0.1862545815340112,0.6738943586140484,0.5954206085254304,0.6739608492458917,1.6995284269066766,-0.8596256518001767,1.6981360932824774,0.3407885088898349,-0.20750471077941549,0.3347834900003271,-1.2002121433141226
-0.47635458331766845,-0.5127797575784685,-0.3252156863343304,-0.6152155523078459,-0.5887911903435977,2.2193012663764677,0.4255203998052041,2.219128863193054,-0.3899013399550992,-0.004651723504104576,-0.3887962314233024,1.3932046711182622,-1.370336082717695,1.3911505946050564,0.5191508640471435,-0.20750471077941549,0.5197534248786793,-1.2002121433141226
-0.8526617182960091,-0.6795015220289611,-0.3252156863343304,-0.6152155523078459,-0.5887911903435977,-0.06451839235690505,0.9752719855441093,-0.06501113157477109,0.6996473271082739,1.8955773279227563,0.6995975332094028,-0.9612838047456368,0.21286625312661184,-0.9624048952551735,0.1267536827010648,-0.20750471077941549,0.12338927871078165,-0.4314073441609629
0.10064969031578713,-0.6795015220289611,-0.3252156863343304,-0.6152155523078459,-0.5887911903435977,-1.1815840916729057,-1.3736666080675766,-1.1811003896817036,1.3196995685461574,-0.8547541938792792,1.3195391635997662,-1.7280942522421274,-0.5021283501579138,-1.727644109349615,1.0899104005505313,0.20349644742112044,1.0878753677193318,1.1062022541453564
0.30134682897090215,-0.5127797575784685,-0.3252156863343304,-0.6152155523078459,-0.5887911903435977,0.1452764836266603,-0.17420860281905612,0.14499984424748405,0.14893000084715055,0.895456774540198,0.14957413181043394,-0.8331483774877375,0.059653123851356335,-0.833382004506692,-0.5510232668967078,0.6144976056216563,-0.5504297697746435,0.3373974549921968
-0.024786021343659734,-0.6795015220289611,-0.3252156863343304,-0.6152155523078459,-0.5887911903435977,0.09742852945497008,1.0752268193148193,0.09736848890635391,-0.3601863763079163,-0.40469994485712796,-0.3608289398267448,1.4893062415616858,-0.39998626397441017,1.4890300289659728,-1.835232224029329,1.4364999220227281,-1.8320071757175116,-0.4314073441609629
0.5522182522897958,1.7498727599639314,-0.3252156863343304,1.6254465548679973,1.7531965954915851,0.5998320482577186,-1.1737569405261565,0.5996627815946344,1.0067019514624973,-1.104784332224919,1.007237740771538,0.16390541586279067,-0.757483565616673,0.16320859989537137,-1.3001451585574035,-1.0295070271804874,-1.3035216474936484,1.1062022541453564
0.27625968663901274,1.7498727599639314,-0.3252156863343304,-0.6152155523078459,-0.5887911903435977,-0.09580359316147159,1.3251139037415944,-0.09532199406458083,1.1612197624278486,-1.4548265259088142,1.1610578445526056,-0.6009029155827952,1.030002942594641,-0.6020306141990703,0.3764609799212971,1.0254987638221924,0.37441990461711655,-0.4314073441609629
0.7278282486130215,-0.6795015220289611,-0.3252156863343304,-0.6152155523078459,-0.5887911903435977,0.5795886830312338,0.9252945686587544,0.5790946963336914,0.6025784458608097,0.9954688298784539,0.6017120126214511,0.40816357407316145,-1.0128387810754322,0.4079071857976632,-1.4071625716517886,1.847501080223264,-1.409218753138421,0.3373974549921968
-1.379491707265686,-0.6795015220289611,-0.3252156863343304,-0.6152155523078459,-0.5887911903435977,1.4298100225435768,-1.6735311093797067,1.4299639076547863,1.1968777188044684,-0.4547059725262559,1.1960169590483034,0.07781442567388995,0.3660793824018673,0.07867636112912436,1.1255828715819929,0.20349644742112044,1.1275117823361218,0.3373974549921968
-0.8777488606278985,-0.5127797575784685,-0.3252156863343304,1.6254465548679973,1.9727579504136337,0.20416627337643328,-0.024276352162991052,0.20453903842389626,1.2008397139574258,-0.35469391718800003,1.2006781743143962,0.1799223442700283,0.41715042549361914,0.181004860688265,-0.479678324833784,0.6144976056216563,-0.48436907874666085,-1.2002121433141226
-1.5801888459208009,-0.6795015220289611,-0.3252156863343304,-0.6152155523078459,-0.5887911903435977,-0.8926560607130836,-0.1242311859337011,-0.8931471960285084,-0.7484619012977728,-0.15466980651148834,-0.7477098069124604,-0.8311462614368329,0.3150083393101155,-0.833382004506692,-0.7293856220540164,0.6144976056216563,-0.7353997046529958,0.3373974549921968
-1.3544045649337966,-0.6795015220289611,-0.3252156863343304,1.6254465548679973,2.1191321870283324,-1.2312723517742765,2.47459449210476,-1.2308968066292487,0.856146135650104,-0.15466980651148834,0.8557482446235173,-0.43672939940861205,0.6214345978606265,-0.4374152018648013,1.0542379295190691,0.6144976056216563,1.0482389531025422,0.3373974549921968
0.4016953982984596,1.7498727599639314,-0.3252156863343304,1.6254465548679973,1.240886767340139,0.667923367655893,1.9748203232512098,0.6678622221967064,0.46390861550728946,-1.5548385812470702,0.4642061622717089,1.3491581179983585,0.6214345978606265,1.351109007821045,0.5548233350786057,-0.20750471077941549,0.5593898394954687,-1.2002121433141226
0.8783511026043578,-0.5127797575784685,-0.3252156863343304,1.6254465548679973,1.9727579504136337,0.47469124503945137,-0.7239601885579613,0.4751717392257713,1.9377708124075614,0.9454628022093259,1.9371501863570837,0.27402179866254783,0.21286625312661184,0.2744352298509588,-1.193127745463018,-0.20750471077941549,-1.1978245418488758,-0.4314073441609629
0.7529153909449109,-0.6795015220289611,-0.3252156863343304,1.6254465548679973,1.8263837137989347,-0.04795563898978138,-0.024276352162991052,-0.047690638723451084,-0.13237165501284737,-0.7547421385410233,-0.13242939178819021,1.058851290617181,1.2342871149616486,1.057470704738294,-1.7995597529978673,0.20349644742112044,-1.8055828993063185,-0.4314073441609629
-1.7307116999121372,-0.6795015220289611,-0.3252156863343304,-0.6152155523078459,-0.5887911903435977,-0.1565336888409249,-0.9238698560993814,-0.15702624984740837,-0.29877545143707174,0.09536033183415127,-0.29790253373449,0.055791149113938635,-1.8299754705434614,0.05643103513800736,-0.015936201424782154,1.0254987638221924,-0.02194424155078053,-0.4314073441609629
0.8030896756086896,-0.6795015220289611,-0.3252156863343304,-0.6152155523078459,-0.5887911903435977,-1.1392570552902566,-0.024276352162991052,-1.1388816883566109,-0.02935978103594687,0.24537841484153503,-0.029882655934144832,0.8726544978830459,0.9789318995028893,0.8706099664129073,0.5548233350786057,-0.20750471077941549,0.5593898394954687,-1.2002121433141226
-0.5014417256495578,-0.5127797575784685,-0.3252156863343304,-0.6152155523078459,-0.5887911903435977,-0.9165800377989284,1.0252494024294643,-0.9169628736990737,0.5827684700960211,0.24537841484153503,0.5830671515570789,-1.201537730854198,1.1832160718698967,-1.2026544159592423,1.0899104005505313,-0.6185058689799514,1.0878753677193318,-1.2002121433141226
0.6776539639492427,-0.6795015220289611,3.074882430400277,-0.6152155523078459,-0.5887911903435977,1.2052926991225688,0.5754526504612691,1.2047975005876266,-1.964794413255793,0.04535430416502335,-1.9642869913627221,-0.9652880368474459,0.8257187702276338,-0.9668539604533972,0.1624261537325264,0.20349644742112044,0.16302569332757172,-1.2002121433141226
1.430268233905924,1.7498727599639314,-0.3252156863343304,-0.6152155523078459,-0.5887911903435977,-0.07003931014594593,0.22561073226378406,-0.07042378559080867,-0.24528851687214218,-0.6047240555336396,-0.24429855817442045,-0.2445262585217627,-0.09356000542389915,-0.2461053983411903,0.2694435668269118,0.6144976056216563,0.2687227989723444,-0.4314073441609629
-0.5516160103133366,-0.5127797575784685,-0.3252156863343304,1.6254465548679973,1.899570832106284,-1.3987401913751925,-0.024276352162991052,-1.3986890811264112,0.7055903198377107,-1.104784332224919,0.7065893561085426,1.122919004246131,0.11072416694310817,1.1242066827116468,1.6249974660224569,-0.20750471077941549,1.6295730341487915,0.3373974549921968
-0.7774002913003409,-0.5127797575784685,-0.3252156863343304,-0.6152155523078459,-0.5887911903435977,-3.1617532720090122,-0.024276352162991052,-3.162131759551429,-1.2734262590646708,-0.8547541938792792,-1.2744271319809646,-0.8791970466585453,-0.5531993932496656,-0.8778726564889272,0.6618407481729904,-1.4405081853810233,0.6650869451402415,-1.2002121433141226
2.2079696461944947,1.7498727599639314,-0.3252156863343304,-0.6152155523078459,-0.5887911903435977,0.7396952989134287,-1.0238246898700913,0.7393092552084018,-1.1367374262876293,0.8454507468710701,-1.1369212816312222,-1.3997472198937608,-1.5746202550847024,-1.3984132846810764,0.5191508640471435,1.0254987638221924,0.5197534248786793,-0.4314073441609629
0.6525668216173534,-0.6795015220289611,-0.3252156863343304,1.6254465548679973,1.240886767340139,-0.12340818210667753,-0.47407310413118625,-0.12346779494797601,0.8937850896032025,-1.8048687195927098,0.893037966752261,1.9918373703387597,-0.04248896233214733,1.9917743963652284,-1.9422496371237141,-0.6185058689799514,-1.937704281362284,-1.2002121433141226
0.7780025332768002,-0.5127797575784685,-0.3252156863343304,-0.6152155523078459,-0.5887911903435977,0.2501739216184432,0.2755881491491391,0.2500053321586114,-1.4338870627594582,-0.3046878895188721,-1.432908451028125,-0.769080663858788,0.9789318995028893,-0.7710950917315632,0.4834783930156819,-0.20750471077941549,0.48011701026188924,2.643811852451676
-0.4512674409857791,-0.5127797575784685,-0.3252156863343304,1.6254465548679973,1.240886767340139,0.21336780302483527,-0.27416343658976616,0.21319928484955683,0.9908539708506662,1.7955652725845006,0.9909234873402126,0.978766648580994,-0.7064125225249211,0.9773875311702713,2.623826654903385,0.20349644742112044,2.620483399568535,0.3373974549921968
-0.7774002913003409,-0.5127797575784685,-0.3252156863343304,-0.6152155523078459,-0.5887911903435977,-0.4288989664336233,0.3755429829198491,-0.4287414814524911,-0.5880010976029852,0.7954447192019422,-0.5868978802322534,-0.08836120655119835,-0.19570209160740282,-0.09038811640336807,-0.5866957379281693,-0.20750471077941549,-0.5900661843914335,0.3373974549921968
1.4553553762378133,-0.5127797575784685,-0.3252156863343304,-0.6152155523078459,-0.5887911903435977,0.17288107257186622,0.22561073226378406,0.17314564513087885,0.8997280823326387,2.345631576944908,0.9000297896514007,0.8306100608140479,0.3150083393101155,0.8305683796288958,0.05540874063814164,0.20349644742112044,0.057328587682799005,-0.4314073441609629
0.8532639602724683,1.7498727599639314,-0.3252156863343304,-0.6152155523078459,-0.5887911903435977,-0.46570508502723124,1.4750461543976596,-0.46554752876154604,0.061766107482081146,-0.5047120001953838,0.061011041754667976,-0.8371526095895472,-2.0853306860022207,-0.8378310697049158,0.5548233350786057,-0.6185058689799514,0.5593898394954687,-1.2002121433141226
0.12573683264767652,-0.5127797575784685,-0.3252156863343304,-0.6152155523078459,-0.5887911903435977,0.1360749539782583,0.17563331537842902,0.13633959782182384,0.9809489829682718,0.8454507468710701,0.981601056808027,-1.113444624614392,-0.9617677379836803,-1.1136731119947727,0.2694435668269118,-0.6185058689799514,0.2687227989723444,-0.4314073441609629
1.104135383591362,1.7498727599639314,3.074882430400277,1.6254465548679973,1.6068223588768862,-0.0810811457240282,0.3255655660344941,-0.08124909362288345,-0.9386376686397433,0.7954447192019422,-0.9388196328222717,0.662432312538055,-0.757483565616673,0.6615039020964026,0.3051160378583733,-0.6185058689799514,0.3083592135891339,-0.4314073441609629
-0.17530887533499598,-0.6795015220289611,3.074882430400277,-0.6152155523078459,-0.5887911903435977,-0.17677705406740915,0.6254300673466242,-0.17651180430514335,1.408844459487706,-0.3046878895188721,1.408102253655533,-1.7981683140237912,-1.1149808672589359,-1.7988291525211908,-0.5510232668967078,-0.20750471077941549,-0.5504297697746435,-0.4314073441609629
-1.329317422601907,-0.5127797575784685,-0.3252156863343304,-0.6152155523078459,-0.5887911903435977,0.33114738252438025,-1.8234633600357717,0.3311951423991739,-1.2674832663352344,1.2955049958932214,-1.2674353090818253,0.8786608460357602,-0.9617677379836803,0.8795080968093542,1.0542379295190691,0.20349644742112044,1.0482389531025422,1.8750070532985164
-1.178794568610571,1.7498727599639314,-0.3252156863343304,1.6254465548679973,2.2655064236430316,-1.1429376671496174,-0.9238698560993814,-1.1432118115694412,-0.821758811627491,-2.0048928302692213,-0.8222892511699478,0.7184915619633861,0.6725056409523783,0.7193417496733084,0.3764609799212971,2.2585022384238003,0.37441990461711655,0.3373974549921968
0.35152111363468086,-0.6795015220289611,-0.3252156863343304,-0.6152155523078459,-0.5887911903435977,-0.018510744114895134,0.6754074842319793,-0.018462307036848626,1.392996478875875,-0.20467583418061627,1.3941186078572536,0.9086925867993303,-0.2978441777909065,0.9106515531969187,2.1957570025258435,0.20349644742112044,2.197694976989444,0.3373974549921968
0.5522182522897958,-0.5127797575784685,-0.3252156863343304,-0.6152155523078459,-0.5887911903435977,-0.7307091389012085,0.2755881491491391,-0.7307675755473835,-0.9307136783338282,0.04535430416502335,-0.931827809923132,-3.0114506408720247,-0.6553414794331693,-3.013423951636206,0.8045306322988374,-1.4405081853810233,0.8104204654018037,0.3373974549921968
0.8783511026043578,-0.6795015220289611,-0.3252156863343304,-0.6152155523078459,-0.5887911903435977,-0.4988305917614786,-0.17420860281905612,-0.4991059836609784,0.1627969838825029,-0.7547421385410233,0.16355777760871335,-1.6299905657477987,-0.04248896233214733,-1.629764674988698,-1.8709046950607908,2.2585022384238003,-1.8716435903343012,-0.4314073441609629
-0.9530102876235665,-0.6795015220289611,-0.3252156863343304,1.6254465548679973,1.240886767340139,0.1894438259389899,1.8248880725951446,0.1893836071789912,-1.6656637792074853,-1.2047963875631746,-1.665969214332773,-1.1815165703451511,0.5192925116771229,-1.1804090899681248,0.697513219204452,-1.0295070271804874,0.6915112215514346,-0.4314073441609629
0.5773053946216853,-0.5127797575784685,-0.3252156863343304,-0.6152155523078459,-0.5887911903435977,1.006539658717086,-1.9733956106918369,1.0066943636006542,-0.4235782987552396,0.5454145808563026,-0.42375534591899966,1.7015305429575818,0.8767898133193857,1.7025851584807008,0.05540874063814164,0.6144976056216563,0.057328587682799005,1.1062022541453564
0.5020439676260171,-0.6795015220289611,-0.3252156863343304,-0.6152155523078459,-0.5887911903435977,-0.17125613627836775,0.3755429829198491,-0.17109915028910616,2.967889552176569,-1.604844608916198,2.967278760163627,1.9317738888116194,-0.6553414794331693,1.9339365487883224,0.3407885088898349,-0.6185058689799514,0.3347834900003271,-1.2002121433141226
-0.7272260066365622,1.7498727599639314,-0.3252156863343304,-0.6152155523078459,-0.5887911903435977,-0.7509525041276928,0.5254752335759142,-0.7513356608083261,0.21628391844743192,0.09536033183415127,0.21716175316878164,-0.4207124710013744,-0.451057307066162,-0.41961894107190695,0.1980986247639886,-0.6185058689799514,0.20266210794436118,-0.4314073441609629
0.00030112098822963846,-0.5127797575784685,-0.3252156863343304,-0.6152155523078459,-0.5887911903435977,1.3525171734970005,-0.5740279379018963,1.3520216898238464,0.7372862810613724,0.6954326638636863,0.7368872553381465,-0.9252457158293524,-0.757483565616673,-0.9268123736693854,-0.1942985565820907,1.0254987638221924,-0.19370203822353588,1.8750070532985164
-0.07496030600743848,-0.5127797575784685,-0.3252156863343304,-0.6152155523078459,-0.5887911903435977,0.6900070388120576,1.0252494024294643,0.6895128382608567,2.0348396936550253,-1.3548144705705585,2.035035706945035,-0.06834004604215159,-1.4724781689011985,-0.06814279041225106,0.7688581612673758,-1.0295070271804874,0.7707840507850142,-1.2002121433141226
-0.47635458331766845,-0.5127797575784685,-0.3252156863343304,-0.6152155523078459,-0.5887911903435977,-0.23198623195782106,-1.1737569405261565,-0.231720875268726,-1.3645521475826983,-1.054778304555791,-1.3653208296697774,-0.2625453029799049,-0.09356000542389915,-0.2639016591340847,-0.30131596967647545,-1.4405081853810233,-0.29939914386830857,3.4126166516048357
-0.8024874336322303,-0.5127797575784685,-0.3252156863343304,1.6254465548679973,1.6800094771842358,0.2796188164933294,-1.8734407769211268,0.27923366384521425,-0.17991559684834013,-0.5047120001953838,-0.17904154444911963,-0.9512732244911134,1.4896423304204076,-0.9490576996605032,1.0542379295190691,-1.0295070271804874,1.0482389531025422,0.3373974549921968
0.6525668216173534,1.7498727599639314,3.074882430400277,-0.6152155523078459,-0.5887911903435977,0.02197598633807391,0.6754074842319793,0.021591332681828983,0.17468296934137595,0.895456774540198,0.17521081577394507,0.9887772288355173,0.26393729621836365,0.9907347267649416,-1.0147653903057097,-0.20750471077941549,-1.0128546069705238,0.3373974549921968
0.7278282486130215,-0.5127797575784685,-0.3252156863343304,-0.6152155523078459,-0.5887911903435977,0.6090335779061206,0.07567848160771899,0.6094055588235014,-0.21557355322495927,1.8455713002536285,-0.2163312665778633,-0.608911379786414,0.26393729621836365,-0.6109287445955172,0.1267536827010648,-0.20750471077941549,0.12338927871078165,-1.2002121433141226
0.226085401975234,-0.6795015220289611,-0.3252156863343304,-0.6152155523078459,-0.5887911903435977,-1.9361095228418683,0.8253397348880442,-1.9356243595173312,0.0023361801877153443,-0.10466377884236042,0.0027458509285060028,-0.16644373253648082,0.059653123851356335,-0.16602222477316747,-0.1586260855506285,1.0254987638221924,-0.15406562360674642,1.1062022541453564
-1.1286202839467923,-0.6795015220289611,-0.3252156863343304,-0.6152155523078459,-0.5887911903435977,0.5648662355937909,-1.0238246898700913,0.5650217958919943,-0.47706523332016915,-0.20467583418061627,-0.47735932147906873,-1.017343054170968,-2.238543815277476,-1.0157936776338554,1.8747047632426885,-0.20750471077941549,1.880603660055127,-0.4314073441609629
0.226085401975234,1.7498727599639314,-0.3252156863343304,-0.6152155523078459,-0.5887911903435977,-2.9593196197441687,-0.4240956872458312,-2.959698499351626,1.143390784239538,-0.9547662492175351,1.1424129834882344,-1.8201915905837427,-1.319265039625943,-1.8210744785123085,1.6249974660224569,-0.20750471077941549,1.6295730341487915,-0.4314073441609629
0.2511725443071234,-0.5127797575784685,-0.3252156863343304,-0.6152155523078459,-0.5887911903435977,1.4022054335983714,-0.17420860281905612,1.4018181067713915,0.0677091002115174,1.445523078900605,0.06800286465380767,-0.5848859871755576,-0.8085546087084248,-0.5842343534061764,0.7331856902359142,0.20349644742112044,0.7311476361682241,1.1062022541453564
0.47695682529412775,-0.5127797575784685,-0.3252156863343304,-0.6152155523078459,-0.5887911903435977,1.3304335023408358,0.9752719855441093,1.330371073759697,-1.0000485935105883,0.2953844425106629,-0.99941543128148,-0.9752986171019693,-0.19570209160740282,-0.975752090849844,-0.2299710276135523,-1.4405081853810233,-0.23333845284032595,0.3373974549921968
-1.655450272916469,-0.5127797575784685,-0.3252156863343304,-0.6152155523078459,-0.5887911903435977,1.492380424152711,-0.6739827716726063,1.492750694240822,1.1374477915101024,-1.104784332224919,1.1377517682221414,-1.3857324075374278,1.1832160718698967,-1.3850660890864057,-1.5855249268090972,-1.0295070271804874,-1.5809765498111765,-0.4314073441609629
0.10064969031578713,-0.5127797575784685,-0.3252156863343304,1.6254465548679973,1.1676996490327896,1.7481829483782858,-0.07425376904834607,1.7482279637977918,-0.14227664289524167,0.895456774540198,-0.14175182232037592,1.9838289061351415,0.468221468585371,1.9828762659687815,0.1980986247639886,-0.6185058689799514,0.20266210794436118,1.1062022541453564
0.9285253872681365,1.7498727599639314,-0.3252156863343304,1.6254465548679973,1.8263837137989347,-0.45098263758978835,1.9248429063658548,-0.45147462831984864,1.339509544310946,-1.054778304555791,1.3405146322971846,-0.28256646348895165,-1.4724781689011985,-0.2816979199269783,-0.1942985565820907,-0.20750471077941549,-0.19370203822353588,1.1062022541453564
1.0539610989275834,-0.6795015220289611,-0.3252156863343304,-0.6152155523078459,-0.5887911903435977,-0.44546171980074695,0.025701064722363966,-0.4449794435006034,0.2519418748240516,-0.5547180278645117,0.25212086766447933,0.7485233027269563,-1.9831885998187169,0.7504852060608731,-0.9434204482427865,2.6695033966243362,-0.9467939159425411,-0.4314073441609629
0.07556254798389776,-0.6795015220289611,3.074882430400277,-0.6152155523078459,-0.5887911903435977,-0.3552867292464074,-1.3736666080675766,-0.35512938683438106,1.8466449238895335,0.1453663595032792,1.8462564886682709,2.123977029698469,-0.5021283501579138,2.1252463523119336,0.840203103330299,0.20349644742112044,0.8368447418129968,1.8750070532985164
2.78497391982795,-0.5127797575784685,-0.3252156863343304,-0.6152155523078459,-0.5887911903435977,0.8519539606239327,1.3251139037415944,0.8518924587419817,2.0586116645727723,-0.8547541938792792,2.0583417832755004,-0.38667649813599514,1.642855459695663,-0.38847548468434234,0.840203103330299,-0.20750471077941549,0.8368447418129968,0.3373974549921968
0.10064969031578713,1.7498727599639314,-0.3252156863343304,-0.6152155523078459,-0.5887911903435977,0.5943111304686772,0.6254300673466242,0.5942501275785964,0.5134335549192609,1.3955170512314772,0.5131489225656851,-0.13841410782381525,0.7235766840441301,-0.13932783358382628,-0.479678324833784,1.0254987638221924,-0.48436907874666085,1.1062022541453564
-1.454753134261354,-0.5127797575784685,-0.3252156863343304,-0.6152155523078459,-0.5887911903435977,1.144562603443116,0.025701064722363966,1.1441757756080062,-1.4120960894181909,1.0454748575475818,-1.4119329823307067,1.287092520420314,0.21286625312661184,1.2888220950459157,-1.5498524557776352,-0.6185058689799514,-1.5545522733999833,-0.4314073441609629
-0.22548315999877472,-0.6795015220289611,-0.3252156863343304,-0.6152155523078459,-0.5887911903435977,-1.61957690293684,-0.5240505210165413,-1.619525364980741,-0.1383146477422842,1.1454869128858376,-0.13942121468732907,-0.5108076932920848,-0.7064125225249211,-0.5086002450363769,-0.37266091173939925,-0.20750471077941549,-0.3786719731018881,0.3373974549921968
-0.6017902949771153,-0.5127797575784685,-0.3252156863343304,-0.6152155523078459,-0.5887911903435977,-0.30743877507471723,0.5754526504612691,-0.30749803149325095,0.3648587366833464,-0.5547180278645117,0.3639900340507104,0.6584280804362459,-1.7278333843599578,0.6570548368981792,-1.2644726875259416,-0.6185058689799514,-1.2638852328768586,0.3373974549921968
-1.0784459992830135,-0.6795015220289611,-0.3252156863343304,1.6254465548679973,2.2655064236430316,0.5924708245389969,-3.0229213652842923,0.5920850659721818,1.4603503964761557,-1.2047963875631746,1.4593756215825553,0.19994350477907505,2.000352761337926,0.1988011214811594,-1.7282148109349438,-0.20750471077941549,-1.726310070072739,-0.4314073441609629
2.1076210768669372,-0.5127797575784685,-0.3252156863343304,1.6254465548679973,0.8017640574960422,-0.4123362130664996,1.1252042362001744,-0.4125035194043787,1.1295238012041864,-0.3046878895188721,1.1284293376899548,-0.20248182145276464,0.3660793824018673,-0.2016147463589555,-0.2299710276135523,0.6144976056216563,-0.23333845284032595,-1.2002121433141226
0.00030112098822963846,-0.6795015220289611,-0.3252156863343304,-0.6152155523078459,-0.5887911903435977,0.5501437881563476,0.3255655660344941,0.5498663646470893,0.5570155016017962,-0.20467583418061627,0.5574304675935677,-0.5628627106156062,-0.757483565616673,-0.561989027415059,-0.9434204482427865,-1.0295070271804874,-0.9467939159425411,1.1062022541453564
1.430268233905924,-0.5127797575784685,-0.3252156863343304,-0.6152155523078459,-0.5887911903435977,0.7930641708741603,0.025701064722363966,0.7934357953687768,0.04591812687025004,1.3955170512314772,0.0470273959563894,0.2019456208299796,0.3150083393101155,0.20325018667938277,-1.193127745463018,-1.0295070271804874,-1.1978245418488758,0.3373974549921968
-1.1286202839467923,-0.5127797575784685,-0.3252156863343304,1.6254465548679973,1.5336352405695368,-2.6133421049642545,0.7253849011173342,-2.613288642325226,-1.1208894456757987,0.5454145808563026,-1.1206070281998968,0.5222841889747277,0.059653123851356335,0.5235828809514741,-1.9065771660922524,-0.6185058689799514,-1.911280004951091,-0.4314073441609629
-2.132105977222367,1.7498727599639314,-0.3252156863343304,-0.6152155523078459,-0.5887911903435977,0.4765315509691317,-1.5735762756089966,0.4762542700289793,-0.6177160612501681,-0.35469391718800003,-0.6171957794618574,0.3921466456659238,-1.8299754705434614,0.3901109250047696,0.2337710957954502,-0.6185058689799514,0.22908638435555437,-1.2002121433141226
-0.024786021343659734,-0.5127797575784685,-0.3252156863343304,-0.6152155523078459,-0.5887911903435977,-0.2522295971843053,0.07567848160771899,-0.25228896052966865,0.7016283246847527,-0.15466980651148834,0.7019281408424497,-1.3256689260102876,-0.3489152208826583,-1.3272282415095003,0.2337710957954502,-0.20750471077941549,0.22908638435555437,-0.4314073441609629
0.30134682897090215,-0.6795015220289611,-0.3252156863343304,-0.6152155523078459,-0.5887911903435977,0.2593754512668452,-0.07425376904834607,0.25974810938747933,0.4104216809423604,1.2454989682240936,0.4106021867116398,-0.5648648266665108,-1.676762341268206,-0.5664380926132824,0.1267536827010648,0.6144976056216563,0.12338927871078165,-0.4314073441609629
0.4518696829622384,-0.6795015220289611,-0.3252156863343304,-0.6152155523078459,-0.5887911903435977,-1.0196371698610307,-1.6235536924943517,-1.0198033000037863,0.1271390275058832,-0.6047240555336396,0.12626805547996964,-0.8631801182513076,-0.3489152208826583,-0.8645254608942566,1.6249974660224569,-1.4405081853810233,1.6295730341487915,-1.2002121433141226
-0.37600601399011097,-0.6795015220289611,-0.3252156863343304,1.6254465548679973,0.9481382941107411,0.33482799438374133,-0.07425376904834607,0.33444273480879655,-0.6949749667328438,-0.004651723504104576,-0.6941058313523912,0.14989060350645816,1.030002942594641,0.14986140430070038,-0.05160867245624374,1.847501080223264,-0.04836851796197371,-1.2002121433141226
-1.7056245575802478,-0.5127797575784685,-0.3252156863343304,-0.6152155523078459,-0.5887911903435977,0.0863866938768878,0.5254752335759142,0.08654318087427915,0.061766107482081146,0.49540855318717464,0.061011041754667976,0.7385127224724329,0.008582080759604505,0.7371380104662021,-0.33698844070793704,0.20349644742112044,-0.33903555848509864,1.1062022541453564
0.6776539639492427,1.7498727599639314,3.074882430400277,1.6254465548679973,1.7531965954915851,0.8059463123819228,-0.9738472729847364,0.8064261650072665,-0.23538352898974788,-1.3048084429014306,-0.23497612764223474,-0.9132330195239244,0.059653123851356335,-0.9134651780747152,-0.30131596967647545,-1.0295070271804874,-0.29939914386830857,0.3373974549921968
-0.576703152645226,-0.6795015220289611,-0.3252156863343304,-0.6152155523078459,-0.5887911903435977,-1.7060712816318186,0.07567848160771899,-1.7061278292373412,-0.14029564531876293,-1.8048687195927098,-0.13942121468732907,0.10584405038655553,1.030002942594641,0.10537075231846557,0.2694435668269118,0.20349644742112044,0.2687227989723444,-1.2002121433141226
0.7278282486130215,1.7498727599639314,-0.3252156863343304,1.6254465548679973,1.3140738856474885,1.4261294106842164,0.3755429829198491,1.4256337844419564,0.4678706106602475,1.0954808852167097,0.4688673775378018,0.06980596147027114,0.9278608564111375,0.06977823073267757,0.840203103330299,-0.20750471077941549,0.8368447418129968,-0.4314073441609629
1.3550068069102559,-0.5127797575784685,-0.3252156863343304,-0.6152155523078459,-0.5887911903435977,0.031177515986475893,0.5254752335759142,0.03133410991069647,-0.6533740176267878,-0.40469994485712796,-0.6544855015906011,-0.6409452366008888,1.1321450287781447,-0.6420722009830817,0.3764609799212971,-0.6185058689799514,0.37441990461711655,1.1062022541453564
2.258143930858273,-0.6795015220289611,-0.3252156863343304,-0.6152155523078459,-0.5887911903435977,-0.3258418343715212,0.17563331537842902,-0.3259010551477786,0.8026592010851744,0.9954688298784539,0.8021442690634482,0.1979413887281705,-0.8596256518001767,0.1988011214811594,0.2337710957954502,1.0254987638221924,0.22908638435555437,-0.4314073441609629
0.07556254798389776,-0.5127797575784685,-0.3252156863343304,-0.6152155523078459,-0.5887911903435977,-1.1263749137824937,-0.4240956872458312,-1.1258913187181212,-0.4532932624024225,0.4454025255180467,-0.45405324514860407,1.1048999597879883,-0.09356000542389915,1.1064104219187523,0.6618407481729904,-0.20750471077941549,0.6650869451402415,-0.4314073441609629
0.7529153909449109,1.7498727599639314,-0.3252156863343304,-0.6152155523078459,-0.5887911903435977,0.15079740141570167,0.4754978166905591,0.15041249826352163,-0.0036068125417214616,0.04535430416502335,-0.004245971970633699,0.041776336757605566,1.2853581580534004,0.04308383954333636,-0.015936201424782154,2.6695033966243362,-0.02194424155078053,0.3373974549921968
0.10064969031578713,1.7498727599639314,3.074882430400277,1.6254465548679973,1.4604481222621875,-0.4344198842226647,-0.5740279379018963,-0.43415413546852866,-1.853858548972977,0.6954326638636863,-1.8547484326095378,-0.6569621650081263,-0.24677313469915466,-0.6554193965777524,1.5893249949909947,-0.6185058689799514,1.5899366195320022,-1.2002121433141226
-1.780885984575916,-0.5127797575784685,-0.3252156863343304,-0.6152155523078459,-0.5887911903435977,-0.18045766592676973,2.17472999079263,-0.18084192751797362,0.4856995888485568,0.895456774540198,0.4851816309691272,-0.6169198439900329,-0.3489152208826583,-0.6153778097937409,0.4121334509527587,1.0254987638221924,0.4140563192339066,-0.4314073441609629
0.47695682529412775,1.7498727599639314,-0.3252156863343304,1.6254465548679973,2.5582548968724295,-0.03323319155233799,0.8253397348880442,-0.03361773828175369,-0.5067801969673521,-1.5048325535779423,-0.5076572207086728,-0.7850975922660252,0.8767898133193857,-0.7844422873262338,0.4478059219842203,-0.20750471077941549,0.4536927338506961,-0.4314073441609629
3.0860196278106224,1.7498727599639314,3.074882430400277,-0.6152155523078459,-0.5887911903435977,-0.1510127710518835,-0.07425376904834607,-0.15053106502816352,-0.8059108310156599,0.1453663595032792,-0.8059749977386224,0.237983709746264,0.11072416694310817,0.2388427082651708,-1.8709046950607908,-1.0295070271804874,-1.8716435903343012,-0.4314073441609629
1.2797453799145877,-0.5127797575784685,-0.3252156863343304,-0.6152155523078459,-0.5887911903435977,-0.7031045499560025,0.07567848160771899,-0.7026217746639887,1.234516672757566,-0.3046878895188721,1.235637288810093,0.13187155904831596,0.6725056409523783,0.13206514350780676,-2.441664231564178,-0.20750471077941549,-2.4397655331749544,0.3373974549921968
-0.5014417256495578,-0.5127797575784685,-0.3252156863343304,-0.6152155523078459,-0.5887911903435977,0.3440295240321433,-0.3741182703604762,0.3441855120376637,0.2024169354120801,0.3953964978489188,0.20317810737050304,-0.14442045597652892,-1.4724781689011985,-0.14377689878205047,0.05540874063814164,0.6144976056216563,0.057328587682799005,0.3373974549921968
-0.30074458699444284,1.7498727599639314,-0.3252156863343304,-0.6152155523078459,-0.5887911903435977,2.2855522798449615,-0.27416343658976616,2.285163242188711,1.1929157236515096,0.6954326638636863,1.1936863514152565,2.234093412498226,-0.5531993932496656,2.232023917069297,-1.7638872819664058,-0.6185058689799514,-1.7659464846895288,-0.4314073441609629
0.12573683264767652,-0.6795015220289611,-0.3252156863343304,-0.6152155523078459,-0.5887911903435977,-0.38657193005097445,-1.3236891911822215,-0.3865227801273985,-2.701725511705929,1.9455833555918844,-2.70075900340541,-0.04031042132948602,0.16179521003486,-0.041448399222909854,-0.015936201424782154,-0.20750471077941549,-0.02194424155078053,-0.4314073441609629
-0.1502217330031066,-0.6795015220289611,-0.3252156863343304,-0.6152155523078459,-0.5887911903435977,0.19312443779835048,0.9252945686587544,0.1926311995886138,-0.8633597607335469,-1.5048325535779423,-0.8642401885647842,-0.38067014998328086,1.030002942594641,-0.3795773542878955,1.339617697770763,0.6144976056216563,1.3389059936256666,-1.2002121433141226
-0.22548315999877472,-0.5127797575784685,-0.3252156863343304,1.6254465548679973,1.8263837137989347,1.1666462745992805,-0.4240956872458312,1.166908922475364,0.2598658651299672,-0.40469994485712796,0.259112690563619,0.5643286260437258,0.21286625312661184,0.5636244677354855,0.6618407481729904,-1.0295070271804874,0.6650869451402415,0.3373974549921968
1.2546582375826985,-0.6795015220289611,-0.3252156863343304,1.6254465548679973,0.6553898208813432,0.6439993905700477,-0.17420860281905612,0.6440465445261415,-1.2318253099586147,-0.5047120001953838,-1.232476194586128,-0.6289325402954608,-2.851396332378498,-0.6287250053884111,-0.5866957379281693,-0.20750471077941549,-0.5900661843914335,-0.4314073441609629
1.5306168032334815,-0.6795015220289611,-0.3252156863343304,1.6254465548679973,1.3140738856474885,-0.00010768481809116588,2.17472999079263,-5.928338232094024e-05,0.3450487609185578,1.445523078900605,0.34534517298633816,0.23598159369535945,0.26393729621836365,0.23439364306694738,-0.33698844070793704,1.4364999220227281,-0.33903555848509864,-0.4314073441609629
0.2511725443071234,-0.5127797575784685,-0.3252156863343304,-0.6152155523078459,-0.5887911903435977,0.7820223352960775,-0.22418601970441113,0.7815279565334944,-0.7563858916036883,0.5454145808563026,-0.7570322374446461,-0.31259820425252177,1.030002942594641,-0.3128413763145429,0.5904958061100672,1.0254987638221924,0.585814115906662,1.8750070532985164
-1.3042302802700179,-0.5127797575784685,-0.3252156863343304,1.6254465548679973,1.4604481222621875,0.6384784727810068,-1.1237795236408015,0.6386338905101043,0.6837993464964428,-0.004651723504104576,0.6832832797780773,0.11385251459017377,0.3660793824018673,0.11426888271491238,-0.8007305641169394,3.4915057130254077,-0.8014603956809784,1.1062022541453564
-0.024786021343659734,-0.5127797575784685,-0.3252156863343304,-0.6152155523078459,-0.5887911903435977,0.4434060442348849,1.0752268193148193,0.44377834593275384,1.6326971856298176,-1.2047963875631746,1.6318405864279943,-0.06433581394034191,-0.8596256518001767,-0.06369372521402686,0.8045306322988374,-0.6185058689799514,0.8104204654018037,-1.2002121433141226
-0.30074458699444284,-0.5127797575784685,-0.3252156863343304,-0.6152155523078459,-0.5887911903435977,-1.660063633389809,-1.7235085262650618,-1.6595790046994185,-0.4235782987552396,0.1953723871724071,-0.42375534591899966,0.4922524482111576,0.8257187702276338,0.4924394245639102,0.7331856902359142,-1.4405081853810233,0.7311476361682241,1.1062022541453564
0.627479679285464,-0.6795015220289611,3.074882430400277,-0.6152155523078459,-0.5887911903435977,0.32930707659469993,1.2751364868562394,0.32903008079275936,0.9076520726385542,0.5954206085254304,0.9070216125505396,1.6975263108557728,0.21286625312661184,1.6981360932824774,0.8045306322988374,1.4364999220227281,0.8104204654018037,0.3373974549921968
0.27625968663901274,-0.5127797575784685,-0.3252156863343304,1.6254465548679973,0.5822027025739938,0.7709804997179952,0.4754978166905591,0.7707026485014192,-1.3962481088063603,1.1454869128858376,-1.3956187288993813,-0.010278680565915885,0.41715042549361914,-0.01030494283534525,0.3764609799212971,-0.6185058689799514,0.37441990461711655,-0.4314073441609629
0.6023925369535746,-0.6795015220289611,-0.3252156863343304,-0.6152155523078459,-0.5887911903435977,-0.7840780108619401,-0.32414085347512117,-0.7838115849045512,0.18062596207081277,-0.8547541938792792,0.17987203104003793,0.7585338829814797,0.7235766840441301,0.7593833364573199,-0.5866957379281693,-0.20750471077941549,-0.5900661843914335,-0.4314073441609629
-0.7021388643046729,-0.5127797575784685,-0.3252156863343304,-0.6152155523078459,-0.5887911903435977,-0.7840780108619401,0.07567848160771899,-0.7838115849045512,0.20043593783560137,0.6954326638636863,0.20084749973745702,-0.18246066094371788,1.030002942594641,-0.18381848556606187,0.3051160378583733,-0.20750471077941549,0.3083592135891339,-0.4314073441609629
0.5522182522897958,-0.5127797575784685,-0.3252156863343304,-0.6152155523078459,-0.5887911903435977,-0.5466785459331688,-0.1242311859337011,-0.5467373390021085,-2.1965711297038197,-0.2546818618497442,-2.1973477546673705,2.5123875435739755,-0.451057307066162,2.5123150245573775,0.3051160378583733,-0.6185058689799514,0.3083592135891339,1.1062022541453564
-1.4296659919294648,-0.6795015220289611,-0.3252156863343304,-0.6152155523078459,-0.5887911903435977,0.4581284916723277,0.8253397348880442,0.4578512463744516,0.08950007355278475,-0.3046878895188721,0.08897833335122596,-0.7190277625861712,-0.8085546087084248,-0.7177063093528812,0.1624261537325264,0.20349644742112044,0.16302569332757172,-1.2002121433141226
-1.4296659919294648,1.7498727599639314,-0.3252156863343304,-0.6152155523078459,-0.5887911903435977,0.890600385147221,1.0252494024294643,0.8908635676574517,1.5019513455822122,-1.054778304555791,1.5013265589773919,1.5874099280560154,-1.1660519103506877,1.58690946332689,-0.12295361451916689,0.20349644742112044,-0.12764134719555323,0.3373974549921968
-1.780885984575916,1.7498727599639314,-0.3252156863343304,-0.6152155523078459,-0.5887911903435977,0.8777182436394584,-0.6240053547872513,0.8778731980189611,-0.3601863763079163,-0.004651723504104576,-0.3608289398267448,-0.17645431279100418,1.744997545879167,-0.1749203551696143,0.8045306322988374,-0.6185058689799514,0.8104204654018037,-1.2002121433141226
0.07556254798389776,-0.6795015220289611,-0.3252156863343304,-0.6152155523078459,-0.5887911903435977,-0.16757552441900717,-0.17420860281905612,-0.16785155787948353,-0.7643098819096039,0.5454145808563026,-0.7640240603437858,0.2039477368808842,1.5917844166039112,0.20325018667938277,-1.4785075137147121,-1.4405081853810233,-1.475279444166404,-0.4314073441609629
-0.37600601399011097,-0.6795015220289611,-0.3252156863343304,-0.6152155523078459,-0.5887911903435977,-0.5798040526674161,-1.4736214418382867,-0.580295793901541,1.6723171371593948,-0.4547059725262559,1.6714609161897849,-0.6829896736698868,2.8174894508059554,-0.6821137877670932,-1.4428350426832501,-0.6185058689799514,-1.4488551677552108,0.3373974549921968
-0.3509188716582216,1.7498727599639314,-0.3252156863343304,-0.6152155523078459,-0.5887911903435977,-0.48594845025371547,0.2755881491491391,-0.4861156140224887,0.47183260581320496,0.8454507468710701,0.47119798517084777,1.4592745007981156,2.6642763215307,1.457886572578409,-0.479678324833784,0.20349644742112044,-0.48436907874666085,0.3373974549921968
2.233056788526384,-0.5127797575784685,-0.3252156863343304,-0.6152155523078459,-0.5887911903435977,-0.6773402669404769,-0.22418601970441113,-0.6777235661902161,-0.4513122648259438,-0.20467583418061627,-0.45172263751555763,-1.7461132967002697,0.8767898133193857,-1.7454403701425092,-1.3001451585574035,-0.20750471077941549,-1.3035216474936484,-1.2002121433141226
0.9786996719319152,-0.5127797575784685,-0.3252156863343304,-0.6152155523078459,-0.5887911903435977,-0.5521994637222102,-1.4736214418382867,-0.5521499930181462,0.23411289663574175,-0.15466980651148834,0.23347600660010703,0.9086925867993303,-1.676762341268206,0.9106515531969187,0.840203103330299,-0.20750471077941549,0.8368447418129968,1.1062022541453564
-0.651964579640894,-0.5127797575784685,-0.3252156863343304,-0.6152155523078459,-0.5887911903435977,-0.6718193491514359,-0.4240956872458312,-0.6723109121741786,0.16675897903546041,2.0956014385992683,0.16588838524175936,-0.5508500143101783,-0.19570209160740282,-0.5486418318203884,0.5904958061100672,1.847501080223264,0.585814115906662,-0.4314073441609629
1.706226799556707,-0.6795015220289611,-0.3252156863343304,-0.6152155523078459,-0.5887911903435977,-0.6847014906591985,-0.9238698560993814,-0.6842187510094611,0.6085214385902464,0.49540855318717464,0.6087038355205908,-1.387734523588333,-1.676762341268206,-1.3895151542846291,-0.08728114348770531,-0.20750471077941549,-0.08800493257876318,0.3373974549921968
-0.9279231452916772,-0.5127797575784685,-0.3252156863343304,-0.6152155523078459,-0.5887911903435977,0.48757338654721394,-1.2237343574115116,0.4870795780610537,0.628331414355035,-1.2047963875631746,0.6273486965849623,1.0228132017008966,-0.19570209160740282,1.0218781831525061,1.196927813644916,-1.0295070271804874,1.1935724733641044,-0.4314073441609629
-0.3509188716582216,1.7498727599639314,-0.3252156863343304,-0.6152155523078459,-0.5887911903435977,0.1802422962905879,0.6254300673466242,0.18072336075333137,0.0835570808233485,-0.004651723504104576,0.08431711808513309,0.4241805024803985,-0.3489152208826583,0.42570344659055764,1.1255828715819929,-0.6185058689799514,1.1275117823361218,-0.4314073441609629
-1.1035331416149028,-0.5127797575784685,-0.3252156863343304,-0.6152155523078459,-0.5887911903435977,0.17656168443122733,2.824436410302245,0.17639323754050146,-0.5107421921203096,-1.5048325535779423,-0.5099878283417196,0.4281847345822082,0.8767898133193857,0.430152511788781,0.3407885088898349,0.20349644742112044,0.3347834900003271,1.1062022541453564
-0.17530887533499598,-0.5127797575784685,-0.3252156863343304,-0.6152155523078459,-0.5887911903435977,0.7562580522805523,0.5254752335759142,0.7566297480597214,-0.8811887389218568,-1.654850636585326,-0.8805544419961097,-0.2525347227253815,-0.5531993932496656,-0.2505544635394137,0.09108121166960323,-0.20750471077941549,0.09696500229958847,0.3373974549921968
-0.47635458331766845,-0.5127797575784685,-0.3252156863343304,-0.6152155523078459,-0.5887911903435977,0.360592277399267,0.5754526504612691,0.3604234740857768,-0.14425764047172043,0.9954688298784539,-0.14408242995342194,1.0788724511262278,0.8767898133193857,1.0797160307294111,-1.1574552744315565,2.2585022384238003,-1.1581881272320862,-1.2002121433141226
0.5020439676260171,1.7498727599639314,-0.3252156863343304,1.6254465548679973,1.3140738856474885,-0.17125613627836775,-0.47407310413118625,-0.17109915028910616,1.066131878756863,-0.5047120001953838,1.0655029315977,0.38213606541140044,1.1321450287781447,0.3812127946083228,1.7320148791168417,0.20349644742112044,1.7352701397935644,-1.2002121433141226
-1.329317422601907,-0.5127797575784685,-0.3252156863343304,1.6254465548679973,2.0459450687209833,0.9421289511782722,-0.4240956872458312,0.9417425154082041,-0.6553550152032666,1.0454748575475818,-0.6544855015906011,1.391202555067357,-0.6553414794331693,1.3911505946050564,-0.9434204482427865,-0.20750471077941549,-0.9467939159425411,1.1062022541453564
0.3264339713027915,-0.6795015220289611,-0.3252156863343304,-0.6152155523078459,-0.5887911903435977,0.4434060442348849,-0.7739376054433164,0.44377834593275384,-2.236191081233397,0.49540855318717464,-2.23696808442916,-0.6869939057716965,1.1321450287781447,-0.6865628529653166,0.5191508640471435,-0.20750471077941549,0.5197534248786793,-0.4314073441609629
-1.053358856951124,-0.6795015220289611,-0.3252156863343304,1.6254465548679973,1.7531965954915851,0.5924708245389969,0.9752719855441093,0.5920850659721818,0.0439371292937713,1.7955652725845006,0.044696788323342555,0.2600069863062153,-0.24677313469915466,0.2610880342562878,-0.5153507958652456,0.20349644742112044,-0.510793355157854,-0.4314073441609629
1.430268233905924,1.7498727599639314,-0.3252156863343304,-0.6152155523078459,-0.5887911903435977,0.46917032725041,-0.17420860281905612,0.4686765544065268,0.7907732156263013,-1.1547903598940468,0.7904912308982156,-2.4188242898042405,0.41715042549361914,-2.417249215074257,1.48230758189661,3.0805045548248717,1.4842395138872293,-1.2002121433141226
0.5271311099579065,-0.6795015220289611,-0.3252156863343304,1.6254465548679973,1.3872610039548379,1.3617187031454023,-0.8239150223286714,1.3617644670527143,0.5649394919077112,0.4454025255180467,0.5644222904927074,-0.20047970540186008,1.1832160718698967,-0.2016147463589555,-0.37266091173939925,0.20349644742112044,-0.3786719731018881,4.181421450757996
0.025388263320119012,-0.6795015220289611,-0.3252156863343304,-0.6152155523078459,-0.5887911903435977,-0.427058660503943,-1.6735311093797067,-0.4265764198460761,0.07167109536447545,0.1453663595032792,0.07266407991990054,-1.1735081061415322,-1.4214071258094467,-1.171510959571678,-0.12295361451916689,-1.0295070271804874,-0.12764134719555323,0.3373974549921968
0.5773053946216853,-0.5127797575784685,-0.3252156863343304,1.6254465548679973,1.4604481222621875,1.3193916667627537,0.17563331537842902,1.3195457657276217,0.48371859127207806,-0.5547180278645117,0.4828510233360804,1.0288195498536108,1.081073985686393,1.030776313548953,-0.979092919274248,0.20349644742112044,-0.9732181923537343,-0.4314073441609629
0.6525668216173534,-0.5127797575784685,-0.3252156863343304,-0.6152155523078459,-0.5887911903435977,1.5991181680741742,0.2755881491491391,1.5988387129551567,1.2701746291341858,3.395758157996594,1.2705964033057908,0.13387367509922055,0.9789318995028893,0.13206514350780676,-1.5498524557776352,-1.0295070271804874,-1.5545522733999833,-0.4314073441609629
-1.780885984575916,-0.5127797575784685,-0.3252156863343304,1.6254465548679973,1.6068223588768862,0.6936876506714187,-1.3236891911822215,0.6938429614736866,0.2598658651299672,-0.7047361108718955,0.259112690563619,0.5342968852801556,0.21286625312661184,0.5324810113479217,-1.3001451585574035,-0.6185058689799514,-1.3035216474936484,-1.2002121433141226
0.00030112098822963846,-0.5127797575784685,-0.3252156863343304,1.6254465548679973,1.4604481222621875,0.7470565226321503,-0.22418601970441113,0.7468869708308543,1.6861841201947465,-1.4048204982396864,1.6854445619880636,0.04978480096122438,0.5703635547688747,0.051981969939783955,-0.30131596967647545,0.6144976056216563,-0.29939914386830857,1.8750070532985164
0.9536125296000258,1.7498727599639314,-0.3252156863343304,-0.6152155523078459,-0.5887911903435977,-0.8337662709633106,0.2755881491491391,-0.8336080018520959,0.21034092571799567,-0.10466377884236042,0.21016993026964276,-0.13841410782381525,1.2853581580534004,-0.13932783358382628,-0.015936201424782154,-1.0295070271804874,-0.02194424155078053,2.643811852451676
0.9285253872681365,1.7498727599639314,3.074882430400277,-0.6152155523078459,-0.5887911903435977,-2.4513951831523793,0.17563331537842902,-2.450909021844101,-0.2908514611311562,0.6954326638636863,-0.2909107108353503,-0.6609663971099354,-0.24677313469915466,-0.6598684617759758,-0.2299710276135523,-0.20750471077941549,-0.23333845284032595,1.8750070532985164
0.07556254798389776,1.7498727599639314,-0.3252156863343304,-0.6152155523078459,-0.5887911903435977,1.002859046857725,1.3750913206269495,1.0023642403878243,1.8307969432777036,-0.40469994485712796,1.8299422352369454,-0.33261936476156856,-1.063909824167184,-0.3306376371074373,-0.1586260855506285,0.6144976056216563,-0.15406562360674642,-1.2002121433141226
1.505529660901592,-0.5127797575784685,-0.3252156863343304,-0.6152155523078459,-0.5887911903435977,0.22440963860291754,0.6254300673466242,0.2240245928816312,-2.570979671658324,-0.6547300832027676,-2.5702449759548065,0.08582288987750877,0.3660793824018673,0.08757449152557197,1.1255828715819929,-0.20750471077941549,1.1275117823361218,1.8750070532985164
-0.6770517219727835,-0.5127797575784685,-0.3252156863343304,1.6254465548679973,1.240886767340139,0.274097898704288,-0.8239150223286714,0.2738210098291763,-1.6002908591836826,0.1453663595032792,-1.6007122006074717,-0.5007971130375615,-1.2681939965341913,-0.49970211463992975,1.0185654584876076,-1.0295070271804874,1.0218146766913492,0.3373974549921968
1.4051810915740346,-0.5127797575784685,-0.3252156863343304,-0.6152155523078459,-0.5887911903435977,0.7544177463508714,0.22561073226378406,0.7544646864533069,-1.612176844642556,1.3455110235623493,-1.6123652387727039,-0.7090171823316478,0.6725056409523783,-0.7088081789564343,0.4478059219842203,1.0254987638221924,0.4536927338506961,1.8750070532985164
-0.37600601399011097,-0.6795015220289611,-0.3252156863343304,1.6254465548679973,1.6800094771842358,-0.22278470230941907,1.9248429063658548,-0.2230606288430662,-1.736979691960724,0.895456774540198,-1.7358874433241673,0.9287137473083771,1.081073985686393,0.9284478139898124,0.697513219204452,0.6144976056216563,0.6915112215514346,-0.4314073441609629
-0.20039601766688536,-0.6795015220289611,-0.3252156863343304,-0.6152155523078459,-0.5887911903435977,-0.2798341861295113,-0.27416343658976616,-0.27935223060985614,0.5986164507078522,-0.6547300832027676,0.5993814049884043,-1.0133388220691584,-0.451057307066162,-1.011344612435632,-0.12295361451916689,-0.6185058689799514,-0.12764134719555323,1.8750070532985164
-0.7774002913003409,1.7498727599639314,-0.3252156863343304,-0.6152155523078459,-0.5887911903435977,-2.212155412293928,0.12565589849307401,-2.2116697143352435,1.1196188133217921,0.2953844425106629,1.1191069071577693,0.15589695165917242,-0.7064125225249211,0.15431046949892377,0.3051160378583733,0.6144976056216563,0.3083592135891339,-1.2002121433141226
0.10064969031578713,-0.5127797575784685,-0.3252156863343304,-0.6152155523078459,-0.5887911903435977,-0.427058660503943,0.07567848160771899,-0.4265764198460761,-1.1981483511584743,1.6955532172462449,-1.1975170800904307,0.5383011173819654,0.5703635547688747,0.536930076546145,0.697513219204452,-1.0295070271804874,0.6915112215514346,0.3373974549921968
1.1793968105870303,1.7498727599639314,-0.3252156863343304,1.6254465548679973,0.4358284659592948,-1.5846110902729127,1.8248880725951446,-1.584884379278101,-0.13633365016580487,-1.4048204982396864,-0.13709060705428305,-1.113444624614392,-0.8085546087084248,-1.1136731119947727,2.588154183871923,0.20349644742112044,2.594059123157342,-0.4314073441609629
-1.1537074262786815,-0.5127797575784685,-0.3252156863343304,-0.6152155523078459,-0.5887911903435977,0.26489636905588604,1.0252494024294643,0.2651607634035165,-0.47706523332016915,0.49540855318717464,-0.47735932147906873,2.047896619764091,1.8471396320626705,2.0496122439421343,-1.1574552744315565,1.0254987638221924,-1.1581881272320862,0.3373974549921968
-1.4296659919294648,-0.5127797575784685,-0.3252156863343304,-0.6152155523078459,-0.5887911903435977,2.372046658539941,1.9248429063658548,2.3717657064453115,-0.9881626080517147,-0.3046878895188721,-0.9877623931162475,-0.036306189227676894,-1.7278333843599578,-0.036999334024686456,-1.0504378613371714,-0.6185058689799514,-1.0524910215873136,1.8750070532985164
-0.04987316367554911,-0.5127797575784685,-0.3252156863343304,-0.6152155523078459,-0.5887911903435977,0.7857029471554385,0.07567848160771899,0.7858580797463243,-0.2948134562841137,-0.5547180278645117,-0.29557192610144356,0.7445190706251466,-0.9617677379836803,0.7460361408626489,0.6261682771415289,1.4364999220227281,0.625450530523452,0.3373974549921968
0.8783511026043578,1.7498727599639314,3.074882430400277,-0.6152155523078459,-0.5887911903435977,1.4187681869654951,-0.5240505210165413,1.4191385996227113,0.5827684700960211,0.1953723871724071,0.5830671515570789,-1.139472133276153,-0.9106966948919285,-1.1403675031841134,-0.40833338277086084,2.2585022384238003,-0.4050962495130813,1.1062022541453564
2.233056788526384,-0.5127797575784685,-0.3252156863343304,-0.6152155523078459,-0.5887911903435977,-0.18965919557517172,0.07567848160771899,-0.18950217394363345,1.0463219029920745,0.6454266361945584,1.0468580705333286,-0.06834004604215159,-0.3489152208826583,-0.06814279041225106,-0.479678324833784,0.20349644742112044,-0.48436907874666085,-0.4314073441609629
-0.651964579640894,1.7498727599639314,3.074882430400277,-0.6152155523078459,-0.5887911903435977,-0.4877887561833963,-1.1237795236408015,-0.48828067562890365,0.20043593783560137,-0.054657751173232495,0.20084749973745702,-0.94126264423659,0.008582080759604505,-0.940159569264056,-0.872075506179863,-0.6185058689799514,-0.8675210867089616,-0.4314073441609629
-0.9028360029597878,-0.5127797575784685,-0.3252156863343304,-0.6152155523078459,-0.5887911903435977,-0.9313024852363718,1.8248880725951446,-0.9310357741407711,0.5510725088723594,-0.8547541938792792,0.5504386446944288,0.1659075319136958,0.5703635547688747,0.16765766509359478,0.8758755743617606,0.6144976056216563,0.8764811564297869,1.8750070532985164
0.426782540630349,-0.5127797575784685,-0.3252156863343304,-0.6152155523078459,-0.5887911903435977,-0.802481070158744,0.9752719855441093,-0.8022146085590784,0.06969009778799615,0.1453663595032792,0.07033347228685369,0.5543180457892024,-0.5021283501579138,0.5547263373390386,0.3764609799212971,-0.20750471077941549,0.37441990461711655,-0.4314073441609629
-0.7021388643046729,-0.6795015220289611,-0.3252156863343304,-0.6152155523078459,-0.5887911903435977,1.9634987421508918,0.4255203998052041,1.9636515936360839,-0.4453692720965075,-1.654850636585326,-0.44473081461641795,0.27402179866254783,2.6642763215307,0.2744352298509588,0.1624261537325264,3.9025068712259436,0.16302569332757172,-0.4314073441609629
-1.2540559956062391,-0.5127797575784685,-0.3252156863343304,1.6254465548679973,1.3140738856474885,1.0507070010294157,-1.9733956106918369,1.0510781265321614,1.2424406630634812,-0.15466980651148834,1.2426291117092327,-0.3886786141868997,-0.451057307066162,-0.38847548468434234,0.3407885088898349,1.4364999220227281,0.3347834900003271,-0.4314073441609629
0.5522182522897958,-0.6795015220289611,-0.3252156863343304,-0.6152155523078459,-0.5887911903435977,-0.3792107063322528,-0.32414085347512117,-0.37894506450494597,0.8105831913910899,0.9454628022093259,0.8114666995956339,0.037772104655796446,1.030002942594641,0.03863477434511296,-1.335817629588865,-1.4405081853810233,-1.3299459239048417,-0.4314073441609629
-0.8777488606278985,1.7498727599639314,-0.3252156863343304,-0.6152155523078459,-0.5887911903435977,-0.4730663087459529,1.6249784050537246,-0.47312524438399856,-0.035302773765383114,1.0454748575475818,-0.03454387120023769,-0.9732965010510648,0.008582080759604505,-0.9713030256516206,-0.26564349864501385,-0.6185058689799514,-0.2597627292515191,1.8750070532985164
1.3299196645783664,1.7498727599639314,-0.3252156863343304,-0.6152155523078459,-0.5887911903435977,-0.4638647790975509,1.0752268193148193,-0.4633824671551311,0.2677898554358822,-1.4548265259088142,0.26843512109580475,-0.4507442117649445,0.26393729621836365,-0.45076239745947155,0.6261682771415289,-1.0295070271804874,0.625450530523452,1.1062022541453564
-0.30074458699444284,1.7498727599639314,-0.3252156863343304,-0.6152155523078459,-0.5887911903435977,-0.7693555634244967,-0.22418601970441113,-0.7697386844628534,-0.16010562108355153,-1.8548747472618377,-0.16039668338474736,1.1048999597879883,1.2853581580534004,1.1064104219187523,0.2694435668269118,0.20349644742112044,0.2687227989723444,-0.4314073441609629
-0.12513459067121724,-0.5127797575784685,-0.3252156863343304,-0.6152155523078459,-0.5887911903435977,-0.3589673411057685,0.8253397348880442,-0.359459510047211,1.323661563699115,-1.654850636585326,1.3242003788658592,0.5603243939419167,-1.6256912981764542,0.5591754025372621,-0.33698844070793704,0.20349644742112044,-0.33903555848509864,0.3373974549921968
-0.37600601399011097,1.7498727599639314,-0.3252156863343304,-0.6152155523078459,-0.5887911903435977,-1.5993335377103557,-0.4240956872458312,-1.5989572797197986,-0.8138348213215754,-0.6547300832027676,-0.8129668206377616,-1.0373642146800146,0.774647727135882,-1.038039003624973,-0.5153507958652456,0.20349644742112044,-0.510793355157854,-0.4314073441609629
1.028873956595694,-0.5127797575784685,-0.3252156863343304,1.6254465548679973,1.6068223588768862,-0.4730663087459529,-1.2737117742968667,-0.47312524438399856,-0.6910129715798857,-0.15466980651148834,-0.6917752237193447,1.391202555067357,-0.8596256518001767,1.3911505946050564,0.1980986247639886,0.20349644742112044,0.20266210794436118,-0.4314073441609629
2.7347996351641712,-0.5127797575784685,-0.3252156863343304,1.6254465548679973,1.6800094771842358,2.467742566883321,-0.6739827716726063,2.4681109479307795,-1.04957353292256,0.1453663595032792,-1.0506887992085023,-0.15643315228195742,-0.14463104851565098,-0.15712409437672067,-0.05160867245624374,1.0254987638221924,-0.04836851796197371,1.1062022541453564
0.5522182522897958,-0.6795015220289611,-0.3252156863343304,-0.6152155523078459,-0.5887911903435977,-1.3748162142893474,2.47459449210476,-1.3748734034558459,1.008682949038976,-0.5047120001953838,1.009568348404585,1.150948628958796,-0.3489152208826583,1.150901073900987,1.6606699370539184,0.20349644742112044,1.6559973105599841,-1.2002121433141226
0.37660825596657027,1.7498727599639314,3.074882430400277,1.6254465548679973,1.3872610039548379,-0.07740053386466762,1.8248880725951446,-0.07691897041005354,0.19647394268264332,-2.0048928302692213,0.19618628447136335,1.8877273356917168,1.081073985686393,1.8894458968060877,-1.193127745463018,0.20349644742112044,-1.1978245418488758,-0.4314073441609629
0.47695682529412775,-0.5127797575784685,-0.3252156863343304,1.6254465548679973,2.338693541950381,-0.9497055445331758,-0.07425376904834607,-0.9494387977952985,0.9314240435563004,-1.104784332224919,0.9303276888810047,-0.01628502871863014,1.081073985686393,-0.014754008033568652,1.9103772342741503,-0.6185058689799514,1.9070279364663196,-1.2002121433141226
0.12573683264767652,-0.5127797575784685,-0.3252156863343304,-0.6152155523078459,-0.5887911903435977,0.7967447827335208,1.0252494024294643,0.7966833877783986,-1.7944286216786112,-0.10466377884236042,-1.7941526341503293,-0.23651779431814446,0.3660793824018673,-0.2372072679447435,-1.121782803400095,3.0805045548248717,-1.1185517126152964,-1.2002121433141226
-0.3509188716582216,-0.6795015220289611,3.074882430400277,1.6254465548679973,2.0459450687209833,-0.1565336888409249,1.8748654894804997,-0.15702624984740837,-0.2948134562841137,0.09536033183415127,-0.29557192610144356,0.5423053494837745,-0.14463104851565098,0.5413791417443684,0.1980986247639886,-0.6185058689799514,0.20266210794436118,-0.4314073441609629
1.229571095250809,-0.5127797575784685,-0.3252156863343304,-0.6152155523078459,-0.5887911903435977,0.6311172490622852,0.8253397348880442,0.6310561748876518,-0.16406761623650903,-0.5547180278645117,-0.16505789865084022,0.8426227571194759,-0.04248896233214733,0.8439155752235661,-0.8364030351484011,-0.20750471077941549,-0.8410968102977684,-0.4314073441609629
-0.42618029865388973,-0.6795015220289611,-0.3252156863343304,-0.6152155523078459,-0.5887911903435977,-0.7564734219167342,0.07567848160771899,-0.7567483148243637,-0.03332177618890436,-0.35469391718800003,-0.03221326356719085,0.0718080775211757,1.8982106751544223,0.06977823073267757,-0.872075506179863,-0.20750471077941549,-0.8675210867089616,-1.2002121433141226
-0.32583172932633225,-0.5127797575784685,-0.3252156863343304,-0.6152155523078459,-0.5887911903435977,0.06982394050976412,-0.3741182703604762,0.07030521882616642,-0.5979060854853795,-1.004772276886663,-0.5985509183974855,-0.13440987572200555,-0.6042704363414175,-0.13487876838560287,-0.6937131510225542,0.20349644742112044,-0.6957632900362056,1.1062022541453564
0.7780025332768002,-0.5127797575784685,-0.3252156863343304,1.6254465548679973,2.2655064236430316,-0.07371992200530704,-0.3741182703604762,-0.07367137800043091,-0.2670794902134101,-0.3046878895188721,-0.2676046345048856,0.5002609124147764,0.9278608564111375,0.501337554960357,-0.5866957379281693,-0.6185058689799514,-0.5900661843914335,0.3373974549921968
0.025388263320119012,1.7498727599639314,3.074882430400277,-0.6152155523078459,-0.5887911903435977,0.8188284538896854,-0.9738472729847364,0.818334003842549,0.8442601501912309,-0.5047120001953838,0.8440952064582847,-1.0553832591381564,-1.7278333843599578,-1.0558352644178668,0.6261682771415289,1.4364999220227281,0.625450530523452,1.1062022541453564
1.2044839529189195,-0.5127797575784685,-0.3252156863343304,-0.6152155523078459,-0.5887911903435977,-0.43626019015234496,-2.2232826951186118,-0.4363191970749436,-2.8661483105536742,0.7954447192019422,-2.8662321453517094,-0.7450552712479316,0.21286625312661184,-0.7444007005422224,-0.479678324833784,1.4364999220227281,-0.48436907874666085,-1.2002121433141226
0.10064969031578713,-0.5127797575784685,-0.3252156863343304,-0.6152155523078459,-0.5887911903435977,0.8685167139910563,0.2755881491491391,0.8681304207900941,-0.3661293690373531,-1.1547903598940468,-0.36549015509283767,0.06780384541936658,0.3660793824018673,0.06977823073267757,0.4834783930156819,-1.0295070271804874,0.48011701026188924,-1.2002121433141226
-0.6268774373090047,-0.5127797575784685,-0.3252156863343304,-0.6152155523078459,-0.5887911903435977,2.2045788189390243,1.2251590699708845,2.2050559627513566,0.5154145524957396,-0.40469994485712796,0.5154795301987312,0.2039477368808842,1.744997545879167,0.20325018667938277,1.2326002846763777,-0.20750471077941549,1.2332088879808945,-1.2002121433141226
1.3299196645783664,-0.5127797575784685,-0.3252156863343304,-0.6152155523078459,-0.5887911903435977,3.148655760865068,-1.2737117742968667,3.1490228231482966,0.31335279969489616,-0.3046878895188721,0.3127166661236873,1.0688618708717044,0.008582080759604505,1.0708179003329643,-0.05160867245624374,1.847501080223264,-0.04836851796197371,-0.4314073441609629
-0.04987316367554911,-0.6795015220289611,-0.3252156863343304,-0.6152155523078459,-0.5887911903435977,-0.44914233166010753,-0.3741182703604762,-0.4493095667134337,1.2880036073224952,-0.2546818618497442,1.2869106567371154,-1.097427696207155,-1.676762341268206,-1.0958768512018786,0.7688581612673758,-0.20750471077941549,0.7707840507850142,-1.2002121433141226
0.37660825596657027,-0.5127797575784685,-0.3252156863343304,1.6254465548679973,1.9727579504136337,0.05694179900200155,1.0752268193148193,0.0573148491876763,0.23807489178869926,0.9454628022093259,0.2381372218661999,-0.13440987572200555,0.16179521003486,-0.13487876838560287,0.2694435668269118,-1.0295070271804874,0.2687227989723444,-0.4314073441609629
0.07556254798389776,-0.5127797575784685,-0.3252156863343304,-0.6152155523078459,-0.5887911903435977,1.5512702139024834,0.3755429829198491,1.5512073576140268,-1.356628157276783,-1.2548024152323025,-1.3559983991375912,-0.4567505599176588,-0.451057307066162,-0.4552114626576949,0.1267536827010648,1.4364999220227281,0.12338927871078165,1.1062022541453564
1.9570982228756009,-0.6795015220289611,-0.3252156863343304,-0.6152155523078459,-0.5887911903435977,0.7268131574056655,-0.4240956872458312,0.7263188855699113,-1.0158965741224188,1.2454989682240936,-1.0157296847128054,0.884667194188474,0.21286625312661184,0.8839571620075775,-1.4785075137147121,0.20349644742112044,-1.475279444166404,-1.2002121433141226
-0.12513459067121724,-0.5127797575784685,-0.3252156863343304,1.6254465548679973,0.9481382941107411,1.2494600414348984,-0.27416343658976616,1.2491812635191344,1.1017898351334827,2.4956496599522917,1.1027926537264439,-0.8391547256404517,-1.4214071258094467,-0.8378310697049158,0.1980986247639886,0.6144976056216563,0.20266210794436118,0.3373974549921968
0.37660825596657027,-0.6795015220289611,-0.3252156863343304,-0.6152155523078459,-0.5887911903435977,1.9929436370257787,0.9752719855441093,1.9928799253226868,1.0918848472510885,-0.5047120001953838,1.0911396155612112,0.6584280804362459,-0.04248896233214733,0.6570548368981792,1.1255828715819929,-0.20750471077941549,1.1275117823361218,-1.2002121433141226
-0.30074458699444284,-0.5127797575784685,-0.3252156863343304,-0.6152155523078459,-0.5887911903435977,-1.183424397602586,-0.07425376904834607,-1.1832654512881184,0.1826069596472915,0.7454386915328143,0.18220263867308478,1.6094332046159663,0.6214345978606265,1.6091547893180078,2.0173946473685356,0.6144976056216563,2.0127250421110925,1.1062022541453564
0.7780025332768002,-0.6795015220289611,-0.3252156863343304,-0.6152155523078459,-0.5887911903435977,-0.18045766592676973,0.3255655660344941,-0.18084192751797362,0.1727019717648972,1.0454748575475818,0.17288020814089905,0.11185039853926922,-1.063909824167184,0.10981981751668897,0.4478059219842203,-1.0295070271804874,0.4536927338506961,-0.4314073441609629
0.6525668216173534,-0.5127797575784685,-0.3252156863343304,-0.6152155523078459,-0.5887911903435977,0.7157713218275833,-0.3741182703604762,0.7154935775378362,-1.0059915862400246,1.4955291065697331,-1.0064072541806193,0.08181865777569908,1.5917844166039112,0.08312542632734857,-0.37266091173939925,0.20349644742112044,-0.3786719731018881,0.3373974549921968
0.6023925369535746,-0.5127797575784685,-0.3252156863343304,-0.6152155523078459,-0.5887911903435977,0.9862962934906019,-1.7734859431504169,0.9861262783397111,0.18062596207081277,-0.35469391718800003,0.17987203104003793,0.2019456208299796,0.468221468585371,0.20325018667938277,-0.40833338277086084,-0.20750471077941549,-0.4050962495130813,-0.4314073441609629
-1.8561474115715841,-0.6795015220289611,-0.3252156863343304,-0.6152155523078459,-0.5887911903435977,-1.7870447425377562,0.22561073226378406,-1.7873176394779038,0.06572810263503864,-0.054657751173232495,0.06567225702076084,0.47423340375301537,1.1321450287781447,0.47464316377101584,-0.40833338277086084,-0.20750471077941549,-0.4050962495130813,-0.4314073441609629
-2.332803115877482,-0.5127797575784685,-0.3252156863343304,1.6254465548679973,2.0459450687209833,1.1629656627399199,-1.6735311093797067,1.162578799262534,-0.589982095179464,-2.0548988579383494,-0.5892284878652998,-0.464759024121277,1.5407133735121594,-0.46410959305414173,-1.9422496371237141,3.0805045548248717,-1.937704281362284,-0.4314073441609629
-0.5265288679814473,-0.5127797575784685,-0.3252156863343304,-0.6152155523078459,-0.5887911903435977,0.3385086062431019,2.97436866095831,0.3387728580216265,-0.8712837510394624,-0.6547300832027676,-0.8712320114639236,-0.36865745367785296,-1.2171229534424395,-0.3706792238914487,-0.33698844070793704,-0.6185058689799514,-0.33903555848509864,1.1062022541453564
-1.178794568610571,-0.5127797575784685,-0.3252156863343304,-0.6152155523078459,-0.5887911903435977,1.247619735505218,-0.7739376054433164,1.2480987327159263,0.4896615840015148,-0.35469391718800003,0.48984284623522006,0.8766587299848556,1.642855459695663,0.8750590316111307,-0.015936201424782154,-1.0295070271804874,-0.02194424155078053,0.3373974549921968
-0.32583172932633225,-0.5127797575784685,-0.3252156863343304,-0.6152155523078459,-0.5887911903435977,0.22624994453259784,-0.47407310413118625,0.22618965448804657,-1.4477540457948106,1.3455110235623493,-1.446892096826404,-0.8992182071675919,1.2853581580534004,-0.9001179824800446,-0.979092919274248,0.20349644742112044,-0.9732181923537343,-0.4314073441609629
-1.0282717146192346,-0.6795015220289611,-0.3252156863343304,-0.6152155523078459,-0.5887911903435977,-0.8153632116665066,1.6749558219390797,-0.8152049781975687,0.10336705658813711,-0.7547421385410233,0.10296197914950453,0.06980596147027114,0.16179521003486,0.06977823073267757,-0.8364030351484011,-0.20750471077941549,-0.8410968102977684,-0.4314073441609629
0.9536125296000258,-0.5127797575784685,-0.3252156863343304,-0.6152155523078459,-0.5887911903435977,0.03485812784583647,0.9252945686587544,0.03458170232031909,2.6747019108576975,0.895456774540198,2.6736221983997708,-1.0153409381200629,-1.8299754705434614,-1.0157936776338554,-0.6937131510225542,0.6144976056216563,-0.6957632900362056,1.8750070532985164
0.07556254798389776,-0.5127797575784685,-0.3252156863343304,-0.6152155523078459,-0.5887911903435977,-1.2165499043368333,-0.6739827716726063,-1.2168239061875512,-0.833644797086364,-0.10466377884236042,-0.8339422893351799,-0.2565389548271912,-0.6553414794331693,-0.2550035287376379,0.09108121166960323,0.6144976056216563,0.09696500229958847,0.3373974549921968
-1.780885984575916,1.7498727599639314,-0.3252156863343304,-0.6152155523078459,-0.5887911903435977,-0.6386938424171886,-1.2237343574115116,-0.6387524572747462,0.7927542132027801,0.5954206085254304,0.7928218385312624,-0.06834004604215159,1.744997545879167,-0.06814279041225106,-1.121782803400095,-0.20750471077941549,-1.1185517126152964,1.1062022541453564
1.104135383591362,-0.6795015220289611,-0.3252156863343304,1.6254465548679973,1.1676996490327896,-0.5926861941751786,-0.5240505210165413,-0.5922036327368237,-0.494894211508479,0.3953964978489188,-0.4960041825434406,1.03282378195542,0.11072416694310817,1.030776313548953,1.9103772342741503,-0.6185058689799514,1.9070279364663196,0.3373974549921968
0.10064969031578713,1.7498727599639314,-0.3252156863343304,-0.6152155523078459,-0.5887911903435977,-0.7196673033231262,0.4255203998052041,-0.7199422675153087,-0.43744528179059194,-2.454947079291373,-0.43773899171727865,0.33008104808787897,-0.8596256518001767,0.3278240122296404,-1.22880021649448,-0.6185058689799514,-1.2242488182600688,0.3373974549921968
-2.207367404218035,-0.5127797575784685,-0.3252156863343304,-0.6152155523078459,-0.5887911903435977,2.2726701383371988,1.6249784050537246,2.2721728725502217,-0.5979060854853795,-0.7047361108718955,-0.5985509183974855,0.5423053494837745,-1.0128387810754322,0.5413791417443684,0.4478059219842203,-0.6185058689799514,0.4536927338506961,-1.2002121433141226
0.15082397497956587,-0.5127797575784685,-0.3252156863343304,-0.6152155523078459,-0.5887911903435977,1.4868595063636696,0.3755429829198491,1.487338040224784,-1.9469654350674832,0.49540855318717464,-1.9479727379313971,-1.4177662643519031,2.4599921491636922,-1.4162095454739703,-0.1586260855506285,0.20349644742112044,-0.15406562360674642,-0.4314073441609629
-0.47635458331766845,-0.5127797575784685,-0.3252156863343304,-0.6152155523078459,-0.5887911903435977,0.33114738252438025,0.025701064722363966,0.3311951423991739,-1.4477540457948106,-0.8547541938792792,-1.446892096826404,-1.1695038740397232,0.16179521003486,-1.171510959571678,1.1612553426134544,-0.6185058689799514,1.1671481969529112,-0.4314073441609629
0.7278282486130215,1.7498727599639314,-0.3252156863343304,-0.6152155523078459,-0.5887911903435977,0.44524635016456515,-1.8734407769211268,0.44486087673596114,-0.17595360169538207,-0.35469391718800003,-0.17671093681607278,-1.361707014926572,1.2853581580534004,-1.3628207630952882,0.6618407481729904,-0.20750471077941549,0.6650869451402415,1.1062022541453564
2.1327082191988262,1.7498727599639314,-0.3252156863343304,-0.6152155523078459,-0.5887911903435977,-0.7711958693541769,-0.17420860281905612,-0.7708212152660611,-0.2571745023310158,0.895456774540198,-0.25828220397269985,-1.083412883850822,-0.757483565616673,-1.082529655607208,-0.5510232668967078,0.6144976056216563,-0.5504297697746435,-0.4314073441609629
-0.576703152645226,-0.5127797575784685,-0.3252156863343304,-0.6152155523078459,-0.5887911903435977,-1.2920024474537295,0.22561073226378406,-1.2915185316088684,1.6921271129241833,-0.5047120001953838,1.6924363848872033,0.9427285596647096,0.6725056409523783,0.9417950095844834,-1.9065771660922524,1.847501080223264,-1.911280004951091,-0.4314073441609629
1.3048325222464772,1.7498727599639314,-0.3252156863343304,-0.6152155523078459,-0.5887911903435977,-0.23750714974686193,1.3251139037415944,-0.23713352928476358,-1.1327754311346718,1.0454748575475818,-1.1322600663651294,0.2039477368808842,1.5407133735121594,0.20325018667938277,0.5548233350786057,-0.20750471077941549,0.5593898394954687,-1.2002121433141226
-1.4798402765932435,-0.6795015220289611,-0.3252156863343304,-0.6152155523078459,-0.5887911903435977,-0.6147698653313433,-0.8239150223286714,-0.6149367796041809,1.093865844827567,0.6454266361945584,1.0934702231942581,-3.113558559468163,0.8767898133193857,-3.1113033859971226,-0.8007305641169394,3.0805045548248717,-0.8014603956809784,-0.4314073441609629
-0.8526617182960091,-0.5127797575784685,-0.3252156863343304,-0.6152155523078459,-0.5887911903435977,0.5703871533828319,0.7753623180026893,0.5704344499080315,0.3668397342598252,-0.7047361108718955,0.3663206416837564,-0.41670823889956526,-0.8596256518001767,-0.41516987587368354,-1.086110332368633,0.6144976056216563,-1.0921274362041034,-0.4314073441609629
1.630965372561039,-0.5127797575784685,3.074882430400277,1.6254465548679973,1.4604481222621875,-0.07187961607562622,1.2751364868562394,-0.07150631639401596,1.0483029005685531,-1.2047963875631746,1.0491886781663746,-1.441791656962759,-1.4214071258094467,-1.4429039366633112,0.4121334509527587,0.20349644742112044,0.4140563192339066,-0.4314073441609629
1.1793968105870303,-0.5127797575784685,3.074882430400277,-0.6152155523078459,-0.5887911903435977,0.7176116277572635,0.5254752335759142,0.7176586391442515,-0.8930747243807298,1.6455471895771168,-0.8922074801613419,1.5393591428343025,-1.932117556726965,1.537969746146432,-0.7293856220540164,0.20349644742112044,-0.7353997046529958,-0.4314073441609629
0.35152111363468086,-0.5127797575784685,-0.3252156863343304,1.6254465548679973,1.8263837137989347,-0.6386938424171886,-1.4236440249529316,-0.6387524572747462,-0.12246666713045307,2.845691853636187,-0.12310696125600366,0.8366164089667621,1.9492817182461741,0.8350174448271193,1.410962639833686,-0.6185058689799514,1.40496668465365,0.3373974549921968
-0.4512674409857791,-0.5127797575784685,-0.3252156863343304,-0.6152155523078459,-0.5887911903435977,0.28145912242300974,-0.4240956872458312,0.28139872545162886,0.19449294510616455,-0.8547541938792792,0.19385567683831734,-0.3986891944414231,-0.39998626397441017,-0.3973736150807891,0.2694435668269118,3.4915057130254077,0.2687227989723444,-1.2002121433141226
-0.25057030233066413,-0.6795015220289611,-0.3252156863343304,-0.6152155523078459,-0.5887911903435977,-0.8466484124710737,-1.2737117742968667,-0.846598371490586,-0.10661868651862197,-0.6547300832027676,-0.10679270782467824,1.601424740412348,-0.5531993932496656,1.6002566589215603,-1.5498524557776352,-1.0295070271804874,-1.5545522733999833,-1.2002121433141226
-1.1286202839467923,-0.5127797575784685,-0.3252156863343304,-0.6152155523078459,-0.5887911903435977,-0.3203209165824798,-0.07425376904834607,-0.32048840113174104,-1.0218395668518556,-1.104784332224919,-1.0227215076119447,1.100895727686179,0.774647727135882,1.1019613567205289,1.6249974660224569,-1.4405081853810233,1.6295730341487915,1.8750070532985164
-0.024786021343659734,-0.5127797575784685,-0.3252156863343304,-0.6152155523078459,-0.5887911903435977,-0.35712703517608774,1.8748654894804997,-0.35729444844079605,0.4084406833658817,-0.40469994485712796,0.40827157907859296,-1.003328241814635,1.030002942594641,-1.0024464820391852,0.3407885088898349,-1.0295070271804874,0.3347834900003271,-1.2002121433141226
-1.379491707265686,-0.5127797575784685,-0.3252156863343304,-0.6152155523078459,-0.5887911903435977,-0.2853551039185527,0.7753623180026893,-0.285847415429101,-0.08878970833031267,2.645667742959675,-0.0881478467603068,0.7124852138106719,0.9789318995028893,0.7104436192768608,-0.7650580930854779,-1.4405081853810233,-0.7618239810641889,-0.4314073441609629
-0.4512674409857791,1.7498727599639314,-0.3252156863343304,1.6254465548679973,1.3140738856474885,0.8593151843426544,0.8253397348880442,0.8594701743644343,0.6738943586140484,-0.15466980651148834,0.6739608492458917,-1.3396837383666207,-0.9106966948919285,-1.340575437104171,0.1980986247639886,1.0254987638221924,0.20266210794436118,-0.4314073441609629
0.5020439676260171,-0.6795015220289611,-0.3252156863343304,-0.6152155523078459,-0.5887911903435977,0.6605621439371714,-1.3236891911822215,0.6602845065742539,-0.15416262835411473,-0.10466377884236042,-0.15340486048560847,-1.1314636690725342,0.16179521003486,-1.1314693727876663,-0.05160867245624374,-0.20750471077941549,-0.04836851796197371,2.643811852451676
0.226085401975234,-0.5127797575784685,-0.3252156863343304,-0.6152155523078459,-0.5887911903435977,1.681931934909792,0.3755429829198491,1.6821935848021345,0.7194573028730625,1.0954808852167097,0.720573001906821,0.7885656237450498,1.1321450287781447,0.7905267928448845,-0.1586260855506285,0.20349644742112044,-0.15406562360674642,0.3373974549921968
2.233056788526384,-0.6795015220289611,-0.3252156863343304,-0.6152155523078459,-0.5887911903435977,-0.5301157925660451,-0.7239601885579613,-0.5304993769539962,1.3454525370403827,1.445523078900605,1.3451758475632773,-0.4127040067977556,-1.370336082717695,-0.4107208106754601,1.5893249949909947,-1.4405081853810233,1.5899366195320022,-0.4314073441609629
0.6023925369535746,-0.5127797575784685,-0.3252156863343304,1.6254465548679973,2.2655064236430316,1.0378248595216526,0.3255655660344941,1.0380877568936715,1.7535380377950274,0.49540855318717464,1.753032183346411,-0.502799229088466,0.3660793824018673,-0.5041511798381535,-0.40833338277086084,-0.20750471077941549,-0.4050962495130813,0.3373974549921968
0.7529153909449109,-0.5127797575784685,-0.3252156863343304,-0.6152155523078459,-0.5887911903435977,-0.08476175758338932,-1.3736666080675766,-0.08449668603250607,-0.5701721194146754,0.7954447192019422,-0.570583626800928,-1.3897366396392374,-0.2978441777909065,-1.3895151542846291,-1.0504378613371714,0.6144976056216563,-1.0524910215873136,-0.4314073441609629
-0.20039601766688536,-0.6795015220289611,3.074882430400277,-0.6152155523078459,-0.5887911903435977,2.434617060149074,0.4255203998052041,2.4345524930313465,-1.4120960894181909,-0.004651723504104576,-1.4119329823307067,0.3420937443933069,-1.319265039625943,0.3411712078243106,0.09108121166960323,-1.0295070271804874,0.09696500229958847,-1.2002121433141226
0.00030112098822963846,-0.5127797575784685,-0.3252156863343304,-0.6152155523078459,-0.5887911903435977,1.6561676518942658,-0.7739376054433164,1.6562128455251541,0.1370440153882775,-0.7047361108718955,0.1379210936452014,0.27402179866254783,0.3660793824018673,0.2744352298509588,-2.0492670502180994,4.31350802942648,-2.043401387007057,1.1062022541453564
-0.6017902949771153,-0.5127797575784685,-0.3252156863343304,-0.6152155523078459,-0.5887911903435977,1.3267528904814754,-1.4236440249529316,1.3271234813500743,0.09940506143517905,1.2955049958932214,0.09830076388341166,1.4953125897144,0.468221468585371,1.493479094164197,-0.1586260855506285,1.0254987638221924,-0.15406562360674642,0.3373974549921968
-0.20039601766688536,1.7498727599639314,-0.3252156863343304,1.6254465548679973,0.8017640574960422,-0.7895989286509809,0.6254300673466242,-0.7892242389205884,-0.4196163036022821,0.24537841484153503,-0.4190941306529068,-2.591006270182043,-0.24677313469915466,-2.5907627578049732,0.8045306322988374,-0.6185058689799514,0.8104204654018037,0.3373974549921968
-0.2756574446625535,-0.5127797575784685,-0.3252156863343304,1.6254465548679973,1.1676996490327896,-1.9968396185213213,-0.9238698560993814,-1.9973286153001588,-0.37801535449622614,0.1453663595032792,-0.3771431932580702,-0.27255588323442825,0.5703635547688747,-0.2727997895305315,0.9472205164246843,-1.4405081853810233,0.9425418474577696,-0.4314073441609629
1.505529660901592,-0.5127797575784685,-0.3252156863343304,-0.6152155523078459,-0.5887911903435977,-0.5172336510582826,0.8253397348880442,-0.5175090073155061,0.3708017294127832,-0.6547300832027676,0.37098185694984925,0.48424398400753876,-1.6256912981764542,0.48354129416746267,-2.2276294053754078,0.20349644742112044,-2.2283713218854087,-0.4314073441609629
0.025388263320119012,1.7498727599639314,-0.3252156863343304,-0.6152155523078459,-0.5887911903435977,-1.4189835566016769,-0.5740279379018963,-1.4192571663873534,0.8977470847561599,-1.1547903598940468,0.8976991820183539,-0.6009029155827952,2.0514238044296778,-0.6020306141990703,-0.40833338277086084,-0.20750471077941549,-0.4050962495130813,0.3373974549921968
0.6023925369535746,1.7498727599639314,-0.3252156863343304,-0.6152155523078459,-0.5887911903435977,-0.6718193491514359,-1.0238246898700913,-0.6723109121741786,-2.2302480885039606,-0.3046878895188721,-2.229976261530021,0.6544238483344362,1.7960685889709187,0.6526057716999558,-0.5153507958652456,1.0254987638221924,-0.510793355157854,1.8750070532985164
0.5271311099579065,-0.5127797575784685,3.074882430400277,-0.6152155523078459,-0.5887911903435977,0.9421289511782722,1.5750009881683695,0.9417425154082041,0.8422791526147516,-0.054657751173232495,0.8417645988252387,-0.3626511055251387,-2.1874727721857243,-0.3617810934950011,0.2694435668269118,-1.0295070271804874,0.2687227989723444,-1.2002121433141226
-0.024786021343659734,1.7498727599639314,-0.3252156863343304,-0.6152155523078459,-0.5887911903435977,0.6716039795152536,0.3255655660344941,0.671109814606329,0.2955238215065863,-0.8047481662101513,0.2964024126923619,-1.243582167923196,1.387500244236904,-1.2426960027432536,-0.015936201424782154,-0.6185058689799514,-0.02194424155078053,-1.2002121433141226
0.07556254798389776,-0.5127797575784685,-0.3252156863343304,-0.6152155523078459,-0.5887911903435977,-0.4325795782929844,-0.3741182703604762,-0.43307160466532096,-0.15218163077763597,-2.304928996283989,-0.15107425285256162,0.44420166298944525,-0.2978441777909065,0.44349970738345124,1.0185654584876076,0.20349644742112044,1.0218146766913492,-0.4314073441609629
1.6560525148929284,-0.5127797575784685,-0.3252156863343304,-0.6152155523078459,-0.5887911903435977,-0.24486837346558363,-0.7739376054433164,-0.24471124490721613,0.8422791526147516,1.7455592449153727,0.8417645988252387,0.5743392062982492,-0.24677313469915466,0.5725225981319331,-0.12295361451916689,0.20349644742112044,-0.12764134719555323,-0.4314073441609629
-1.931408838567252,-0.6795015220289611,-0.3252156863343304,-0.6152155523078459,-0.5887911903435977,1.5807151087773703,-0.7239601885579613,1.5804356893006288,0.16081598630602417,0.09536033183415127,0.1612271699756665,-0.3606489894742341,0.26393729621836365,-0.3617810934950011,0.3051160378583733,0.6144976056216563,0.3083592135891339,0.3373974549921968
-0.9530102876235665,1.7498727599639314,-0.3252156863343304,1.6254465548679973,0.3626413476519454,0.6347978609216457,-1.9733956106918369,0.6343037672972737,-0.3859393448021417,-0.6047240555336396,-0.38646562379025595,-0.5308288538011315,-1.6256912981764542,-0.5308455710274943,0.01973626960668006,-1.0295070271804874,0.017692173066008943,-1.2002121433141226
1.2044839529189195,1.7498727599639314,3.074882430400277,-0.6152155523078459,-0.5887911903435977,0.02197598633807391,-1.0738021067554464,0.021591332681828983,-0.11454267682453752,-0.8547541938792792,-0.11378453072381794,-0.05432523368581852,0.468221468585371,-0.05479559481758006,-0.5153507958652456,1.847501080223264,-0.510793355157854,1.1062022541453564
1.0539610989275834,-0.6795015220289611,-0.3252156863343304,1.6254465548679973,1.1676996490327896,0.12687342432985632,-1.5735762756089966,0.12659682059295638,0.42230766640123346,0.7954447192019422,0.42225522487687234,0.6884598211998161,1.9492817182461741,0.6881982932857439,0.4834783930156819,0.20349644742112044,0.48011701026188924,-0.4314073441609629
0.10064969031578713,-0.5127797575784685,-0.3252156863343304,1.6254465548679973,1.5336352405695368,-0.0056286026071320425,0.6254300673466242,-0.005471937398358518,1.4801603722409444,-0.004651723504104576,1.4803510902799735,0.9126968189011395,0.26393729621836365,0.9106515531969187,-0.08728114348770531,0.20349644742112044,-0.08800493257876318,-1.2002121433141226
0.2511725443071234,1.7498727599639314,-0.3252156863343304,-0.6152155523078459,-0.5887911903435977,-0.5061918154802003,0.6754074842319793,-0.5066836992834309,-1.2575782784528402,0.09536033183415127,-1.2581128785496392,-0.29257704374347504,-0.14463104851565098,-0.2905960503234259,-0.1586260855506285,-0.6185058689799514,-0.15406562360674642,-1.2002121433141226
-0.7272260066365622,-0.6795015220289611,-0.3252156863343304,1.6254465548679973,0.9481382941107411,0.1287137302595366,0.3755429829198491,0.12876188219937132,2.6608349278223455,-0.7047361108718955,2.6619691602345386,-0.2665495350817146,0.9789318995028893,-0.2683507243323081,2.2314294735573057,-0.20750471077941549,2.237331391606234,-0.4314073441609629
0.050475405652008386,-0.5127797575784685,-0.3252156863343304,1.6254465548679973,1.899570832106284,-0.752792810057373,-1.0238246898700913,-0.7524181916115334,-1.1624903947818546,0.3953964978489188,-1.1625579655947333,-0.3346214808124731,-1.1660519103506877,-0.33508670230566073,0.5548233350786057,1.0254987638221924,0.5593898394954687,-0.4314073441609629
1.1292225259232516,-0.5127797575784685,-0.3252156863343304,-0.6152155523078459,-0.5887911903435977,0.2980218757901334,-0.7239601885579613,0.2976366874997412,0.5530535064488381,-0.9047602215484072,0.5527692523274749,2.0619114321204233,-0.2978441777909065,2.0629594395368045,0.697513219204452,-0.20750471077941549,0.6915112215514346,1.1062022541453564
0.9536125296000258,1.7498727599639314,-0.3252156863343304,1.6254465548679973,1.240886767340139,-1.5367631361012222,0.5754526504612691,-1.537253023936971,-0.4315022890611552,-1.5048325535779423,-0.43074716881813896,-0.36865745367785296,-0.8085546087084248,-0.3706792238914487,0.9472205164246843,2.2585022384238003,0.9425418474577696,0.3373974549921968
-0.3509188716582216,-0.6795015220289611,-0.3252156863343304,1.6254465548679973,1.6068223588768862,1.529186542746319,0.6754074842319793,1.5295567415498765,0.2994858166595444,1.4955291065697331,0.2987330203254087,-0.915235135574829,-0.6042704363414175,-0.9134651780747152,-0.872075506179863,-1.0295070271804874,-0.8675210867089616,-1.2002121433141226
-0.8526617182960091,-0.5127797575784685,-0.3252156863343304,-0.6152155523078459,-0.5887911903435977,-0.1473321591925229,-1.0238246898700913,-0.14728347261854088,-1.7884856289491744,-0.9547662492175351,-1.7894914188842361,-0.10237601890753086,0.5703635547688747,-0.10373531199803906,0.5904958061100672,-0.20750471077941549,0.585814115906662,0.3373974549921968
0.426782540630349,-0.6795015220289611,-0.3252156863343304,1.6254465548679973,1.09451253072544,2.020548225970985,-2.423192362660032,2.0210257262060813,-0.6751649909680552,0.5454145808563026,-0.6754609702880194,-1.6299905657477987,-0.6042704363414175,-1.629764674988698,-0.26564349864501385,-0.20750471077941549,-0.2597627292515191,-0.4314073441609629
-0.024786021343659734,1.7498727599639314,-0.3252156863343304,1.6254465548679973,1.6068223588768862,-2.2250375538016907,0.17563331537842902,-2.224660083973734,0.37278272698926196,0.34539047017979085,0.37331246458289613,-0.9652880368474459,0.9278608564111375,-0.9668539604533972,-1.121782803400095,-0.6185058689799514,-1.1185517126152964,-1.2002121433141226
1.2546582375826985,1.7498727599639314,-0.3252156863343304,-0.6152155523078459,-0.5887911903435977,-0.4288989664336233,0.3755429829198491,-0.4287414814524911,0.6481413901198236,0.895456774540198,0.6483241652823806,-0.09636967075481717,2.1024948475214296,-0.09483718160159146,-0.9077479772113245,0.6144976056216563,-0.9071575013257511,1.8750070532985164
-0.7272260066365622,1.7498727599639314,-0.3252156863343304,-0.6152155523078459,-0.5887911903435977,1.981901801447696,0.7753623180026893,1.9820546172906115,0.6857803440729221,1.2955049958932214,0.6856138874111243,1.8336702023172908,0.7235766840441301,1.8316080492291826,-1.8709046950607908,-0.6185058689799514,-1.8716435903343012,1.8750070532985164
-0.024786021343659734,1.7498727599639314,-0.3252156863343304,-0.6152155523078459,-0.5887911903435977,1.2531406532942595,0.8253397348880442,1.2535113867319643,-1.400210103959318,-0.2546818618497442,-1.400279944165474,-1.3256689260102876,1.2853581580534004,-1.3272282415095003,-1.193127745463018,-1.0295070271804874,-1.1978245418488758,-0.4314073441609629
-1.4798402765932435,-0.5127797575784685,-0.3252156863343304,-0.6152155523078459,-0.5887911903435977,-0.5337964044254062,-2.423192362660032,-0.5337469693636184,0.9116140677915118,-0.20467583418061627,0.9116828278166325,-1.936314321536214,0.9278608564111375,-1.9367501736661195,-1.1574552744315565,-0.20750471077941549,-1.1581881272320862,0.3373974549921968
0.4518696829622384,-0.5127797575784685,-0.3252156863343304,1.6254465548679973,1.9727579504136337,0.6881667328823773,-0.4240956872458312,0.6884303074576487,0.3985356954834874,1.6955532172462449,0.39894914854640723,0.9807687646318985,-0.3489152208826583,0.9818365963684947,-0.8007305641169394,0.20349644742112044,-0.8014603956809784,0.3373974549921968
0.10064969031578713,-0.5127797575784685,-0.3252156863343304,-0.6152155523078459,-0.5887911903435977,0.5777483771015535,-0.07425376904834607,0.5780121655304841,-0.4750842357436904,-1.7048566642544538,-0.47502871384602235,0.4201762703785894,-0.19570209160740282,0.42125438139233423,1.5893249949909947,1.0254987638221924,1.5899366195320022,1.8750070532985164
-1.5551017035889116,-0.5127797575784685,-0.3252156863343304,1.6254465548679973,2.0459450687209833,-0.6994239380966419,1.0252494024294643,-0.6993741822543661,0.6263504167785563,0.6454266361945584,0.6273486965849623,0.4321889666840173,1.5917844166039112,0.430152511788781,0.6261682771415289,0.20349644742112044,0.625450530523452,-0.4314073441609629
-2.1070188348904777,-0.6795015220289611,-0.3252156863343304,1.6254465548679973,1.9727579504136337,0.34586982996182364,1.1252042362001744,0.346350573644079,1.38507248856996,-1.3048084429014306,1.3847961773250679,0.18793080847364713,1.5407133735121594,0.1899029910847118,-0.7650580930854779,2.2585022384238003,-0.7618239810641889,-0.4314073441609629
0.15082397497956587,1.7498727599639314,-0.3252156863343304,-0.6152155523078459,-0.5887911903435977,0.27225759277460776,-0.17420860281905612,0.27273847902596904,-0.2849084684017194,1.545535134238861,-0.283918887936211,-0.4447378636122303,0.3150083393101155,-0.44631333226124814,0.8758755743617606,-1.4405081853810233,0.8764811564297869,0.3373974549921968
0.8783511026043578,1.7498727599639314,-0.3252156863343304,-0.6152155523078459,-0.5887911903435977,0.45628818574264746,-1.8734407769211268,0.4567687155712443,0.16081598630602417,-0.2546818618497442,0.1612271699756665,0.47022917165120626,0.9789318995028893,0.47019409857279243,-0.1586260855506285,-1.0295070271804874,-0.15406562360674642,-1.2002121433141226
-1.7056245575802478,-0.5127797575784685,-0.3252156863343304,1.6254465548679973,1.9727579504136337,0.13055403618921743,1.1751816530855295,0.13092694380578665,1.1948967212279888,-1.5548385812470702,1.1960169590483034,2.3482140273997922,0.16179521003486,2.347699612223108,1.6963424080853802,0.20349644742112044,1.6956337251767741,-1.2002121433141226
-1.5300145612570222,1.7498727599639314,3.074882430400277,-0.6152155523078459,-0.5887911903435977,0.7562580522805523,-0.024276352162991052,0.7566297480597214,1.2880036073224952,0.2953844425106629,1.2869106567371154,0.24599217394988282,-0.2978441777909065,0.24774083866161759,-1.3714901006203266,-0.6185058689799514,-1.3695823385216315,-1.2002121433141226
-0.5516160103133366,1.7498727599639314,-0.3252156863343304,-0.6152155523078459,-0.5887911903435977,-0.40681529527745874,-0.7739376054433164,-0.4070908653883411,-0.13039065743636863,-0.40469994485712796,-0.13009878415514337,0.6203878754690569,-0.7064125225249211,0.6214623153123913,-0.30131596967647545,2.2585022384238003,-0.29939914386830857,2.643811852451676
-0.42618029865388973,-0.5127797575784685,-0.3252156863343304,1.6254465548679973,1.9727579504136337,0.5114973636330593,1.8748654894804997,0.5119777865348266,0.006298175340672839,0.7954447192019422,0.007407066194598862,-0.7210298786370757,0.3660793824018673,-0.7221553745511046,-0.979092919274248,4.7245091876270155,-0.9732181923537343,1.8750070532985164
0.35152111363468086,-0.5127797575784685,-0.3252156863343304,-0.6152155523078459,-0.5887911903435977,0.0808657760878464,-0.1242311859337011,0.08113052685824157,2.5023551217040367,-1.3548144705705585,2.5034878411873778,0.23998582579716857,0.3150083393101155,0.2388427082651708,-0.979092919274248,0.6144976056216563,-0.9732181923537343,0.3373974549921968
-1.5801888459208009,-0.5127797575784685,-0.3252156863343304,1.6254465548679973,1.240886767340139,-0.6865417965888788,0.2755881491491391,-0.686383812615876,2.238882444032348,0.4454025255180467,2.2377985710200794,-1.479831861929948,0.8767898133193857,-1.4784964582490991,1.1255828715819929,0.6144976056216563,1.1275117823361218,0.3373974549921968
-0.20039601766688536,-0.5127797575784685,-0.3252156863343304,-0.6152155523078459,-0.5887911903435977,-0.5080321214098805,2.024797740136565,-0.5077662300866386,0.29354282393010755,0.34539047017979085,0.29407180505931585,1.2390417351986012,0.5703635547688747,1.2398823778654575,0.6261682771415289,1.0254987638221924,0.625450530523452,-0.4314073441609629
0.5271311099579065,-0.6795015220289611,-0.3252156863343304,-0.6152155523078459,-0.5887911903435977,2.1475293351189317,-0.07425376904834607,2.147681830181359,0.2796758408947558,-0.5547180278645117,0.2800881592610373,-1.3336773902139063,0.3660793824018673,-1.3316773067077237,0.4121334509527587,-0.6185058689799514,0.4140563192339066,1.8750070532985164
0.7027411062811321,-0.5127797575784685,-0.3252156863343304,-0.6152155523078459,-0.5887911903435977,-0.7399106685496104,0.9252945686587544,-0.7394278219730437,1.7555190353715067,0.24537841484153503,1.755362790979458,-1.4237726125046168,-0.14463104851565098,-1.425107675870417,1.0185654584876076,1.4364999220227281,1.0218146766913492,-1.2002121433141226
0.2511725443071234,-0.5127797575784685,-0.3252156863343304,-0.6152155523078459,-0.5887911903435977,-0.8668917776975579,1.2251590699708845,-0.8671664567515287,0.4044786882129236,-1.654850636585326,0.4036103638125001,-1.4538043532681868,0.059653123851356335,-1.4518020670597582,0.8758755743617606,-1.0295070271804874,0.8764811564297869,1.8750070532985164
1.555703945565371,-0.5127797575784685,3.074882430400277,-0.6152155523078459,-0.5887911903435977,0.32194585287597827,-0.5240505210165413,0.32145236517030684,-0.24132652171918467,0.6454266361945584,-0.24196795054137443,0.211956201084503,-0.2978441777909065,0.2121483170758296,-0.872075506179863,1.4364999220227281,-0.8675210867089616,-0.4314073441609629
0.15082397497956587,-0.5127797575784685,-0.3252156863343304,-0.6152155523078459,-0.5887911903435977,0.45628818574264746,0.3755429829198491,0.4567687155712443,-0.758366889180167,0.49540855318717464,-0.7593628450776925,-0.9112309034730199,0.11072416694310817,-0.9090161128764914,1.1255828715819929,-1.4405081853810233,1.1275117823361218,1.1062022541453564
-0.6017902949771153,-0.6795015220289611,-0.3252156863343304,1.6254465548679973,0.6553898208813432,0.4636494094613691,-0.8239150223286714,0.4632639003904888,0.006298175340672839,0.09536033183415127,0.007407066194598862,0.384138181462305,-0.14463104851565098,0.3856618598065462,0.3764609799212971,0.20349644742112044,0.37441990461711655,-1.2002121433141226
0.3264339713027915,-0.5127797575784685,-0.3252156863343304,1.6254465548679973,1.6800094771842358,0.7930641708741603,-0.1242311859337011,0.7934357953687768,-0.3998063278374935,0.24537841484153503,-0.40044926958853494,-0.9853091973564927,0.059653123851356335,-0.9846502212462912,0.982892987456146,-0.20750471077941549,0.982178262074559,-1.2002121433141226
0.20099825964334464,-0.5127797575784685,3.074882430400277,-0.6152155523078459,-0.5887911903435977,1.6322436748084206,-0.7739376054433164,1.6323971678545894,-0.9921246032046728,1.545535134238861,-0.9924236083823403,1.9497929332697612,-0.8085546087084248,1.951732809581217,-0.1942985565820907,1.4364999220227281,-0.19370203822353588,0.3373974549921968
-0.9530102876235665,-0.6795015220289611,-0.3252156863343304,-0.6152155523078459,-0.5887911903435977,-1.7796835188190345,-1.8234633600357717,-1.7797399238554512,-0.4691412430142536,0.2953844425106629,-0.4680368909468826,0.9046883546975206,-0.5531993932496656,0.9062024879986953,0.982892987456146,-0.6185058689799514,0.982178262074559,-1.2002121433141226
-0.6770517219727835,-0.5127797575784685,-0.3252156863343304,-0.6152155523078459,-0.5887911903435977,2.4732634846723625,-0.7239601885579613,2.4735236019468165,0.430231656707149,-0.054657751173232495,0.42924704777601125,1.1709697894678428,1.081073985686393,1.173146399892105,0.7331856902359142,0.20349644742112044,0.7311476361682241,1.1062022541453564
-0.5265288679814473,-0.5127797575784685,-0.3252156863343304,-0.6152155523078459,-0.5887911903435977,-0.5190739569879629,-0.5740279379018963,-0.5185915381187134,-1.3665331451591776,-1.104784332224919,-1.3676514373028237,0.6964682854034349,1.5917844166039112,0.6970964236821907,0.5548233350786057,-0.20750471077941549,0.5593898394954687,-1.2002121433141226
0.226085401975234,-0.6795015220289611,-0.3252156863343304,-0.6152155523078459,-0.5887911903435977,-0.3258418343715212,-0.9738472729847364,-0.3259010551477786,0.9274620484033428,-0.5547180278645117,0.9279970812479579,-0.9012203232184965,-0.04248896233214733,-0.9001179824800446,-0.479678324833784,1.4364999220227281,-0.48436907874666085,-1.2002121433141226
-1.6805374152483585,-0.5127797575784685,-0.3252156863343304,-0.6152155523078459,-0.5887911903435977,2.097841075017561,-0.5740279379018963,2.097885413233814,1.4227114425230578,-1.4548265259088142,1.4220858994538117,-0.4467399796631354,-1.2171229534424395,-0.44631333226124814,0.2694435668269118,2.2585022384238003,0.2687227989723444,0.3373974549921968
0.050475405652008386,-0.5127797575784685,-0.3252156863343304,-0.6152155523078459,-0.5887911903435977,1.5402283783244006,0.8753171517733993,1.5403820495819518,-0.42754029390819764,-1.5548385812470702,-0.4284165611850925,0.2840323789170712,0.6214345978606265,0.2833333602474056,0.01973626960668006,-1.0295070271804874,0.017692173066008943,-1.2002121433141226
0.8783511026043578,-0.5127797575784685,-0.3252156863343304,1.6254465548679973,0.9481382941107411,-0.0056286026071320425,-0.6240053547872513,-0.005471937398358518,-0.38792034237862044,-0.15466980651148834,-0.3887962314233024,2.406275392876027,1.030002942594641,2.4055374598000134,-0.26564349864501385,-0.20750471077941549,-0.2597627292515191,0.3373974549921968
-2.132105977222367,-0.5127797575784685,-0.3252156863343304,-0.6152155523078459,-0.5887911903435977,-0.32768214030120146,-0.024276352162991052,-0.32806611675419356,0.5827684700960211,1.8955773279227563,0.5830671515570789,-1.0353620986291097,-1.1149808672589359,-1.0335899384267495,-0.015936201424782154,2.6695033966243362,-0.02194424155078053,1.1062022541453564
0.025388263320119012,-0.6795015220289611,-0.3252156863343304,-0.6152155523078459,-0.5887911903435977,0.8280299835380873,-0.9738472729847364,0.8280767810714168,-1.4120960894181909,0.5954206085254304,-1.4119329823307067,-0.6589642810590309,0.468221468585371,-0.6598684617759758,1.981722176337074,0.6144976056216563,1.9863007656998986,-0.4314073441609629
0.00030112098822963846,-0.6795015220289611,-0.3252156863343304,-0.6152155523078459,-0.5887911903435977,-1.656383021530448,0.8753171517733993,-1.656331412289796,1.1770677430396796,-1.054778304555791,1.177372097983931,-0.608911379786414,-0.3489152208826583,-0.6109287445955172,1.1612553426134544,2.6695033966243362,1.1671481969529112,2.643811852451676
1.1543096682551408,-0.6795015220289611,-0.3252156863343304,-0.6152155523078459,-0.5887911903435977,0.6090335779061206,-1.0738021067554464,0.6094055588235014,0.0677091002115174,-0.4547059725262559,0.06800286465380767,-0.887205510862164,0.6725056409523783,-0.886770786885374,-0.015936201424782154,-1.0295070271804874,-0.02194424155078053,-0.4314073441609629
1.028873956595694,-0.5127797575784685,-0.3252156863343304,-0.6152155523078459,-0.5887911903435977,0.9715738460531586,-1.3236891911822215,0.9720533778980142,-0.3740533593432681,2.0956014385992683,-0.3748125856250238,0.051786917012128945,-0.7064125225249211,0.051981969939783955,0.05540874063814164,0.6144976056216563,0.057328587682799005,1.8750070532985164
0.5271311099579065,-0.6795015220289611,-0.3252156863343304,-0.6152155523078459,-0.5887911903435977,0.9476498689673132,2.024797740136565,0.9471551694242413,1.3296045564285517,1.7955652725845006,1.3288615941319528,0.7965740879486686,0.008582080759604505,0.7949758580431079,-0.5153507958652456,0.20349644742112044,-0.510793355157854,-0.4314073441609629
-0.22548315999877472,-0.5127797575784685,-0.3252156863343304,1.6254465548679973,2.6314420151797786,-0.5098724273395608,-0.27416343658976616,-0.5099312916930535,1.47025538435855,-1.3548144705705585,1.471028659747788,-0.7630743157060738,1.081073985686393,-0.7621969613351164,-0.08728114348770531,-1.4405081853810233,-0.08800493257876318,0.3373974549921968
0.15082397497956587,1.7498727599639314,-0.3252156863343304,1.6254465548679973,1.6800094771842358,-0.35712703517608774,-2.7730342808575172,-0.35729444844079605,0.41240267851883916,-1.5048325535779423,0.4129327943446858,1.2230248067913647,0.468221468585371,1.2220861170725632,-1.6568698688720207,-1.4405081853810233,-1.6602493790447561,-0.4314073441609629
0.050475405652008386,-0.5127797575784685,-0.3252156863343304,-0.6152155523078459,-0.5887911903435977,0.34586982996182364,0.5754526504612691,0.346350573644079,-3.1335829833783206,-0.5047120001953838,-3.1342520231520545,-0.42671881915408866,1.2342871149616486,-0.4285170714683537,0.7688581612673758,0.20349644742112044,0.7707840507850142,-1.2002121433141226
-2.207367404218035,1.7498727599639314,-0.3252156863343304,1.6254465548679973,1.240886767340139,-0.05715716863818336,-1.7734859431504169,-0.057433415952318566,-0.5543241388028448,-0.20467583418061627,-0.5542693733696026,-1.9222995091798811,1.4385712873286558,-1.9234029780714488,0.3764609799212971,0.20349644742112044,0.37441990461711655,0.3373974549921968
-1.2540559956062391,1.7498727599639314,-0.3252156863343304,-0.6152155523078459,-0.5887911903435977,0.03301782191615618,0.3755429829198491,0.033499171517111424,-0.07492272529496032,-0.6547300832027676,-0.07416420096202823,-0.2665495350817146,0.9789318995028893,-0.2683507243323081,0.01973626960668006,-1.0295070271804874,0.017692173066008943,-0.4314073441609629
0.27625968663901274,-0.5127797575784685,-0.3252156863343304,1.6254465548679973,1.6800094771842358,0.8372315131864894,-0.5740279379018963,0.8367370274970767,1.111694823015877,0.8454507468710701,1.1121150842586294,0.9847729967337077,-0.6553414794331693,0.9862856615667182,0.4478059219842203,-1.4405081853810233,0.4536927338506961,1.8750070532985164
-0.2756574446625535,-0.5127797575784685,-0.3252156863343304,-0.6152155523078459,-0.5887911903435977,-0.00930921446649315,-1.1737569405261565,-0.009802060611188426,0.19845494025912205,-0.054657751173232495,0.1985168921044102,1.5293485625797791,-2.1364017290939725,1.529071615749985,-0.37266091173939925,0.6144976056216563,-0.3786719731018881,0.3373974549921968
-1.2289688532743497,-0.5127797575784685,-0.3252156863343304,-0.6152155523078459,-0.5887911903435977,-1.0085953342829483,1.5250235712830145,-1.008977991971711,1.9773907639371386,0.895456774540198,1.9767705161188733,-0.16043738438376656,0.3150083393101155,-0.1615731595749441,0.4834783930156819,-0.20750471077941549,0.48011701026188924,0.3373974549921968
0.27625968663901274,-0.5127797575784685,-0.3252156863343304,-0.6152155523078459,-0.5887911903435977,0.5335810347892239,2.47459449210476,0.5336284025989761,0.24005588936517858,0.1953723871724071,0.24046782949924675,-0.44874209571403995,-0.09356000542389915,-0.45076239745947155,-0.622368208959631,-0.20750471077941549,-0.6164904608026267,-1.2002121433141226
0.6525668216173534,1.7498727599639314,-0.3252156863343304,-0.6152155523078459,-0.5887911903435977,-1.3214473423286157,1.3750913206269495,-1.3218293940986785,-0.2710414853663676,-1.1547903598940468,-0.269935242137932,0.3601127888514491,-0.24677313469915466,0.358967468617205,-3.654528246633876,-1.8515093435815593,-3.655282248089839,-1.2002121433141226
1.7564010842204858,-0.6795015220289611,-0.3252156863343304,-0.6152155523078459,-0.5887911903435977,1.6708900993317093,-1.5735762756089966,1.6713682767700593,0.5807874725195423,0.5954206085254304,0.5807365439240328,-1.2916329531449082,0.5703635547688747,-1.2916357199237123,-0.2299710276135523,0.20349644742112044,-0.23333845284032595,-0.4314073441609629
-0.9530102876235665,1.7498727599639314,-0.3252156863343304,1.6254465548679973,1.899570832106284,-0.5061918154802003,0.9252945686587544,-0.5066836992834309,0.5233385428016553,-0.4547059725262559,0.5224713530978708,-0.09636967075481717,0.16179521003486,-0.09483718160159146,0.7331856902359142,0.20349644742112044,0.7311476361682241,-0.4314073441609629
-0.9530102876235665,1.7498727599639314,-0.3252156863343304,-0.6152155523078459,-0.5887911903435977,1.5107834834495149,-1.5735762756089966,1.511153717895349,0.8779371089913713,1.7455592449153727,0.8790543209539816,0.031765756503082186,-0.2978441777909065,0.029736643948666156,1.5893249949909947,-0.20750471077941549,1.5899366195320022,-1.2002121433141226
1.5306168032334815,-0.6795015220289611,-0.3252156863343304,-0.6152155523078459,-0.5887911903435977,-2.401706923051009,1.0252494024294643,-2.4021951356997637,-1.1248514408287562,1.7955652725845006,-1.1252682434659897,0.04978480096122438,-0.14463104851565098,0.051981969939783955,0.6618407481729904,3.4915057130254077,0.6650869451402415,-0.4314073441609629
-1.931408838567252,-0.6795015220289611,-0.3252156863343304,1.6254465548679973,1.5336352405695368,1.041505471381014,0.22561073226378406,1.0413353493032942,-0.19576357746017067,0.6954326638636863,-0.19535579788044502,-1.4317810767082355,0.26393729621836365,-1.429556741068641,-1.086110332368633,-1.0295070271804874,-1.0921274362041034,1.1062022541453564
-1.0031845722873454,-0.5127797575784685,-0.3252156863343304,-0.6152155523078459,-0.5887911903435977,1.4776579767152676,1.1252042362001744,1.4775952629959168,0.19449294510616455,1.3455110235623493,0.19385567683831734,0.6844555890980063,-1.5235492119929503,0.6837492280875205,-0.4440058538023224,-0.6185058689799514,-0.4447326641298708,-0.4314073441609629
1.1292225259232516,1.7498727599639314,-0.3252156863343304,-0.6152155523078459,-0.5887911903435977,0.17656168443122733,-1.1737569405261565,0.17639323754050146,-0.887131731651293,1.3955170512314772,-0.887546264895249,-0.2905749276925705,-0.8596256518001767,-0.2905960503234259,-1.0147653903057097,-0.6185058689799514,-1.0128546069705238,-1.2002121433141226
-0.651964579640894,-0.5127797575784685,-0.3252156863343304,1.6254465548679973,0.9481382941107411,-0.07187961607562622,-0.17420860281905612,-0.07150631639401596,0.33316277545968476,0.2953844425106629,0.33369213482110555,0.7405148385233374,1.744997545879167,0.7415870756644255,-1.7638872819664058,-0.20750471077941549,-1.7659464846895288,2.643811852451676
0.35152111363468086,-0.5127797575784685,-0.3252156863343304,-0.6152155523078459,-0.5887911903435977,1.9634987421508918,1.2251590699708845,1.9636515936360839,0.09940506143517905,-1.3048084429014306,0.09830076388341166,-0.18246066094371788,2.1024948475214296,-0.18381848556606187,-1.193127745463018,0.6144976056216563,-1.1978245418488758,-0.4314073441609629
-1.0282717146192346,-0.6795015220289611,-0.3252156863343304,-0.6152155523078459,-0.5887911903435977,0.7525774404211912,-2.173305278233257,0.7522996248468915,0.20637893056503762,0.7454386915328143,0.2055087150035499,0.9707581843773752,1.4896423304204076,0.9729384659720479,-1.22880021649448,-0.6185058689799514,-1.2242488182600688,-0.4314073441609629
-0.22548315999877472,-0.5127797575784685,-0.3252156863343304,-0.6152155523078459,-0.5887911903435977,-0.4730663087459529,1.0752268193148193,-0.47312524438399856,2.557823053845445,-0.6047240555336396,2.5570918167474472,1.7515834442301987,0.8767898133193857,1.7515248756611599,-1.6568698688720207,-1.0295070271804874,-1.6602493790447561,1.1062022541453564
-0.4512674409857791,-0.5127797575784685,-0.3252156863343304,1.6254465548679973,1.6068223588768862,1.7076962179253172,0.22561073226378406,1.7081743240791138,1.03641691510968,-0.8547541938792792,1.0375356400011428,-0.39468496233961337,1.1832160718698967,-0.3929245498825657,-0.5510232668967078,0.6144976056216563,-0.5504297697746435,1.1062022541453564
2.0825339345350478,-0.6795015220289611,-0.3252156863343304,-0.6152155523078459,-0.5887911903435977,-0.5153933451286022,-0.3741182703604762,-0.5153439457090911,-0.4394262793670707,-1.1547903598940468,-0.4400695993503251,0.5723370902473446,0.5703635547688747,0.5725225981319331,1.0185654584876076,1.4364999220227281,1.0218146766913492,0.3373974549921968
0.9034382449362471,1.7498727599639314,-0.3252156863343304,-0.6152155523078459,-0.5887911903435977,0.4912539984065751,1.0752268193148193,0.4914097012738844,-1.4398300554888952,0.09536033183415127,-1.4399002739272644,-0.12039506336567304,-0.8085546087084248,-0.12153157279093267,-0.5153507958652456,0.20349644742112044,-0.510793355157854,0.3373974549921968
-0.4010931563220003,-0.5127797575784685,-0.3252156863343304,-0.6152155523078459,-0.5887911903435977,-0.9865116631267837,0.5754526504612691,-0.9862448451043534,1.4662933892055925,1.2955049958932214,1.466367444481695,-0.32260878450704517,-0.24677313469915466,-0.3217395067109897,-0.1586260855506285,-0.20750471077941549,-0.15406562360674642,-0.4314073441609629
-0.37600601399011097,-0.6795015220289611,-0.3252156863343304,-0.6152155523078459,-0.5887911903435977,-1.7649610713815915,1.0252494024294643,-1.764584492610546,0.7828492253203858,-0.20467583418061627,0.7834994079990768,-0.8391547256404517,0.41715042549361914,-0.8378310697049158,-1.2644726875259416,1.4364999220227281,-1.2638852328768586,-0.4314073441609629
0.426782540630349,-0.6795015220289611,3.074882430400277,1.6254465548679973,0.9481382941107411,-0.427058660503943,1.0752268193148193,-0.4265764198460761,0.16873997661193915,1.2454989682240936,0.1682189928748062,-0.8371526095895472,-0.9617677379836803,-0.8378310697049158,0.3051160378583733,-0.6185058689799514,0.3083592135891339,1.8750070532985164
1.1543096682551408,-0.5127797575784685,-0.3252156863343304,1.6254465548679973,2.0459450687209833,1.3709202327938044,-1.1237795236408015,1.3704247134783742,0.5431485185664439,0.24537841484153503,0.5434468217952891,-2.0524370524886852,1.2853581580534004,-2.05242586881993,1.26827275570784,1.0254987638221924,1.272845302597684,2.643811852451676
-1.1537074262786815,-0.6795015220289611,-0.3252156863343304,1.6254465548679973,1.240886767340139,-0.259590820903027,1.1252042362001744,-0.25986667615212117,-1.2793692517941075,-0.2546818618497442,-1.2790883472470573,-0.4967928809357523,-0.5021283501579138,-0.49525304944170634,0.2694435668269118,-1.0295070271804874,0.2687227989723444,1.1062022541453564
0.4518696829622384,1.7498727599639314,3.074882430400277,1.6254465548679973,1.0213254124180906,-0.1399709354738012,0.9252945686587544,-0.13970575699608836,0.45400362762489516,1.6455471895771168,0.4548837317395232,-1.0113367060182537,-0.2978441777909065,-1.011344612435632,1.3039452267393015,6.368513820429159,1.299269579008877,-0.4314073441609629
-0.7774002913003409,1.7498727599639314,-0.3252156863343304,1.6254465548679973,1.6068223588768862,-0.6681387372920748,-1.4236440249529316,-0.6679807889613487,-0.6078110733677738,-0.40469994485712796,-0.6078733489296717,-1.4538043532681868,-1.6256912981764542,-1.4518020670597582,-0.30131596967647545,-0.20750471077941549,-0.29939914386830857,1.1062022541453564
-0.3509188716582216,-0.5127797575784685,-0.3252156863343304,-0.6152155523078459,-0.5887911903435977,1.0727906721855804,-0.17420860281905612,1.0727287425963117,-0.7167659400741111,-0.15466980651148834,-0.7174119076828559,1.6414670614304414,1.642855459695663,1.6402982457055724,0.1267536827010648,0.6144976056216563,0.12338927871078165,0.3373974549921968
0.4518696829622384,-0.5127797575784685,-0.3252156863343304,-0.6152155523078459,-0.5887911903435977,0.9531707867563546,-0.9238698560993814,0.9536503542434864,1.3117755782402412,-0.15466980651148834,1.3125473407006274,0.20995408503359844,0.9278608564111375,0.20769925187760618,-1.0147653903057097,2.2585022384238003,-1.0128546069705238,-0.4314073441609629
0.7780025332768002,-0.5127797575784685,-0.3252156863343304,1.6254465548679973,1.6800094771842358,-0.09580359316147159,0.025701064722363966,-0.09532199406458083,0.8898230944502443,0.24537841484153503,0.8907073591192142,-0.5548542464119874,-1.2171229534424395,-0.5530908970186117,0.01973626960668006,1.847501080223264,0.017692173066008943,-0.4314073441609629
-0.12513459067121724,-0.6795015220289611,-0.3252156863343304,1.6254465548679973,1.3140738856474885,-0.6239713949797452,0.3755429829198491,-0.6235970260298411,-0.1680296113894671,-0.5547180278645117,-0.16738850628388705,-0.7090171823316478,-0.19570209160740282,-0.7088081789564343,-0.12295361451916689,-1.0295070271804874,-0.12764134719555323,-0.4314073441609629
0.20099825964334464,-0.6795015220289611,-0.3252156863343304,-0.6152155523078459,-0.5887911903435977,-0.3147999987934389,1.8748654894804997,-0.31507574711570346,-0.9247706856043915,0.4454025255180467,-0.9248359870239927,0.18392657637183743,0.9278608564111375,0.18545392588648837,0.4478059219842203,-0.20750471077941549,0.4536927338506961,-1.2002121433141226
-0.04987316367554911,-0.6795015220289611,-0.3252156863343304,-0.6152155523078459,-0.5887911903435977,-0.9368234030254127,-0.7239601885579613,-0.9364484281568087,0.06374710505855989,0.24537841484153503,0.06334164938771399,1.6434691774813466,1.5917844166039112,1.6447473109037958,1.3752901688022245,-0.20750471077941549,1.3785424082424567,0.3373974549921968
-0.7272260066365622,-0.5127797575784685,-0.3252156863343304,-0.6152155523078459,-0.5887911903435977,0.3090637113682157,-0.6240053547872513,0.3095445263350236,-0.833644797086364,1.445523078900605,-0.8339422893351799,1.3771877427110246,0.9278608564111375,1.3778033990103855,-1.22880021649448,-0.6185058689799514,-1.2242488182600688,-1.2002121433141226
-1.931408838567252,-0.5127797575784685,-0.3252156863343304,-0.6152155523078459,-0.5887911903435977,1.144562603443116,0.17563331537842902,1.1441757756080062,-1.0990984723345314,0.5954206085254304,-1.0996315595024786,0.28002814681526206,0.26393729621836365,0.2788842950491822,-1.3001451585574035,0.20349644742112044,-1.3035216474936484,-0.4314073441609629
1.0790482412594726,1.7498727599639314,3.074882430400277,-0.6152155523078459,-0.5887911903435977,0.4378851264458435,-0.024276352162991052,0.43836569191671665,0.9294430459798215,0.1453663595032792,0.9303276888810047,-0.12439929546748217,-0.2978441777909065,-0.12598063798915607,0.5904958061100672,2.6695033966243362,0.585814115906662,-1.2002121433141226
-0.9530102876235665,-0.6795015220289611,-0.3252156863343304,-0.6152155523078459,-0.5887911903435977,-1.1521391967980195,0.8753171517733993,-1.151872057995101,0.9690629975093987,-0.5047120001953838,0.9699480186427945,-0.7670785478078835,-0.8085546087084248,-0.7666460265333398,0.3051160378583733,-0.20750471077941549,0.3083592135891339,1.1062022541453564
-0.8275745759641198,-0.5127797575784685,-0.3252156863343304,-0.6152155523078459,-0.5887911903435977,0.5133376695627396,-1.6235536924943517,0.5130603173380339,1.008682949038976,1.1454869128858376,1.009568348404585,-0.17845642884190877,0.008582080759604505,-0.17936942036783848,0.2337710957954502,0.6144976056216563,0.22908638435555437,0.3373974549921968
0.6776539639492427,-0.5127797575784685,-0.3252156863343304,-0.6152155523078459,-0.5887911903435977,-1.4061014150939142,1.0752268193148193,-1.4062667967488638,0.8957660871796812,1.1454869128858376,0.895368574385307,-0.7891018243678348,-0.24677313469915466,-0.7888913525244572,-1.3714901006203266,1.0254987638221924,-1.3695823385216315,-1.2002121433141226
0.627479679285464,-0.6795015220289611,-0.3252156863343304,1.6254465548679973,1.1676996490327896,-2.22319724787201,1.2251590699708845,-2.223577553170526,2.0764406427610815,-0.5047120001953838,2.076986644339872,-0.8331483774877375,-1.370336082717695,-0.833382004506692,0.6618407481729904,0.6144976056216563,0.6650869451402415,-1.2002121433141226
-0.7021388643046729,-0.5127797575784685,-0.3252156863343304,-0.6152155523078459,-0.5887911903435977,-0.41601682492586073,0.4255203998052041,-0.41575111181400093,1.3494145321933402,-0.8547541938792792,1.349837062829371,-0.38067014998328086,-0.451057307066162,-0.3795773542878955,-0.08728114348770531,1.4364999220227281,-0.08800493257876318,-1.2002121433141226
0.4518696829622384,1.7498727599639314,-0.3252156863343304,-0.6152155523078459,-0.5887911903435977,0.7930641708741603,1.0752268193148193,0.7934357953687768,-0.7425189085683366,0.34539047017979085,-0.7430485916463675,-0.7991124046223582,0.6214345978606265,-0.797789482920904,0.3407885088898349,0.6144976056216563,0.3347834900003271,-0.4314073441609629
-0.9028360029597878,1.7498727599639314,-0.3252156863343304,-0.6152155523078459,-0.5887911903435977,-0.38473162412129364,-2.373214945774677,-0.38435771852098355,-0.24132652171918467,1.595541161907989,-0.24196795054137443,-0.22450509801271595,-0.6553414794331693,-0.2238600723500733,-0.1586260855506285,-0.20750471077941549,-0.15406562360674642,0.3373974549921968
-0.37600601399011097,1.7498727599639314,-0.3252156863343304,-0.6152155523078459,-0.5887911903435977,-0.5374770162847669,-0.4240956872458312,-0.536994561773241,-1.5923668688777675,-0.2546818618497442,-1.5913897700752855,1.415227947678213,-0.19570209160740282,1.4133959205961735,-0.4440058538023224,-1.0295070271804874,-0.4447326641298708,-0.4314073441609629
-0.37600601399011097,1.7498727599639314,-0.3252156863343304,-0.6152155523078459,-0.5887911903435977,-0.7067851618153631,-1.4236440249529316,-0.7069518978768186,-0.9188276928749547,-0.2546818618497442,-0.9178441641248534,0.2019456208299796,-0.451057307066162,0.20325018667938277,-0.7293856220540164,0.20349644742112044,-0.7353997046529958,-0.4314073441609629
-0.4010931563220003,-0.6795015220289611,-0.3252156863343304,-0.6152155523078459,-0.5887911903435977,-0.6497356779952709,-0.6240053547872513,-0.649577765306821,1.2662126339812283,0.24537841484153503,1.2659351880396972,-0.30258762399799843,-0.2978441777909065,-0.3039432459180961,-0.12295361451916689,-0.6185058689799514,-0.12764134719555323,-0.4314073441609629
0.10064969031578713,-0.5127797575784685,-0.3252156863343304,1.6254465548679973,1.09451253072544,0.2538545334778038,-0.7739376054433164,0.25433545537144137,0.3866497100246138,-0.5047120001953838,0.3872961103811747,1.4392533402890688,0.5703635547688747,1.4400903117855146,-0.622368208959631,0.20349644742112044,-0.6164904608026267,-1.2002121433141226
-1.5551017035889116,-0.6795015220289611,-0.3252156863343304,-0.6152155523078459,-0.5887911903435977,-2.195592658926804,2.8744138271876003,-2.1954317522871314,2.0903076257964335,0.9954688298784539,2.0909702901381513,-1.533888995304374,-2.7492542461949943,-1.5318852406277812,0.7688581612673758,-0.6185058689799514,0.7707840507850142,-0.4314073441609629
-0.9028360029597878,-0.5127797575784685,-0.3252156863343304,-0.6152155523078459,-0.5887911903435977,-1.3619340727815845,-0.27416343658976616,-1.3618830338173562,-1.1664523899348123,-0.004651723504104576,-1.1672191808608263,-0.40069131049232765,0.26393729621836365,-0.4018226802790133,-1.3001451585574035,3.0805045548248717,-1.3035216474936484,0.3373974549921968
0.17591111731145526,-0.5127797575784685,-0.3252156863343304,-0.6152155523078459,-0.5887911903435977,0.2501739216184432,1.2751364868562394,0.2500053321586114,-0.9109037025690396,-0.7547421385410233,-0.9108523412257137,-0.5148119253938939,-0.09356000542389915,-0.5130493102346003,-0.30131596967647545,0.6144976056216563,-0.29939914386830857,1.1062022541453564
-0.47635458331766845,-0.5127797575784685,-0.3252156863343304,-0.6152155523078459,-0.5887911903435977,-0.8153632116665066,0.07567848160771899,-0.8152049781975687,0.7214383004495413,1.0954808852167097,0.720573001906821,-1.646007494155036,-0.451057307066162,-1.647560935781592,2.588154183871923,-0.20750471077941549,2.594059123157342,-1.2002121433141226
1.1543096682551408,-0.5127797575784685,-0.3252156863343304,1.6254465548679973,1.9727579504136337,0.3237861588056591,1.6749558219390797,0.3236174267767214,-1.1803193729701644,-0.054657751173232495,-1.1812028266591053,0.23197736159354976,-0.5021283501579138,0.2299445778687232,-0.05160867245624374,-0.20750471077941549,-0.04836851796197371,0.3373974549921968
0.2511725443071234,-0.6795015220289611,-0.3252156863343304,-0.6152155523078459,-0.5887911903435977,-0.6883821025185591,-1.2737117742968667,-0.6885488742222909,-1.5428419294657958,0.2953844425106629,-1.5424470097813097,0.5803455544509635,-0.2978441777909065,0.5814207285283799,0.9115480453932228,1.847501080223264,0.9161175710465763,0.3373974549921968
-0.47635458331766845,-0.6795015220289611,-0.3252156863343304,-0.6152155523078459,-0.5887911903435977,0.11215097689241345,-3.222831032825712,0.11252392015125898,1.5019513455822122,1.6955532172462449,1.5013265589773919,-0.16844584858738537,0.21286625312661184,-0.17047128997139088,-1.6211973978405587,1.0254987638221924,-1.6206129644279663,1.8750070532985164
-0.2756574446625535,-0.6795015220289611,-0.3252156863343304,1.6254465548679973,2.2655064236430316,-1.5625274191167478,-0.5740279379018963,-1.5621512324107434,0.3648587366833464,-0.4547059725262559,0.3639900340507104,-0.06233369788943734,-1.7789044274517096,-0.06369372521402686,0.4121334509527587,0.20349644742112044,0.4140563192339066,-0.4314073441609629
0.4016953982984596,-0.5127797575784685,-0.3252156863343304,-0.6152155523078459,-0.5887911903435977,-1.128215219712174,1.2751364868562394,-1.1280563803245363,0.9631200047799625,-0.15466980651148834,0.9629561957436555,0.5302926531783465,-2.238543815277476,0.5324810113479217,1.196927813644916,-0.6185058689799514,1.1935724733641044,2.643811852451676
-0.42618029865388973,-0.6795015220289611,-0.3252156863343304,-0.6152155523078459,-0.5887911903435977,0.6881667328823773,-0.07425376904834607,0.6884303074576487,0.6996473271082739,-1.604844608916198,0.6995975332094028,-1.646007494155036,1.030002942594641,-1.647560935781592,-0.30131596967647545,-0.20750471077941549,-0.29939914386830857,-0.4314073441609629
1.6560525148929284,-0.5127797575784685,3.074882430400277,-0.6152155523078459,-0.5887911903435977,1.1979314754038475,-0.47407310413118625,1.1983023157683812,-2.771060426882689,0.24537841484153503,-2.770677232396804,-0.4767717204267055,0.5192925116771229,-0.47745678864881236,0.1624261537325264,-0.6185058689799514,0.16302569332757172,0.3373974549921968
0.6525668216173534,-0.5127797575784685,-0.3252156863343304,-0.6152155523078459,-0.5887911903435977,1.508943177519834,0.22561073226378406,1.5089886562889343,-0.3740533593432681,0.34539047017979085,-0.3748125856250238,-1.9943756870124494,1.5917844166039112,-1.9945880212430247,-2.4773367025956397,0.20349644742112044,-2.4794019477917435,-1.2002121433141226
-1.5551017035889116,-0.6795015220289611,-0.3252156863343304,-0.6152155523078459,-0.5887911903435977,-0.47122600281627264,0.17563331537842902,-0.4709601827775836,0.06969009778799615,0.5954206085254304,0.07033347228685369,-0.08635909050029379,-0.39998626397441017,-0.08593905120514467,-0.1586260855506285,-0.20750471077941549,-0.15406562360674642,0.3373974549921968
1.4051810915740346,1.7498727599639314,-0.3252156863343304,1.6254465548679973,1.5336352405695368,0.7268131574056655,0.07567848160771899,0.7263188855699113,0.10534805416461585,0.4454025255180467,0.10529258678255136,-0.16243950043467112,0.8767898133193857,-0.1615731595749441,1.6963424080853802,0.20349644742112044,1.6956337251767741,-0.4314073441609629
-0.10004744833932785,-0.6795015220289611,-0.3252156863343304,1.6254465548679973,1.7531965954915851,-0.2080622548719757,1.4250687375123046,-0.20790519759816115,0.4995665718839091,-0.15466980651148834,0.4991652767674058,-0.17445219674009907,-0.24677313469915466,-0.1749203551696143,-0.622368208959631,1.0254987638221924,-0.6164904608026267,-1.2002121433141226
-0.04987316367554911,-0.5127797575784685,-0.3252156863343304,1.6254465548679973,1.8263837137989347,-0.01114952039617344,-0.3741182703604762,-0.010884591414396095,0.7452102713672879,0.09536033183415127,0.7462096858703331,-0.6970044860262199,-0.19570209160740282,-0.6954609833617638,0.1267536827010648,-1.4405081853810233,0.12338927871078165,0.3373974549921968
-1.0784459992830135,-0.5127797575784685,-0.3252156863343304,-0.6152155523078459,-0.5887911903435977,1.2420988177161767,0.7753623180026893,1.2416035478966818,2.040782686384462,0.1453663595032792,2.039696922211128,-1.9042804647217388,-0.2978441777909065,-1.9056067172785547,-0.33698844070793704,-1.0295070271804874,-0.33903555848509864,0.3373974549921968
0.4016953982984596,-0.5127797575784685,-0.3252156863343304,-0.6152155523078459,-0.5887911903435977,0.4084402315709572,-0.7239601885579613,0.4080548294269065,0.23015090148278428,-0.20467583418061627,0.23114539896706104,-0.47276748832489585,-0.09356000542389915,-0.47300772345058895,-0.872075506179863,2.2585022384238003,-0.8675210867089616,-0.4314073441609629
-0.47635458331766845,-0.6795015220289611,-0.3252156863343304,-0.6152155523078459,-0.5887911903435977,0.378995336696071,-0.22418601970441113,0.3788264977403037,0.010260170493630335,0.09536033183415127,0.009737673827645704,0.11185039853926922,-2.034259642910469,0.10981981751668897,-1.121782803400095,-1.4405081853810233,-1.1185517126152964,1.8750070532985164
-2.132105977222367,-0.5127797575784685,3.074882430400277,-0.6152155523078459,-0.5887911903435977,-1.2828009178053275,-0.47407310413118625,-1.2828582851832087,-1.057497523228475,-1.2548024152323025,-1.057680622107642,-0.20047970540186008,-1.370336082717695,-0.2016147463589555,-1.3714901006203266,1.0254987638221924,-1.3695823385216315,-1.2002121433141226
1.4051810915740346,-0.5127797575784685,-0.3252156863343304,1.6254465548679973,1.4604481222621875,0.2372917801106801,0.3255655660344941,0.23701496252012172,-0.10265669136566447,-1.3048084429014306,-0.10213149255858538,-1.818189474532838,2.000352761337926,-1.8166254133140847,-1.22880021649448,0.20349644742112044,-1.2242488182600688,1.1062022541453564
-0.47635458331766845,-0.5127797575784685,-0.3252156863343304,1.6254465548679973,1.5336352405695368,-0.29271632763727384,-1.1737569405261565,-0.29234260024834585,-1.3031412227118537,0.5954206085254304,-1.302394423577522,-2.4268327540078594,-0.24677313469915466,-2.426147345470704,-0.5153507958652456,-1.0295070271804874,-0.510793355157854,0.3373974549921968
0.5020439676260171,-0.6795015220289611,-0.3252156863343304,1.6254465548679973,1.6800094771842358,1.0562279188184567,-1.8734407769211268,1.0564907805481993,0.0974240638587003,0.8454507468710701,0.09830076388341166,-0.07634851024577041,-0.757483565616673,-0.07704092080869786,-0.05160867245624374,0.20349644742112044,-0.04836851796197371,1.8750070532985164
-0.47635458331766845,-0.5127797575784685,-0.3252156863343304,-0.6152155523078459,-0.5887911903435977,-0.9147397318692482,0.4754978166905591,-0.9147978120926584,-0.304718444166508,-0.6047240555336396,-0.3048943566336293,-0.43672939940861205,0.26393729621836365,-0.4374152018648013,-0.6937131510225542,-0.20750471077941549,-0.6957632900362056,-1.2002121433141226
1.0037868142638047,1.7498727599639314,-0.3252156863343304,1.6254465548679973,1.0213254124180906,0.6568815320778107,1.1252042362001744,0.6570369141646313,2.536032080504177,-0.10466377884236042,2.5361163480500286,-0.8011145206732627,-0.5531993932496656,-0.8022385481191278,-0.872075506179863,0.6144976056216563,-0.8675210867089616,-0.4314073441609629
-0.5516160103133366,-0.5127797575784685,-0.3252156863343304,-0.6152155523078459,-0.5887911903435977,1.0507070010294157,1.7249332388244347,1.0510781265321614,-0.2829274708252406,-0.6547300832027676,-0.283918887936211,-1.4738255137772336,0.6214345978606265,-1.4740473930508757,0.05540874063814164,0.20349644742112044,0.057328587682799005,0.3373974549921968
-0.4512674409857791,-0.6795015220289611,-0.3252156863343304,-0.6152155523078459,-0.5887911903435977,-0.8264050472445889,-0.22418601970441113,-0.8260302862296434,-0.6632790055091822,-1.104784332224919,-0.6638079321227868,-0.781093360164216,1.1832160718698967,-0.7799932221280104,-0.9077479772113245,0.20349644742112044,-0.9071575013257511,0.3373974549921968
0.47695682529412775,-0.5127797575784685,-0.3252156863343304,-0.6152155523078459,-0.5887911903435977,1.3322738082705161,0.4754978166905591,1.3325361353661116,0.5035285670368667,0.1453663595032792,0.5038264920334986,-0.8992182071675919,-0.8596256518001767,-0.9001179824800446,1.26827275570784,-0.6185058689799514,1.272845302597684,-0.4314073441609629
-0.20039601766688536,-0.6795015220289611,-0.3252156863343304,-0.6152155523078459,-0.5887911903435977,1.6230421451600185,0.6754074842319793,1.6226543906257214,0.44211764216602206,-1.3048084429014306,0.4432306935742906,1.2450480833513156,-0.5021283501579138,1.244331443063681,0.3764609799212971,-0.6185058689799514,0.37441990461711655,1.1062022541453564
0.07556254798389776,-0.5127797575784685,-0.3252156863343304,-0.6152155523078459,-0.5887911903435977,-0.6478953720655906,0.3255655660344941,-0.647412703700406,-0.3998063278374935,-0.7547421385410233,-0.40044926958853494,0.5102714926692998,-0.2978441777909065,0.5102356853568039,2.409791828714614,0.6144976056216563,2.4090891882789895,0.3373974549921968
-0.2756574446625535,-0.6795015220289611,-0.3252156863343304,1.6254465548679973,1.3872610039548379,-0.4233780486445824,-2.473169779545387,-0.4233288274364535,0.7095523149906682,0.895456774540198,0.7089199637415894,-1.5479038076607068,0.5703635547688747,-1.549681501420675,0.840203103330299,0.6144976056216563,0.8368447418129968,0.3373974549921968
-0.7021388643046729,1.7498727599639314,-0.3252156863343304,-0.6152155523078459,-0.5887911903435977,1.3801217624422064,-1.0238246898700913,1.3801674907072412,-2.1886471393979043,-1.054778304555791,-2.188025324135184,-0.9432647602874946,-2.034259642910469,-0.9446086344622794,0.1267536827010648,1.4364999220227281,0.12338927871078165,-1.2002121433141226
-0.42618029865388973,-0.6795015220289611,-0.3252156863343304,1.6254465548679973,1.6068223588768862,-1.3472116253441413,-1.7734859431504169,-1.346727602572451,0.4956045767309511,0.3953964978489188,0.49450406150131293,-0.23851991036904902,-1.9831885998187169,-0.2372072679447435,-1.6211973978405587,-0.6185058689799514,-1.6206129644279663,0.3373974549921968
-1.0784459992830135,1.7498727599639314,-0.3252156863343304,-0.6152155523078459,-0.5887911903435977,-1.2423141873523587,-0.27416343658976616,-1.242804645464531,0.17666396691785471,0.3953964978489188,0.17754142340699192,1.2090099944350312,-1.1149808672589359,1.208738921477893,1.3039452267393015,-1.4405081853810233,1.299269579008877,-1.2002121433141226
0.12573683264767652,-0.6795015220289611,3.074882430400277,-0.6152155523078459,-0.5887911903435977,-0.8466484124710737,-2.7730342808575172,-0.846598371490586,-0.2551935047545365,0.34539047017979085,-0.25595159633965303,-0.3726616857796621,-0.5531993932496656,-0.3706792238914487,0.1624261537325264,-1.0295070271804874,0.16302569332757172,-0.4314073441609629
0.6776539639492427,-0.5127797575784685,-0.3252156863343304,-0.6152155523078459,-0.5887911903435977,0.667923367655893,0.5254752335759142,0.6678622221967064,-0.9307136783338282,0.7454386915328143,-0.931827809923132,0.5302926531783465,-1.319265039625943,0.5324810113479217,0.8758755743617606,-0.20750471077941549,0.8764811564297869,-0.4314073441609629
-0.6770517219727835,1.7498727599639314,-0.3252156863343304,-0.6152155523078459,-0.5887911903435977,-0.5742831348783747,0.5254752335759142,-0.573800609082296,-1.073345503840306,-2.905001328313524,-1.0739948755389674,1.7756088368410545,-0.8596256518001767,1.773770201652277,-0.12295361451916689,0.6144976056216563,-0.12764134719555323,1.1062022541453564
1.1292225259232516,1.7498727599639314,3.074882430400277,-0.6152155523078459,-0.5887911903435977,-0.8595305539788363,-1.7734859431504169,-0.8595887411290761,1.2305546776046086,-0.35469391718800003,1.2309760735440003,0.27602391471345294,1.4385712873286558,0.2744352298509588,0.3407885088898349,-0.6185058689799514,0.3347834900003271,-0.4314073441609629
0.10064969031578713,-0.5127797575784685,-0.3252156863343304,-0.6152155523078459,-0.5887911903435977,-1.3490519312738216,-1.4736214418382867,-1.348892664178866,0.7808682277439071,-0.8547541938792792,0.7811688003660299,-1.0573853751890614,0.7235766840441301,-1.0558352644178668,-1.7638872819664058,-0.20750471077941549,-1.7659464846895288,3.4126166516048357
0.30134682897090215,-0.5127797575784685,-0.3252156863343304,-0.6152155523078459,-0.5887911903435977,0.6660830617262128,-0.3741182703604762,0.6656971605902918,0.7808682277439071,-0.7547421385410233,0.7811688003660299,-0.8771949306076406,1.1832160718698967,-0.8778726564889272,-1.9065771660922524,0.20349644742112044,-1.911280004951091,1.1062022541453564
2.233056788526384,-0.6795015220289611,-0.3252156863343304,-0.6152155523078459,-0.5887911903435977,0.04589996342391875,0.025701064722363966,0.04540701035239386,0.23015090148278428,-0.2546818618497442,0.23114539896706104,0.6504196162326271,1.1832160718698967,0.6526057716999558,-0.33698844070793704,-0.20750471077941549,-0.33903555848509864,0.3373974549921968
0.27625968663901274,1.7498727599639314,-0.3252156863343304,-0.6152155523078459,-0.5887911903435977,0.27041728684492744,0.025701064722363966,0.2705734174195537,-0.20566856534256497,-0.9047602215484072,-0.20467822841263075,-0.34262994501609195,0.3660793824018673,-0.3439848327021075,0.4121334509527587,-1.0295070271804874,0.4140563192339066,-1.2002121433141226
0.6776539639492427,1.7498727599639314,-0.3252156863343304,1.6254465548679973,1.5336352405695368,-0.007468908536812334,0.17563331537842902,-0.007636999004773472,0.4995665718839091,-0.7047361108718955,0.4991652767674058,2.452324062046835,-1.1149808672589359,2.4544771769804714,-0.5866957379281693,1.0254987638221924,-0.5900661843914335,-1.2002121433141226
-0.25057030233066413,-0.5127797575784685,-0.3252156863343304,1.6254465548679973,1.899570832106284,-0.0810811457240282,-0.22418601970441113,-0.08124909362288345,1.2206496897222143,1.0954808852167097,1.2216536430118146,-1.1334657851234389,-1.2171229534424395,-1.1314693727876663,-1.6568698688720207,2.6695033966243362,-1.6602493790447561,-0.4314073441609629
0.17591111731145526,-0.5127797575784685,-0.3252156863343304,-0.6152155523078459,-0.5887911903435977,0.360592277399267,0.17563331537842902,0.3604234740857768,0.4658896130837682,-0.40469994485712796,0.46653676990475496,-1.2095461950578168,-2.1874727721857243,-1.2115525463556895,1.7676873501483032,-1.0295070271804874,1.7616944162047568,-1.2002121433141226
1.028873956595694,-0.5127797575784685,-0.3252156863343304,-0.6152155523078459,-0.5887911903435977,-0.6313326186984669,-0.3741182703604762,-0.6311747416522937,0.16675897903546041,-0.10466377884236042,0.16588838524175936,0.2700175665607387,-0.19570209160740282,0.2699861646527354,0.2337710957954502,-1.4405081853810233,0.22908638435555437,-0.4314073441609629
-1.2289688532743497,-0.5127797575784685,-0.3252156863343304,-0.6152155523078459,-0.5887911903435977,0.45444787981296714,-0.17420860281905612,0.454603653964829,1.4365784255584098,1.3955170512314772,1.4360695452520902,-0.4187103549504698,0.9278608564111375,-0.41961894107190695,0.2694435668269118,0.20349644742112044,0.2687227989723444,-0.4314073441609629
0.10064969031578713,-0.6795015220289611,-0.3252156863343304,-0.6152155523078459,-0.5887911903435977,-0.5890055823158181,0.12565589849307401,-0.5889560403272011,0.4361746494365853,-1.104784332224919,0.43623887067515094,-0.7410510391461225,0.11072416694310817,-0.7399516353439985,0.9115480453932228,-0.6185058689799514,0.9161175710465763,0.3373974549921968
1.4553553762378133,-0.5127797575784685,-0.3252156863343304,1.6254465548679973,0.5090155842666443,-1.211028986547792,0.07567848160771899,-1.2114112521715137,-1.097117474758052,2.2956255492757798,-1.097300951869432,-0.10638025100934054,1.8982106751544223,-0.10818437719626246,0.5548233350786057,1.847501080223264,0.5593898394954687,-0.4314073441609629
0.7027411062811321,-0.5127797575784685,-0.3252156863343304,-0.6152155523078459,-0.5887911903435977,-0.2080622548719757,0.8253397348880442,-0.20790519759816115,0.3252387851537692,1.445523078900605,0.32436970428891987,-2.380784084837052,0.008582080759604505,-2.381656693488469,0.5548233350786057,1.0254987638221924,0.5593898394954687,-0.4314073441609629
-0.5265288679814473,1.7498727599639314,-0.3252156863343304,1.6254465548679973,1.0213254124180906,0.3072234054385354,0.7253849011173342,0.30737946472860905,-0.9980675959341091,0.4454025255180467,-0.9970848236484336,-0.4867823006812289,-1.2681939965341913,-0.4863549190452595,-0.33698844070793704,-1.4405081853810233,-0.33903555848509864,-1.2002121433141226
-1.1035331416149028,-0.6795015220289611,-0.3252156863343304,1.6254465548679973,2.2655064236430316,0.6127141897654812,0.7253849011173342,0.6126531512331241,-0.18982058473073443,0.5954206085254304,-0.19069458261435218,-0.356644757372425,0.774647727135882,-0.35733202829677774,-0.26564349864501385,-0.6185058689799514,-0.2597627292515191,-1.2002121433141226
-1.053358856951124,-0.5127797575784685,-0.3252156863343304,-0.6152155523078459,-0.5887911903435977,0.4526075738832868,-1.7734859431504169,0.45243859235841366,0.9235000532503853,1.1454869128858376,0.923335865981865,0.2840323789170712,-0.2978441777909065,0.2833333602474056,0.6261682771415289,-0.20750471077941549,0.625450530523452,-0.4314073441609629
0.9034382449362471,-0.6795015220289611,3.074882430400277,-0.6152155523078459,-0.5887911903435977,1.0599085306778178,0.12565589849307401,1.0597383729578218,-0.4750842357436904,-0.8047481662101513,-0.47502871384602235,1.259062895707648,-0.9617677379836803,1.2576786386583512,1.410962639833686,-0.20750471077941549,1.40496668465365,-1.2002121433141226
-1.8310602692396947,1.7498727599639314,-0.3252156863343304,-0.6152155523078459,-0.5887911903435977,0.020135680408393617,0.4255203998052041,0.020508801878621315,1.7456140474891122,-2.1049048856074775,1.7460403604472723,-0.17245008068919448,-0.451057307066162,-0.17047128997139088,1.3752901688022245,0.6144976056216563,1.3785424082424567,0.3373974549921968
1.0037868142638047,-0.5127797575784685,-0.3252156863343304,1.6254465548679973,1.7531965954915851,-0.5724428289486945,-0.47407310413118625,-0.5727180782790884,-1.3784191306180504,-0.15466980651148834,-1.379304475468056,0.3781318333095913,2.1535658906131814,0.3767637294100986,-0.05160867245624374,-1.4405081853810233,-0.04836851796197371,-0.4314073441609629
-0.04987316367554911,1.7498727599639314,3.074882430400277,-0.6152155523078459,-0.5887911903435977,1.1519238271618375,0.07567848160771899,1.1517534912304588,2.975813542482484,0.09536033183415127,2.9766011906958125,-0.7490595033497414,-0.3489152208826583,-0.7488497657404458,0.3764609799212971,-0.6185058689799514,0.37441990461711655,-1.2002121433141226
-0.47635458331766845,1.7498727599639314,-0.3252156863343304,-0.6152155523078459,-0.5887911903435977,2.7621915156321846,-1.3736666080675766,2.762559326403219,0.15091099842362987,0.9954688298784539,0.1519047394434808,1.3331411895911218,0.11072416694310817,1.3333127470281505,0.1267536827010648,0.6144976056216563,0.12338927871078165,-1.2002121433141226
-0.576703152645226,-0.5127797575784685,-0.3252156863343304,-0.6152155523078459,-0.5887911903435977,-0.9000172844318047,-1.8234633600357717,-0.8996423808477537,0.4559846252013739,0.7954447192019422,0.4548837317395232,0.5463095815855842,0.41715042549361914,0.5458282069425918,-0.08728114348770531,0.20349644742112044,-0.08800493257876318,-0.4314073441609629
-0.12513459067121724,-0.5127797575784685,-0.3252156863343304,1.6254465548679973,1.8263837137989347,0.06614332865040354,0.7253849011173342,0.0659750956133365,0.014222165646588392,-0.6547300832027676,0.014398889093738564,-0.46275690807037245,-0.8085546087084248,-0.46410959305414173,0.05540874063814164,4.31350802942648,0.057328587682799005,1.1062022541453564
-0.04987316367554911,-0.5127797575784685,-0.3252156863343304,-0.6152155523078459,-0.5887911903435977,1.3746008446531655,0.9752719855441093,1.3747548366912041,-0.8197778140510116,-0.40469994485712796,-0.8199586435369013,1.2790840562166947,-0.2978441777909065,1.279923964649469,-1.5141799847461737,0.20349644742112044,-1.5149158587831935,-0.4314073441609629
-0.6017902949771153,-0.5127797575784685,-0.3252156863343304,-0.6152155523078459,-0.5887911903435977,1.2052926991225688,-0.6739827716726063,1.2047975005876266,1.0582078884509474,-0.8547541938792792,1.0585111086985612,0.7785550434905264,-0.451057307066162,0.7771795972502135,-0.979092919274248,-0.20750471077941549,-0.9732181923537343,-1.2002121433141226
-1.655450272916469,1.7498727599639314,-0.3252156863343304,1.6254465548679973,2.1191321870283324,0.027496904127114787,-1.2237343574115116,0.02700398669786656,-0.45725525755538055,-0.10466377884236042,-0.4563838527816505,0.5503138136873933,1.8471396320626705,0.5502772721408152,-1.8709046950607908,-0.6185058689799514,-1.8716435903343012,0.3373974549921968
1.8818367958799327,-0.6795015220289611,-0.3252156863343304,-0.6152155523078459,-0.5887911903435977,0.4084402315709572,0.025701064722363966,0.4080548294269065,-0.9109037025690396,-1.104784332224919,-0.9108523412257137,-0.7230319946879803,-1.063909824167184,-0.7221553745511046,-0.4440058538023224,-1.0295070271804874,-0.4447326641298708,-0.4314073441609629
0.37660825596657027,-0.5127797575784685,-0.3252156863343304,1.6254465548679973,2.6314420151797786,0.9366080333892308,-0.32414085347512117,0.9363298613921668,0.46390861550728946,0.1453663595032792,0.4642061622717089,0.8706523818321414,-1.2171229534424395,0.8706099664129073,0.3051160378583733,-1.0295070271804874,0.3083592135891339,-1.2002121433141226
-2.056844550226699,-0.5127797575784685,3.074882430400277,-0.6152155523078459,-0.5887911903435977,1.067269754396539,-0.1242311859337011,1.0673160885802737,0.1271390275058832,1.0454748575475818,0.12626805547996964,-0.36665533762694835,-0.24677313469915466,-0.3662301586932253,-2.0492670502180994,-0.20750471077941549,-2.043401387007057,-1.2002121433141226
-0.5516160103133366,1.7498727599639314,-0.3252156863343304,1.6254465548679973,0.9481382941107411,1.5567911316915248,-1.0738021067554464,1.5566200116300641,0.041956131717292545,0.895456774540198,0.04236618069029571,-0.5428415501065595,-0.39998626397441017,-0.544192766622165,-1.4071625716517886,-0.6185058689799514,-1.409218753138421,1.8750070532985164
0.17591111731145526,-0.6795015220289611,-0.3252156863343304,1.6254465548679973,0.5090155842666443,-0.26879235055142897,-0.7739376054433164,-0.268526922577781,1.3137565758167205,-0.35469391718800003,1.3148779483336734,1.0047941572427543,0.7235766840441301,1.0040819223596118,0.2337710957954502,-0.20750471077941549,0.22908638435555437,-0.4314073441609629
-1.8310602692396947,-0.5127797575784685,-0.3252156863343304,-0.6152155523078459,-0.5887911903435977,-1.067485124032721,-2.6231020302014523,-1.0674346553449159,-1.48341200217143,0.5954206085254304,-1.4841818189551477,1.2230248067913647,1.1321450287781447,1.2220861170725632,-0.6937131510225542,-1.0295070271804874,-0.6957632900362056,3.4126166516048357
-0.5516160103133366,1.7498727599639314,-0.3252156863343304,-0.6152155523078459,-0.5887911903435977,-0.6018877238235807,-1.4236440249529316,-0.6019464099656913,-0.692993969156365,0.09536033183415127,-0.6941058313523912,0.8546354534249038,0.3660793824018673,0.8528137056200129,-0.6580406799910925,1.847501080223264,-0.6561268754194162,-0.4314073441609629
0.27625968663901274,-0.5127797575784685,-0.3252156863343304,-0.6152155523078459,-0.5887911903435977,-0.2043816430126151,0.07567848160771899,-0.2046576051885385,1.9278658245251672,0.8454507468710701,1.927827755824897,-0.11639083126386392,0.5192925116771229,-0.11708250759270927,-0.1586260855506285,0.20349644742112044,-0.15406562360674642,-0.4314073441609629
-0.2756574446625535,-0.5127797575784685,-0.3252156863343304,-0.6152155523078459,-0.5887911903435977,-0.01114952039617344,-1.4736214418382867,-0.010884591414396095,-0.19972557261312873,-0.9547662492175351,-0.2000170131465379,-1.4578085853699962,-0.451057307066162,-1.4562511322579816,0.1267536827010648,1.0254987638221924,0.12338927871078165,1.1062022541453564
1.706226799556707,-0.6795015220289611,-0.3252156863343304,-0.6152155523078459,-0.5887911903435977,-0.59820711196422,0.7253849011173342,-0.5986988175560686,-0.7682718770625614,1.1454869128858376,-0.7686852756098786,-1.1695038740397232,0.16179521003486,-1.171510959571678,-1.086110332368633,0.6144976056216563,-1.0921274362041034,1.1062022541453564
-0.6770517219727835,-0.5127797575784685,-0.3252156863343304,-0.6152155523078459,-0.5887911903435977,-1.4171432506719963,-0.5740279379018963,-1.4170921047809384,-1.0178775716988977,-0.004651723504104576,-1.018060292345852,-0.2485304906235724,0.7235766840441301,-0.2505544635394137,0.2694435668269118,0.20349644742112044,0.2687227989723444,-1.2002121433141226
0.4518696829622384,-0.5127797575784685,-0.3252156863343304,1.6254465548679973,0.8017640574960422,-0.029552579692977407,0.4754978166905591,-0.029287615068923394,0.24005588936517858,-0.004651723504104576,0.24046782949924675,0.516277840822014,1.1832160718698967,0.5146847505550273,-0.08728114348770531,0.6144976056216563,-0.08800493257876318,-0.4314073441609629
-0.30074458699444284,-0.5127797575784685,-0.3252156863343304,-0.6152155523078459,-0.5887911903435977,0.6127141897654812,-1.8734407769211268,0.6126531512331241,-0.47706523332016915,-1.4548265259088142,-0.47735932147906873,1.2430459673004115,1.3364292011451522,1.244331443063681,-0.40833338277086084,-1.4405081853810233,-0.4050962495130813,-0.4314073441609629
-0.10004744833932785,-0.6795015220289611,-0.3252156863343304,-0.6152155523078459,-0.5887911903435977,1.411406963246773,1.2251590699708845,1.4115608840002594,1.4504454085937615,-0.004651723504104576,1.4500531910503696,0.44420166298944525,0.059653123851356335,0.44349970738345124,0.3051160378583733,-1.4405081853810233,0.3083592135891339,-0.4314073441609629
1.630965372561039,-0.6795015220289611,-0.3252156863343304,-0.6152155523078459,-0.5887911903435977,0.031177515986475893,0.3755429829198491,0.03133410991069647,1.0522648957215113,-2.304928996283989,1.0515192857994216,-1.7661344572093165,-0.2978441777909065,-1.7676856961336265,0.4834783930156819,0.6144976056216563,0.48011701026188924,-0.4314073441609629
0.426782540630349,-0.5127797575784685,-0.3252156863343304,-0.6152155523078459,-0.5887911903435977,1.6212018392303387,2.2247074076779847,1.6215718598225142,2.292369378597277,1.0454748575475818,2.2914025465801484,0.16190329981188611,-0.451057307066162,0.16320859989537137,1.48230758189661,2.6695033966243362,1.4842395138872293,2.643811852451676
3.111106770142512,-0.5127797575784685,-0.3252156863343304,-0.6152155523078459,-0.5887911903435977,0.055101493072320734,2.0747751570219197,0.05514978758126135,0.9076520726385542,-1.8548747472618377,0.9070216125505396,0.3501022085969257,0.16179521003486,0.3500693382207582,-0.5153507958652456,-1.0295070271804874,-0.510793355157854,-0.4314073441609629
1.0037868142638047,-0.6795015220289611,-0.3252156863343304,-0.6152155523078459,-0.5887911903435977,-1.7760029069596737,-1.3236891911822215,-1.7764923314458285,-0.19972557261312873,0.1953723871724071,-0.2000170131465379,-1.0013261257637303,-1.063909824167184,-1.0024464820391852,0.1624261537325264,1.0254987638221924,0.16302569332757172,-0.4314073441609629
-0.22548315999877472,-0.6795015220289611,-0.3252156863343304,1.6254465548679973,1.4604481222621875,-0.5264351807066845,-0.5240505210165413,-0.5261692537411659,-0.11652367440101627,-1.054778304555791,-0.11611513835686478,0.7745508113887167,0.7235766840441301,0.77273053205199,-0.08728114348770531,-0.6185058689799514,-0.08800493257876318,-0.4314073441609629
-0.04987316367554911,-0.5127797575784685,-0.3252156863343304,-0.6152155523078459,-0.5887911903435977,-0.10316481688019327,0.07567848160771899,-0.10289970968703337,-2.012338355091286,0.895456774540198,-2.013229751656698,0.22196678133902636,1.3364292011451522,0.2210464474722764,-0.9077479772113245,-1.0295070271804874,-0.9071575013257511,0.3373974549921968
0.5271311099579065,-0.5127797575784685,-0.3252156863343304,-0.6152155523078459,-0.5887911903435977,-2.6611900591359445,-1.9234181938064818,-2.6609199976663565,-0.3938633351080567,-0.5547180278645117,-0.39345744668939564,1.0228132017008966,-2.1364017290939725,1.0218781831525061,0.8758755743617606,-1.0295070271804874,0.8764811564297869,-0.4314073441609629
-1.178794568610571,-0.5127797575784685,-0.3252156863343304,1.6254465548679973,2.2655064236430316,0.5004555280549771,2.124752573907275,0.5000699476995442,-1.443792050641853,-1.4048204982396864,-1.4445614891933576,-0.026295608973153518,1.030002942594641,-0.02810120362823886,-0.37266091173939925,-1.4405081853810233,-0.3786719731018881,1.1062022541453564
-0.37600601399011097,1.7498727599639314,-0.3252156863343304,1.6254465548679973,2.4118806602577303,-1.1171733841340918,0.025701064722363966,-1.117231072292461,0.5807874725195423,1.6955532172462449,0.5807365439240328,0.7285021422179095,-2.1364017290939725,0.7282398800697553,-0.26564349864501385,-0.6185058689799514,-0.2597627292515191,-1.2002121433141226
-0.1502217330031066,-0.5127797575784685,-0.3252156863343304,-0.6152155523078459,-0.5887911903435977,-0.22278470230941907,-0.22418601970441113,-0.2230606288430662,-0.4889512187790422,-0.5547180278645117,-0.4890123596443009,1.0087983893445642,0.6725056409523783,1.0085309875578352,1.1255828715819929,0.6144976056216563,1.1275117823361218,0.3373974549921968
-0.07496030600743848,1.7498727599639314,-0.3252156863343304,1.6254465548679973,1.5336352405695368,-1.2625575525788433,0.22561073226378406,-1.262290199922266,0.3410867657656003,0.04535430416502335,0.3406839577202453,0.952739139919233,0.41715042549361914,0.9506931399809301,-1.3001451585574035,-0.6185058689799514,-1.3035216474936484,0.3373974549921968
-0.7774002913003409,-0.5127797575784685,-0.3252156863343304,-0.6152155523078459,-0.5887911903435977,0.6200754134842028,-0.7239601885579613,0.6202308668555766,0.07959508567039045,-1.1547903598940468,0.0796559028190394,1.122919004246131,0.059653123851356335,1.1242066827116468,-1.6211973978405587,-0.20750471077941549,-1.6206129644279663,-0.4314073441609629
-0.17530887533499598,-0.6795015220289611,-0.3252156863343304,1.6254465548679973,2.192319305335682,-0.17677705406740915,1.1751816530855295,-0.17651180430514335,-0.14623863804819917,0.7954447192019422,-0.14641303758646879,-1.8942698844672154,-1.370336082717695,-1.8922595216838847,0.9115480453932228,-0.20750471077941549,0.9161175710465763,-0.4314073441609629
-1.6052759882526904,-0.6795015220289611,3.074882430400277,1.6254465548679973,2.2655064236430316,-0.5521994637222102,1.0752268193148193,-0.5521499930181462,0.20637893056503762,-1.2548024152323025,0.2055087150035499,-1.726092136191223,-0.5021283501579138,-1.727644109349615,-0.37266091173939925,-0.20750471077941549,-0.3786719731018881,-0.4314073441609629
-0.8275745759641198,-0.5127797575784685,-0.3252156863343304,-0.6152155523078459,-0.5887911903435977,-0.38473162412129364,0.9252945686587544,-0.38435771852098355,0.22024591360038998,0.24537841484153503,0.21949236080182846,-0.04831888553310484,0.059653123851356335,-0.05034652961935666,0.01973626960668006,-0.6185058689799514,0.017692173066008943,-0.4314073441609629
0.9786996719319152,-0.5127797575784685,-0.3252156863343304,-0.6152155523078459,-0.5887911903435977,-0.3792107063322528,0.17563331537842902,-0.37894506450494597,1.369224507958129,0.2953844425106629,1.3684819238937425,0.39815299381863806,0.8257187702276338,0.3990090554012164,0.01973626960668006,-0.20750471077941549,0.017692173066008943,-0.4314073441609629
0.17591111731145526,-0.6795015220289611,-0.3252156863343304,1.6254465548679973,1.7531965954915851,0.5483034822266672,0.3755429829198491,0.5487838338438812,-1.8043336095610054,-1.8048687195927098,-1.803475064682515,-0.2164966338090977,2.306779019888437,-0.21496194195362647,-0.40833338277086084,0.6144976056216563,-0.4050962495130813,3.4126166516048357
-0.8275745759641198,-0.5127797575784685,-0.3252156863343304,-0.6152155523078459,-0.5887911903435977,-0.3240015284418409,-0.7239601885579613,-0.3237359935413637,-0.9049607098396029,-0.7047361108718955,-0.9038605183265744,-0.2164966338090977,-0.6553414794331693,-0.21496194195362647,0.2694435668269118,1.847501080223264,0.2687227989723444,2.643811852451676
-0.22548315999877472,-0.6795015220289611,-0.3252156863343304,-0.6152155523078459,-0.5887911903435977,1.5807151087773703,-0.9238698560993814,1.5804356893006288,-0.395844332684536,-1.2548024152323025,-0.3957880543224421,0.211956201084503,0.6725056409523783,0.2121483170758296,-0.5866957379281693,-1.0295070271804874,-0.5900661843914335,-0.4314073441609629
-0.9279231452916772,-0.5127797575784685,-0.3252156863343304,-0.6152155523078459,-0.5887911903435977,0.8298702894677682,0.5254752335759142,0.8302418426778314,-0.21161155807200177,0.04535430416502335,-0.21167005131177044,0.4181741543276848,0.5192925116771229,0.4168053161941108,-0.37266091173939925,-1.0295070271804874,-0.3786719731018881,-0.4314073441609629
-0.1502217330031066,-0.6795015220289611,-0.3252156863343304,-0.6152155523078459,-0.5887911903435977,1.0599085306778178,-0.8738924392140264,1.0597383729578218,-0.9247706856043915,-1.754862691923582,-0.9248359870239927,0.7305042582688142,0.26393729621836365,0.7326889452679787,0.3407885088898349,0.6144976056216563,0.3347834900003271,-0.4314073441609629
-1.2289688532743497,-0.5127797575784685,-0.3252156863343304,1.6254465548679973,1.1676996490327896,-0.16205460662996576,-1.4736214418382867,-0.16243890386344595,0.014222165646588392,-1.004772276886663,0.014398889093738564,-0.8311462614368329,1.2342871149616486,-0.833382004506692,-2.191956934343946,0.20349644742112044,-2.188734907268619,0.3373974549921968
0.07556254798389776,-0.5127797575784685,-0.3252156863343304,-0.6152155523078459,-0.5887911903435977,0.8501136546942525,1.1252042362001744,0.8497273971355663,-0.7504428988742515,0.2953844425106629,-0.7500404145455067,1.4332469921363558,-0.757483565616673,1.4311921813890678,-0.05160867245624374,-0.20750471077941549,-0.04836851796197371,-0.4314073441609629
-2.132105977222367,1.7498727599639314,-0.3252156863343304,-0.6152155523078459,-0.5887911903435977,-0.4877887561833963,-1.7734859431504169,-0.48828067562890365,0.5748444797901054,-0.5047120001953838,0.5737447210248932,-1.047374794934538,-0.2978441777909065,-1.04693713402142,0.1624261537325264,1.4364999220227281,0.16302569332757172,-0.4314073441609629
-1.0031845722873454,1.7498727599639314,3.074882430400277,-0.6152155523078459,-0.5887911903435977,-1.8680182034436936,0.12565589849307401,-1.8685074497184662,-0.09473270105974892,2.4456436322831636,-0.09513966965944651,-1.8522254473982174,0.008582080759604505,-1.8522179348998729,-0.05160867245624374,0.6144976056216563,-0.04836851796197371,0.3373974549921968
-0.8275745759641198,-0.5127797575784685,-0.3252156863343304,-0.6152155523078459,-0.5887911903435977,0.7801820293663971,0.3255655660344941,0.7804454257302863,-0.02539778588298881,0.09536033183415127,-0.025221440668051976,-0.7630743157060738,0.3660793824018673,-0.7621969613351164,-0.30131596967647545,-0.6185058689799514,-0.29939914386830857,0.3373974549921968
-2.0819316925585882,-0.6795015220289611,-0.3252156863343304,-0.6152155523078459,-0.5887911903435977,0.3182652410166177,-0.17420860281905612,0.3182047727606842,0.05978510990560184,0.34539047017979085,0.05868043412162113,0.029763640452177626,0.26393729621836365,0.029736643948666156,-0.5510232668967078,-0.6185058689799514,-0.5504297697746435,1.1062022541453564
-1.1286202839467923,-0.5127797575784685,3.074882430400277,-0.6152155523078459,-0.5887911903435977,-0.0369138034116991,0.6754074842319793,-0.036865330691375923,0.2955238215065863,0.49540855318717464,0.2964024126923619,0.7244979101160999,-1.676762341268206,0.7237908148715319,0.09108121166960323,0.20349644742112044,0.09696500229958847,-0.4314073441609629
0.17591111731145526,1.7498727599639314,-0.3252156863343304,-0.6152155523078459,-0.5887911903435977,-0.18597858371581114,-0.07425376904834607,-0.1862545815340112,1.256307646098834,-0.6547300832027676,1.2566127575075114,0.11585463064107891,-1.1149808672589359,0.11426888271491238,-0.33698844070793704,-0.20750471077941549,-0.33903555848509864,-1.2002121433141226
-0.576703152645226,1.7498727599639314,-0.3252156863343304,1.6254465548679973,1.7531965954915851,0.5630259296641107,0.7753623180026893,0.562856734285579,-0.1680296113894671,-0.8547541938792792,-0.16738850628388705,0.9126968189011395,-0.39998626397441017,0.9106515531969187,0.1980986247639886,-0.20750471077941549,0.20266210794436118,3.4126166516048357
1.3048325222464772,-0.6795015220289611,-0.3252156863343304,-0.6152155523078459,-0.5887911903435977,-0.46202447316787065,-2.2232826951186118,-0.4622999363519234,1.234516672757566,-0.8047481662101513,1.235637288810093,3.347269936801225,-0.5531993932496656,3.348739281823395,1.8747047632426885,-1.0295070271804874,1.880603660055127,-0.4314073441609629
0.00030112098822963846,-0.5127797575784685,-0.3252156863343304,-0.6152155523078459,-0.5887911903435977,-0.46570508502723124,1.4750461543976596,-0.46554752876154604,0.327219782730248,0.04535430416502335,0.3267003119219667,-0.30258762399799843,-2.4428279876444834,-0.3039432459180961,1.3039452267393015,-0.20750471077941549,1.299269579008877,-0.4314073441609629
1.9069239382118222,-0.5127797575784685,-0.3252156863343304,-0.6152155523078459,-0.5887911903435977,-0.07371992200530704,0.9752719855441093,-0.07367137800043091,-0.635545039438478,-0.5047120001953838,-0.6358406405262292,-0.032301957125867205,0.5192925116771229,-0.03255026882646305,1.5536525239595331,-0.20750471077941549,1.550300204915212,-0.4314073441609629
-0.651964579640894,-0.5127797575784685,-0.3252156863343304,-0.6152155523078459,-0.5887911903435977,-0.7583137278464144,0.4754978166905591,-0.757830845627571,-0.9406186662162226,-0.7047361108718955,-0.9411502404553181,0.3020514233752134,0.16179521003486,0.3011296210402992,0.3051160378583733,1.0254987638221924,0.3083592135891339,-0.4314073441609629
1.2044839529189195,-0.5127797575784685,-0.3252156863343304,1.6254465548679973,0.8749511758033917,1.5586314376212047,0.07567848160771899,1.5587850732364794,0.3747637245657407,1.1454869128858376,0.37564307221594295,-0.0022702163622970693,-0.5531993932496656,-0.001406812438898447,0.3764609799212971,-0.6185058689799514,0.37441990461711655,0.3373974549921968
2.1076210768669372,-0.5127797575784685,3.074882430400277,1.6254465548679973,1.6068223588768862,-0.47122600281627264,0.6754074842319793,-0.4709601827775836,-1.624062830101429,0.2953844425106629,-1.6240182769379363,1.1589570931624142,0.26393729621836365,1.1597992042974348,0.9472205164246843,-0.6185058689799514,0.9425418474577696,0.3373974549921968
1.555703945565371,-0.5127797575784685,-0.3252156863343304,-0.6152155523078459,-0.5887911903435977,0.4268432908677612,-0.024276352162991052,0.42645785308143425,-0.43744528179059194,-2.7049772176370124,-0.43773899171727865,0.06580172936846201,0.8257187702276338,0.06532916553445416,0.9115480453932228,-0.6185058689799514,0.9161175710465763,2.643811852451676
-1.1537074262786815,-0.6795015220289611,3.074882430400277,-0.6152155523078459,-0.5887911903435977,0.7599386641399128,0.7253849011173342,0.7598773404693441,-0.6989369618858012,-0.15466980651148834,-0.6987670466184841,0.6984704014543394,0.8767898133193857,0.6970964236821907,-0.1942985565820907,-0.20750471077941549,-0.19370203822353588,-0.4314073441609629
-0.20039601766688536,-0.5127797575784685,-0.3252156863343304,-0.6152155523078459,-0.5887911903435977,-0.12340818210667753,1.5250235712830145,-0.12346779494797601,-0.20368756776608624,0.3953964978489188,-0.20467822841263075,1.791625765248292,-1.7278333843599578,1.7915664624451713,0.05540874063814164,-1.0295070271804874,0.057328587682799005,-1.2002121433141226
0.12573683264767652,-0.6795015220289611,-0.3252156863343304,-0.6152155523078459,-0.5887911903435977,-0.02403166190393601,2.124752573907275,-0.023874961052886202,0.9175570605209485,1.1454869128858376,0.9186746507157721,1.1889888339259844,0.26393729621836365,1.1909426606849987,-0.2299710276135523,-1.0295070271804874,-0.23333845284032595,-1.2002121433141226
-0.30074458699444284,-0.6795015220289611,-0.3252156863343304,-0.6152155523078459,-0.5887911903435977,-1.3582534609222237,2.524571908990115,-1.3586354414077335,-0.21953554837791733,2.0956014385992683,-0.21866187421090932,-0.5928944513791764,-1.676762341268206,-0.5931324838026232,0.8758755743617606,1.0254987638221924,0.8764811564297869,-1.2002121433141226
0.5522182522897958,-0.5127797575784685,-0.3252156863343304,-0.6152155523078459,-0.5887911903435977,-0.07371992200530704,-1.1237795236408015,-0.07367137800043091,-0.31858542720186034,-0.20467583418061627,-0.3188780024319083,-0.873190698505831,-0.39998626397441017,-0.8734235912907038,-0.40833338277086084,-1.0295070271804874,-0.4050962495130813,0.3373974549921968
-0.7021388643046729,-0.5127797575784685,-0.3252156863343304,-0.6152155523078459,-0.5887911903435977,1.1408819915837547,0.7253849011173342,1.1409281831983844,-0.6375260370149567,1.6455471895771168,-0.6381712481592757,-0.6149177279391277,1.1321450287781447,-0.6153778097937409,0.3051160378583733,-1.0295070271804874,0.3083592135891339,0.3373974549921968
2.233056788526384,-0.5127797575784685,3.074882430400277,-0.6152155523078459,-0.5887911903435977,-1.2478351051413998,-2.273260112003967,-1.2482172994805687,0.44211764216602206,1.1954929405549655,0.4432306935742906,0.8546354534249038,-0.9617677379836803,0.8528137056200129,-0.08728114348770531,1.0254987638221924,-0.08800493257876318,1.1062022541453564
-0.17530887533499598,1.7498727599639314,-0.3252156863343304,-0.6152155523078459,-0.5887911903435977,1.2016120872632081,0.5754526504612691,1.201549908178004,-0.4017873254139722,-0.4547059725262559,-0.4027798772215814,1.2490523154531246,0.26393729621836365,1.2487805082619043,-0.1942985565820907,0.6144976056216563,-0.19370203822353588,-0.4314073441609629
-0.7021388643046729,-0.5127797575784685,-0.3252156863343304,1.6254465548679973,2.8510033701018274,-0.11052604059891497,0.8253397348880442,-0.1104774253094859,0.06572810263503864,0.6954326638636863,0.06567225702076084,-0.5188161574957036,-0.2978441777909065,-0.5174983754328237,-1.4071625716517886,-0.6185058689799514,-1.409218753138421,0.3373974549921968
0.025388263320119012,-0.5127797575784685,-0.3252156863343304,-0.6152155523078459,-0.5887911903435977,-0.6497356779952709,-0.6739827716726063,-0.649577765306821,1.3038515879343262,1.3955170512314772,1.3032249101684408,0.3420937443933069,-2.0853306860022207,0.3411712078243106,-1.121782803400095,1.0254987638221924,-1.1185517126152964,-1.2002121433141226
0.20099825964334464,-0.5127797575784685,-0.3252156863343304,1.6254465548679973,1.3872610039548379,-0.23566684381718164,-0.7739376054433164,-0.23605099848155592,0.4064596857894024,-0.40469994485712796,0.40594097144554697,-0.06433581394034191,-0.14463104851565098,-0.06369372521402686,0.7331856902359142,-0.20750471077941549,0.7311476361682241,-0.4314073441609629
0.9285253872681365,1.7498727599639314,3.074882430400277,-0.6152155523078459,-0.5887911903435977,-0.191499501504852,-0.9238698560993814,-0.19166723555004841,0.3410867657656003,2.345631576944908,0.3406839577202453,-0.3266130166088549,-1.1660519103506877,-0.3261885719092139,-0.30131596967647545,1.847501080223264,-0.29939914386830857,-0.4314073441609629
0.17591111731145526,1.7498727599639314,-0.3252156863343304,-0.6152155523078459,-0.5887911903435977,2.0849589335097987,-0.6240053547872513,2.084895043595324,-0.7940248455567868,0.04535430416502335,-0.7943219595733898,-1.1334657851234389,-0.6553414794331693,-1.1314693727876663,-0.08728114348770531,0.6144976056216563,-0.08800493257876318,0.3373974549921968
-2.4080645428731504,-0.5127797575784685,-0.3252156863343304,-0.6152155523078459,-0.5887911903435977,0.3587519714695862,0.2755881491491391,0.35825841247936147,-0.2650984926369308,-4.405182158387362,-0.26527402687183915,0.2700175665607387,-0.757483565616673,0.2699861646527354,1.0899104005505313,-0.6185058689799514,1.0878753677193318,1.1062022541453564
-0.22548315999877472,-0.5127797575784685,-0.3252156863343304,-0.6152155523078459,-0.5887911903435977,-0.4049749893477784,0.025701064722363966,-0.40492580378192616,1.9397518099840407,-0.004651723504104576,1.9394807939901297,0.3280789320369744,-0.04248896233214733,0.3278240122296404,1.26827275570784,-0.6185058689799514,1.272845302597684,-0.4314073441609629
-1.6805374152483585,1.7498727599639314,-0.3252156863343304,-0.6152155523078459,-0.5887911903435977,-1.0104356402126289,-0.9238698560993814,-1.0100605227749186,1.614868207441507,-0.10466377884236042,1.615526332996669,2.2220807161927976,-1.1149808672589359,2.22312578667285,-0.08728114348770531,-0.20750471077941549,-0.08800493257876318,0.3373974549921968
-1.329317422601907,1.7498727599639314,-0.3252156863343304,-0.6152155523078459,-0.5887911903435977,-0.5614009933706121,2.27468482456334,-0.5618927702470136,-0.7682718770625614,0.4454025255180467,-0.7686852756098786,-0.05232311763491396,0.468221468585371,-0.05034652961935666,-0.6937131510225542,-1.0295070271804874,-0.6957632900362056,1.1062022541453564
-0.024786021343659734,-0.5127797575784685,-0.3252156863343304,1.6254465548679973,1.3872610039548379,0.7728208056476754,-0.024276352162991052,0.7728677101078337,0.7016283246847527,-1.5048325535779423,0.7019281408424497,-0.15643315228195742,-0.451057307066162,-0.15712409437672067,-0.8007305641169394,-0.20750471077941549,-0.8014603956809784,-1.2002121433141226
0.7027411062811321,-0.5127797575784685,-0.3252156863343304,-0.6152155523078459,-0.5887911903435977,-2.300490096918587,1.5250235712830145,-2.3004372401982587,1.0978278399805252,0.24537841484153503,1.0981314384603509,-0.4787738364776101,1.7960685889709187,-0.47745678864881236,0.3051160378583733,-0.20750471077941549,0.3083592135891339,-0.4314073441609629
0.12573683264767652,1.7498727599639314,-0.3252156863343304,1.6254465548679973,1.8263837137989347,-1.8054478018345603,0.9752719855441093,-1.805720663132431,0.6917233368023583,-0.7547421385410233,0.692605710310264,-0.9933176615601115,0.6725056409523783,-0.993548351642738,-0.12295361451916689,-0.20750471077941549,-0.12764134719555323,-0.4314073441609629
-0.32583172932633225,1.7498727599639314,-0.3252156863343304,-0.6152155523078459,-0.5887911903435977,0.7084100981088616,-1.2237343574115116,0.7079158619153844,-0.6216780564031256,-2.0048928302692213,-0.6218569947279503,-1.18952503454877,-0.04248896233214733,-1.189307220364572,-0.8007305641169394,-1.4405081853810233,-0.8014603956809784,-0.4314073441609629
0.050475405652008386,1.7498727599639314,-0.3252156863343304,1.6254465548679973,1.9727579504136337,-1.2735993881569254,0.025701064722363966,-1.2731155079543413,0.15091099842362987,-0.9547662492175351,0.1519047394434808,-2.2646613538845806,-1.1660519103506877,-2.2659809983346584,1.3039452267393015,-1.0295070271804874,1.299269579008877,1.8750070532985164
-0.8777488606278985,-0.5127797575784685,-0.3252156863343304,1.6254465548679973,2.0459450687209833,-1.3435310134847804,-1.2237343574115116,-1.3434800101628286,0.18062596207081277,-1.1547903598940468,0.17987203104003793,-0.20248182145276464,0.8767898133193857,-0.2016147463589555,0.6618407481729904,-1.0295070271804874,0.6650869451402415,-0.4314073441609629
0.7780025332768002,-0.5127797575784685,-0.3252156863343304,-0.6152155523078459,-0.5887911903435977,0.1912841318686702,0.22561073226378406,0.19154866878540652,-0.3661293690373531,0.7954447192019422,-0.36549015509283767,1.5874099280560154,0.26393729621836365,1.58690946332689,0.982892987456146,-1.0295070271804874,0.982178262074559,-0.4314073441609629
-0.3509188716582216,1.7498727599639314,-0.3252156863343304,-0.6152155523078459,-0.5887911903435977,1.4077263513874123,0.22561073226378406,1.4072307607874288,-0.792043847980308,0.09536033183415127,-0.7919913519403433,0.978766648580994,-1.0128387810754322,0.9773875311702713,-1.0147653903057097,-1.0295070271804874,-1.0128546069705238,1.8750070532985164
2.0574467922031583,-0.5127797575784685,-0.3252156863343304,-0.6152155523078459,-0.5887911903435977,0.1894438259389899,-0.024276352162991052,0.1893836071789912,0.9096330702150329,-1.104784332224919,0.9093522201835864,2.075926244476756,0.3660793824018673,2.0763066351314747,-0.26564349864501385,-0.20750471077941549,-0.2597627292515191,-0.4314073441609629
0.00030112098822963846,-0.5127797575784685,-0.3252156863343304,1.6254465548679973,0.9481382941107411,1.0727906721855804,-0.6240053547872513,1.0727287425963117,0.17666396691785471,-0.8047481662101513,0.17754142340699192,0.6504196162326271,-0.24677313469915466,0.6526057716999558,-0.08728114348770531,0.20349644742112044,-0.08800493257876318,0.3373974549921968
-0.22548315999877472,-0.5127797575784685,3.074882430400277,-0.6152155523078459,-0.5887911903435977,-0.12156787617699724,1.9748203232512098,-0.12130273334156105,0.7848302228968651,0.24537841484153503,0.7858300156321227,0.6544238483344362,0.8767898133193857,0.6526057716999558,-0.4440058538023224,0.20349644742112044,-0.4447326641298708,-0.4314073441609629
2.709712492832282,-0.5127797575784685,-0.3252156863343304,-0.6152155523078459,-0.5887911903435977,-0.4785872265349943,0.22561073226378406,-0.47853789840003613,-0.23934552414270593,-0.6547300832027676,-0.2396373429083276,0.005738247841321747,-0.24677313469915466,0.0074913179575483565,0.1624261537325264,-1.0295070271804874,0.16302569332757172,-1.2002121433141226
-0.20039601766688536,1.7498727599639314,3.074882430400277,1.6254465548679973,2.192319305335682,0.8464330428348913,0.8253397348880442,0.8464798047259438,-1.6062338519131194,1.0954808852167097,-1.6053734158735644,-0.14642257202743406,1.2853581580534004,-0.14822596398027388,1.339617697770763,1.0254987638221924,1.3389059936256666,-0.4314073441609629
-2.458238827536929,1.7498727599639314,3.074882430400277,-0.6152155523078459,-0.5887911903435977,-0.34424489366832517,-0.22418601970441113,-0.3443040788023059,0.8759561114148926,-0.9047602215484072,0.8767237133209356,-0.39468496233961337,0.16179521003486,-0.3929245498825657,-0.9077479772113245,0.6144976056216563,-0.9071575013257511,-0.4314073441609629
-0.8275745759641198,1.7498727599639314,-0.3252156863343304,-0.6152155523078459,-0.5887911903435977,-0.4123362130664996,-0.8738924392140264,-0.4125035194043787,0.4005166930599661,-0.7547421385410233,0.4012797561794541,0.36812125305506793,1.4896423304204076,0.36786559901365184,0.6261682771415289,1.0254987638221924,0.625450530523452,-0.4314073441609629
-1.5551017035889116,-0.6795015220289611,-0.3252156863343304,-0.6152155523078459,-0.5887911903435977,0.1379152599079386,0.4754978166905591,0.13742212862503153,-1.7033027331605834,0.7954447192019422,-1.7032589364615165,-1.9182952770780717,-0.8596256518001767,-1.9189539128732254,1.0542379295190691,0.20349644742112044,1.0482389531025422,-0.4314073441609629
-0.32583172932633225,-0.5127797575784685,-0.3252156863343304,-0.6152155523078459,-0.5887911903435977,0.4139611493599981,-0.7239601885579613,0.4134674834429437,0.319295792424333,-0.35469391718800003,0.319708489022827,0.7785550434905264,-0.04248896233214733,0.7771795972502135,0.5548233350786057,-1.0295070271804874,0.5593898394954687,0.3373974549921968
0.10064969031578713,-0.5127797575784685,-0.3252156863343304,-0.6152155523078459,-0.5887911903435977,0.2575351453371644,0.3755429829198491,0.25758304778106395,-0.3463193932725645,1.1954929405549655,-0.3468452940284658,1.865704059131765,-1.4214071258094467,1.8672005708149706,0.1980986247639886,0.20349644742112044,0.20266210794436118,-0.4314073441609629
0.30134682897090215,-0.5127797575784685,-0.3252156863343304,1.6254465548679973,1.6068223588768862,0.07534485829880552,0.07567848160771899,0.07571787284220399,-0.3423573981196064,1.1454869128858376,-0.34218407876237295,0.6904619372507206,-2.4428279876444834,0.6926473584839673,0.4834783930156819,1.0254987638221924,0.48011701026188924,-1.2002121433141226
-1.0282717146192346,-0.6795015220289611,-0.3252156863343304,-0.6152155523078459,-0.5887911903435977,-0.007468908536812334,2.324662241448695,-0.007636999004773472,0.1627969838825029,-0.5547180278645117,0.16355777760871335,0.9547412559701376,-0.09356000542389915,0.9551422051791535,1.1612553426134544,0.6144976056216563,1.1671481969529112,-0.4314073441609629
0.7780025332768002,-0.5127797575784685,-0.3252156863343304,-0.6152155523078459,-0.5887911903435977,1.1114370967088685,0.7253849011173342,1.1116998515117815,-0.4017873254139722,-0.4547059725262559,-0.4027798772215814,-1.3436879704684297,1.1321450287781447,-1.3450245023023943,-0.8007305641169394,0.6144976056216563,-0.8014603956809784,1.1062022541453564
2.2079696461944947,-0.5127797575784685,-0.3252156863343304,1.6254465548679973,1.6068223588768862,-0.45098263758978835,0.7753623180026893,-0.45147462831984864,-0.10265669136566447,-2.5049531069605004,-0.10213149255858538,-0.608911379786414,0.41715042549361914,-0.6109287445955172,1.839032292211227,0.6144976056216563,1.840967245438337,-0.4314073441609629
-0.6017902949771153,-0.6795015220289611,3.074882430400277,1.6254465548679973,2.6314420151797786,-1.4079417210235945,0.8253397348880442,-1.4084318583552786,0.7055903198377107,-0.7047361108718955,0.7065893561085426,0.05979538121574776,0.059653123851356335,0.06088010033623076,0.5904958061100672,-1.0295070271804874,0.585814115906662,-1.2002121433141226
-1.7307116999121372,-0.5127797575784685,-0.3252156863343304,-0.6152155523078459,-0.5887911903435977,-0.2743132683404699,-0.1242311859337011,-0.27393957659381857,0.5788064749430636,-0.20467583418061627,0.578405936290986,-0.6649706292117445,0.41715042549361914,-0.6643175269741992,1.6249974660224569,-1.0295070271804874,1.6295730341487915,0.3373974549921968
-0.024786021343659734,1.7498727599639314,-0.3252156863343304,-0.6152155523078459,-0.5887911903435977,-0.6847014906591985,-0.6739827716726063,-0.6842187510094611,-0.09869469621270698,-0.6047240555336396,-0.09980088492553936,-1.5699270842206583,0.8767898133193857,-1.5719268274117926,-0.872075506179863,1.4364999220227281,-0.8675210867089616,0.3373974549921968
-0.1502217330031066,-0.5127797575784685,-0.3252156863343304,-0.6152155523078459,-0.5887911903435977,-0.8337662709633106,0.17563331537842902,-0.8336080018520959,-0.956466646828053,-0.2546818618497442,-0.9574644938866436,0.7204936780142908,-1.0128387810754322,0.7193417496733084,-0.30131596967647545,-0.6185058689799514,-0.29939914386830857,-0.4314073441609629
-0.1502217330031066,1.7498727599639314,-0.3252156863343304,-0.6152155523078459,-0.5887911903435977,-2.236079389379773,-0.22418601970441113,-2.2365679228090163,0.02808914868194019,1.2955049958932214,0.028382534892017138,0.19994350477907505,-0.14463104851565098,0.1988011214811594,0.05540874063814164,0.20349644742112044,0.057328587682799005,-1.2002121433141226
0.20099825964334464,1.7498727599639314,-0.3252156863343304,-0.6152155523078459,-0.5887911903435977,-0.4896290621130766,0.07567848160771899,-0.4893632064321109,0.6620083731551755,-1.1547903598940468,0.6623078110806592,2.576455257202925,-1.319265039625943,2.5746019373325066,-0.12295361451916689,1.847501080223264,-0.12764134719555323,1.1062022541453564
-0.07496030600743848,-0.5127797575784685,-0.3252156863343304,-0.6152155523078459,-0.5887911903435977,0.6826458150933364,-0.7239601885579613,0.6830176534416115,-0.19576357746017067,0.6954326638636863,-0.19535579788044502,-0.26054318692900036,-1.063909824167184,-0.2594525939358613,0.2694435668269118,1.847501080223264,0.2687227989723444,-1.2002121433141226
-0.9028360029597878,-0.5127797575784685,-0.3252156863343304,-0.6152155523078459,-0.5887911903435977,1.2144942287709706,1.9248429063658548,1.2145402778164944,0.8165261841205268,0.6454266361945584,0.8161279148617268,1.6975263108557728,0.8767898133193857,1.6981360932824774,-2.1562844633124842,0.20349644742112044,-2.162310630857426,1.8750070532985164
0.00030112098822963846,1.7498727599639314,-0.3252156863343304,1.6254465548679973,0.6553898208813432,0.26121575719652546,-1.4736214418382867,0.2608306401906866,-0.21557355322495927,-0.9547662492175351,-0.2163312665778633,-0.08435697444938865,-0.14463104851565098,-0.08593905120514467,0.840203103330299,1.0254987638221924,0.8368447418129968,-1.2002121433141226
-0.07496030600743848,-0.5127797575784685,-0.3252156863343304,-0.6152155523078459,-0.5887911903435977,-1.967394723646435,0.3255655660344941,-1.9670177528103487,-0.2829274708252406,0.1453663595032792,-0.283918887936211,-0.5048013451393706,0.5192925116771229,-0.5041511798381535,0.09108121166960323,-0.20750471077941549,0.09696500229958847,1.1062022541453564
-0.7774002913003409,-0.5127797575784685,-0.3252156863343304,-0.6152155523078459,-0.5887911903435977,-0.8282453531742697,-0.22418601970441113,-0.8281953478360587,0.6976663295317952,-0.5047120001953838,0.6972669255763568,1.1949951820786986,0.6725056409523783,1.1953917258832227,-0.9434204482427865,0.6144976056216563,-0.9467939159425411,1.1062022541453564
0.30134682897090215,1.7498727599639314,-0.3252156863343304,-0.6152155523078459,-0.5887911903435977,-0.43626019015234496,2.024797740136565,-0.4363191970749436,1.111694823015877,-1.4048204982396864,1.1121150842586294,-0.5048013451393706,1.1832160718698967,-0.5041511798381535,0.5904958061100672,0.20349644742112044,0.585814115906662,0.3373974549921968
1.028873956595694,-0.6795015220289611,-0.3252156863343304,-0.6152155523078459,-0.5887911903435977,0.13423464804857801,1.6249784050537246,0.1341745362154089,-1.3090842154412905,-1.3048084429014306,-1.3093862464766617,0.834614292915857,1.387500244236904,0.8350174448271193,-1.0147653903057097,0.20349644742112044,-1.0128546069705238,0.3373974549921968
0.2511725443071234,1.7498727599639314,-0.3252156863343304,-0.6152155523078459,-0.5887911903435977,-1.8661778975140133,0.9252945686587544,-1.8663423881120513,-0.04916975680073547,-0.3046878895188721,-0.04852751699851627,0.9607476041228518,-0.2978441777909065,0.9595912703773769,0.6618407481729904,-0.20750471077941549,0.6650869451402415,-0.4314073441609629
0.828176817940579,-0.5127797575784685,-0.3252156863343304,1.6254465548679973,2.338693541950381,-0.6773402669404769,0.22561073226378406,-0.6777235661902161,-2.220343100621566,-1.9548868026000936,-2.2206538309978345,1.791625765248292,-0.19570209160740282,1.7915664624451713,0.1980986247639886,0.6144976056216563,0.20266210794436118,-0.4314073441609629
0.3264339713027915,-0.5127797575784685,-0.3252156863343304,-0.6152155523078459,-0.5887911903435977,0.21704841488419585,-0.6240053547872513,0.21752940806238674,-0.5047991993908734,-1.104784332224919,-0.5053266130756263,0.3961508777677335,0.9278608564111375,0.39455999020299304,-3.654528246633876,-1.8515093435815593,-3.655282248089839,-1.2002121433141226
3.2867167664657377,-0.6795015220289611,-0.3252156863343304,-0.6152155523078459,-0.5887911903435977,-0.259590820903027,0.17563331537842902,-0.25986667615212117,-0.09473270105974892,0.7454386915328143,-0.09513966965944651,-1.646007494155036,-1.1660519103506877,-1.647560935781592,0.5548233350786057,-0.6185058689799514,0.5593898394954687,-0.4314073441609629
-1.5300145612570222,1.7498727599639314,-0.3252156863343304,-0.6152155523078459,-0.5887911903435977,-1.8036074959048798,1.1252042362001744,-1.8035556015260161,0.18854995237672775,0.3953964978489188,0.18919446157222447,0.2299752455426452,-1.8299754705434614,0.2299445778687232,0.3764609799212971,-0.6185058689799514,0.37441990461711655,3.4126166516048357
-0.8526617182960091,1.7498727599639314,-0.3252156863343304,1.6254465548679973,1.6800094771842358,-0.08292145165370902,-1.6235536924943517,-0.0834141552292984,-0.02935978103594687,-1.3548144705705585,-0.029882655934144832,0.3861402975132101,-0.04248896233214733,0.3856618598065462,1.0542379295190691,0.6144976056216563,1.0482389531025422,-0.4314073441609629
0.5271311099579065,1.7498727599639314,-0.3252156863343304,1.6254465548679973,1.4604481222621875,-0.2522295971843053,-1.9234181938064818,-0.25228896052966865,0.658046378002218,-0.6047240555336396,0.6576465958145663,-0.608911379786414,-0.8085546087084248,-0.6109287445955172,-0.9077479772113245,-0.6185058689799514,-0.9071575013257511,0.3373974549921968
-0.25057030233066413,-0.6795015220289611,-0.3252156863343304,1.6254465548679973,2.6314420151797786,0.6789652032339754,0.025701064722363966,0.6786875302287816,-0.5464001484969293,-0.10466377884236042,-0.5472775504704629,0.8326121768649525,-0.24677313469915466,0.8305683796288958,-0.40833338277086084,-0.6185058689799514,-0.4050962495130813,-0.4314073441609629
-1.4798402765932435,-0.5127797575784685,-0.3252156863343304,-0.6152155523078459,-0.5887911903435977,-0.44730202573042727,1.3251139037415944,-0.44714450510701836,-0.7246899303800267,-2.7549832453061405,-0.7244037305819956,-0.8571737700985939,1.4385712873286558,-0.8556273304978098,-0.4440058538023224,-0.6185058689799514,-0.4447326641298708,-1.2002121433141226
0.47695682529412775,1.7498727599639314,-0.3252156863343304,-0.6152155523078459,-0.5887911903435977,0.35139074775086504,-2.2232826951186118,0.3517632276601162,0.5827684700960211,-1.3548144705705585,0.5830671515570789,-1.6159757533914658,-0.9617677379836803,-1.6164174793940278,-0.12295361451916689,-0.6185058689799514,-0.12764134719555323,0.3373974549921968
1.229571095250809,1.7498727599639314,-0.3252156863343304,-0.6152155523078459,-0.5887911903435977,-0.19333980743453283,1.1252042362001744,-0.19383229715646336,0.319295792424333,-0.8547541938792792,0.319708489022827,-0.42271458705227893,0.3660793824018673,-0.4240680062701303,0.840203103330299,-0.6185058689799514,0.8368447418129968,-0.4314073441609629
0.226085401975234,-0.5127797575784685,-0.3252156863343304,-0.6152155523078459,-0.5887911903435977,-0.820884129455548,0.4255203998052041,-0.8206176322136062,0.08950007355278475,-0.054657751173232495,0.08897833335122596,-0.6849917897207913,0.9789318995028893,-0.6865628529653166,0.5191508640471435,-0.20750471077941549,0.5197534248786793,-0.4314073441609629
-0.024786021343659734,-0.5127797575784685,-0.3252156863343304,1.6254465548679973,1.5336352405695368,0.6237560253435634,1.3251139037415944,0.6234784592651993,-0.490932216355521,-0.9047602215484072,-0.4913429672773478,0.13387367509922055,0.008582080759604505,0.13206514350780676,-0.479678324833784,-0.6185058689799514,-0.48436907874666085,-0.4314073441609629
0.426782540630349,-0.6795015220289611,-0.3252156863343304,-0.6152155523078459,-0.5887911903435977,0.8261896776084071,-0.32414085347512117,0.8259117194650015,0.4995665718839091,0.9954688298784539,0.4991652767674058,1.3711813945583102,0.26393729621836365,1.373354333812162,0.8045306322988374,1.4364999220227281,0.8104204654018037,0.3373974549921968
-0.7774002913003409,-0.5127797575784685,-0.3252156863343304,1.6254465548679973,1.1676996490327896,1.284425854098826,0.025701064722363966,1.2849047800249818,1.1691437527337636,-0.10466377884236042,1.1680496674517455,0.44420166298944525,-1.6256912981764542,0.44349970738345124,-0.1586260855506285,-0.20750471077941549,-0.15406562360674642,-0.4314073441609629
-1.1537074262786815,-0.5127797575784685,-0.3252156863343304,-0.6152155523078459,-0.5887911903435977,-0.07556022793498733,2.324662241448695,-0.07583643960684587,-0.7702528746390401,0.895456774540198,-0.771015883242925,1.781615184993769,-2.289614858369228,1.7826683320487238,-0.33698844070793704,-0.20750471077941549,-0.33903555848509864,-1.2002121433141226
1.3550068069102559,-0.6795015220289611,3.074882430400277,-0.6152155523078459,-0.5887911903435977,-0.3055984691450369,-0.32414085347512117,-0.305332969886836,1.8030629772069988,0.3953964978489188,1.8019749436403873,-2.08447090930316,0.5703635547688747,-2.083569325207495,0.3407885088898349,-0.6185058689799514,0.3347834900003271,-1.2002121433141226
0.226085401975234,-0.5127797575784685,-0.3252156863343304,-0.6152155523078459,-0.5887911903435977,-0.5135530391989215,0.2755881491491391,-0.5131788841026762,-1.241730297841009,1.2955049958932214,-1.2417986251183137,0.6604301964871504,0.6214345978606265,0.6615039020964026,0.3407885088898349,1.4364999220227281,0.3347834900003271,1.1062022541453564
1.0790482412594726,-0.5127797575784685,-0.3252156863343304,-0.6152155523078459,-0.5887911903435977,-0.7380703626199302,-0.22418601970441113,-0.738345291169836,-1.5151079633950917,-0.35469391718800003,-1.5144797181847518,-2.1004878377103973,-1.2681939965341913,-2.101365586000389,1.6963424080853802,-0.20750471077941549,1.6956337251767741,0.3373974549921968
1.4051810915740346,-0.5127797575784685,3.074882430400277,-0.6152155523078459,-0.5887911903435977,0.012774456689671925,1.1252042362001744,0.012931086256169169,-0.13237165501284737,-0.10466377884236042,-0.13242939178819021,0.5362990013310608,-0.6042704363414175,0.536930076546145,-0.6580406799910925,0.20349644742112044,-0.6561268754194162,-1.2002121433141226
0.37660825596657027,1.7498727599639314,-0.3252156863343304,-0.6152155523078459,-0.5887911903435977,0.4654897153910494,-0.5240505210165413,0.46542896199690414,-1.1842813681231221,0.6954326638636863,-1.1835334342921517,1.4432575723908792,-0.19570209160740282,1.444539376983738,-0.979092919274248,-0.20750471077941549,-0.9732181923537343,0.3373974549921968
0.00030112098822963846,-0.5127797575784685,-0.3252156863343304,1.6254465548679973,1.4604481222621875,-1.3582534609222237,1.5750009881683695,-1.3586354414077335,0.6144644313196826,0.34539047017979085,0.6133650507866837,1.6174416688195856,1.030002942594641,1.6180529197144546,0.1624261537325264,0.20349644742112044,0.16302569332757172,-0.4314073441609629
0.7278282486130215,-0.5127797575784685,-0.3252156863343304,-0.6152155523078459,-0.5887911903435977,1.1556044390211981,0.025701064722363966,1.1560836144432887,-1.9390414447615678,0.6954326638636863,-1.938650307399211,-1.1634975258870088,-0.5531993932496656,-1.162612829175231,-0.33698844070793704,-1.0295070271804874,-0.33903555848509864,0.3373974549921968
-0.4512674409857791,1.7498727599639314,-0.3252156863343304,-0.6152155523078459,-0.5887911903435977,1.4721370589262261,0.2755881491491391,1.4721826089798788,-0.9505236540986168,0.7954447192019422,-0.9504726709875038,0.48424398400753876,-0.39998626397441017,0.48354129416746267,-0.015936201424782154,-1.0295070271804874,-0.02194424155078053,-1.2002121433141226
-0.651964579640894,1.7498727599639314,-0.3252156863343304,1.6254465548679973,2.192319305335682,-0.2963969394966349,1.5750009881683695,-0.2966727234611762,-1.0693835086873484,0.6454266361945584,-1.0693336602728742,2.9088065216531014,0.774647727135882,2.9082818271992688,1.0185654584876076,-0.6185058689799514,1.0218146766913492,1.1062022541453564
-0.651964579640894,-0.5127797575784685,-0.3252156863343304,-0.6152155523078459,-0.5887911903435977,0.8280299835380873,0.7753623180026893,0.8280767810714168,-0.17199160654242457,-1.054778304555791,-0.1720497215499799,0.23397947764445431,-0.09356000542389915,0.23439364306694738,0.3764609799212971,2.6695033966243362,0.37441990461711655,1.1062022541453564
-0.25057030233066413,-0.6795015220289611,-0.3252156863343304,1.6254465548679973,1.6800094771842358,1.7168977475737193,-1.1237795236408015,1.7168345705047736,0.29354282393010755,-0.10466377884236042,0.29407180505931585,-1.9182952770780717,0.7235766840441301,-1.9189539128732254,-0.2299710276135523,-1.0295070271804874,-0.23333845284032595,-0.4314073441609629
-1.3544045649337966,-0.5127797575784685,-0.3252156863343304,-0.6152155523078459,-0.5887911903435977,-0.44914233166010753,0.7753623180026893,-0.4493095667134337,-0.2472695144486215,-0.7547421385410233,-0.2466291658074673,0.9307158633592817,-1.370336082717695,0.9328968791880358,0.7331856902359142,-0.20750471077941549,0.7311476361682241,1.1062022541453564
1.1292225259232516,-0.6795015220289611,-0.3252156863343304,1.6254465548679973,0.8017640574960422,-0.05715716863818336,-0.6240053547872513,-0.057433415952318566,-0.7524238964507308,-1.7048566642544538,-0.7523710221785532,0.30004930732430884,-0.09356000542389915,0.3011296210402992,1.5536525239595331,0.6144976056216563,1.550300204915212,-0.4314073441609629
-0.5265288679814473,1.7498727599639314,-0.3252156863343304,-0.6152155523078459,-0.5887911903435977,0.4176417612193592,0.8753171517733993,0.41779760665577365,1.1790487406161578,-1.654850636585326,1.179702705616978,-0.46275690807037245,0.6214345978606265,-0.46410959305414173,-0.37266091173939925,0.20349644742112044,-0.3786719731018881,1.1062022541453564
0.9285253872681365,-0.5127797575784685,3.074882430400277,1.6254465548679973,0.6553898208813432,0.8372315131864894,0.7753623180026893,0.8367370274970767,-0.5404571557674924,-0.6047240555336396,-0.5402857275713235,-1.0954255801562498,-0.04248896233214733,-1.0958768512018786,0.5191508640471435,-0.20750471077941549,0.5197534248786793,-1.2002121433141226
0.7278282486130215,-0.5127797575784685,-0.3252156863343304,-0.6152155523078459,-0.5887911903435977,-0.3111193869340778,0.6254300673466242,-0.3107456239028736,1.7753290111362952,0.5454145808563026,1.7763382596768762,-1.7140794398857948,2.0514238044296778,-1.7142969137549446,-1.086110332368633,-0.6185058689799514,-1.0921274362041034,-0.4314073441609629
1.4804425185697028,-0.5127797575784685,-0.3252156863343304,-0.6152155523078459,-0.5887911903435977,1.4040457395280517,0.5254752335759142,1.4039831683778068,-0.263117495060452,-1.9548868026000936,-0.2629434192387927,-1.6299905657477987,-0.9617677379836803,-1.629764674988698,0.4478059219842203,-0.20750471077941549,0.4536927338506961,1.1062022541453564
0.7780025332768002,-0.5127797575784685,-0.3252156863343304,-0.6152155523078459,-0.5887911903435977,-1.7723222951003128,0.4754978166905591,-1.7721622082329986,0.624369419202077,1.8455713002536285,0.6250180889519155,-1.0774065356981082,0.7235766840441301,-1.0780805904089847,-0.9434204482427865,0.20349644742112044,-0.9467939159425411,-0.4314073441609629
1.630965372561039,-0.5127797575784685,-0.3252156863343304,-0.6152155523078459,-0.5887911903435977,-0.802481070158744,0.7753623180026893,-0.8022146085590784,-0.3819773496491836,-0.35469391718800003,-0.3818044085241631,-1.3837302914865233,0.41715042549361914,-1.3850660890864057,0.3764609799212971,-0.20750471077941549,0.37441990461711655,-1.2002121433141226
0.5271311099579065,1.7498727599639314,-0.3252156863343304,-0.6152155523078459,-0.5887911903435977,-0.41601682492586073,1.6749558219390797,-0.41575111181400093,-0.3126424344724235,1.0954808852167097,-0.31188617953276854,-0.06633792999124703,-2.0853306860022207,-0.06814279041225106,-0.622368208959631,0.20349644742112044,-0.6164904608026267,1.8750070532985164
-1.4296659919294648,-0.6795015220289611,-0.3252156863343304,-0.6152155523078459,-0.5887911903435977,2.007666084463222,-0.7239601885579613,2.008035356567592,-0.490932216355521,-0.6547300832027676,-0.4913429672773478,0.2980471912734043,0.3150083393101155,0.2966805558420758,-0.26564349864501385,-1.0295070271804874,-0.2597627292515191,-1.2002121433141226
0.9536125296000258,1.7498727599639314,3.074882430400277,1.6254465548679973,1.6800094771842358,0.4378851264458435,-0.9238698560993814,0.43836569191671665,-0.007568807694678956,-1.4048204982396864,-0.006576579603679714,0.2700175665607387,0.6214345978606265,0.2699861646527354,1.1255828715819929,0.6144976056216563,1.1275117823361218,-0.4314073441609629
0.6525668216173534,-0.6795015220289611,-0.3252156863343304,-0.6152155523078459,-0.5887911903435977,-0.7380703626199302,-0.32414085347512117,-0.738345291169836,0.7967162083557382,0.5954206085254304,0.7974830537973553,-1.4698212816754246,-0.6042704363414175,-1.4695983278526523,-0.5153507958652456,-0.20750471077941549,-0.510793355157854,0.3373974549921968
-0.47635458331766845,1.7498727599639314,-0.3252156863343304,-0.6152155523078459,-0.5887911903435977,1.573353885058648,1.0752268193148193,1.5728579736781765,-0.4354642842141132,0.09536033183415127,-0.4354083840842322,-0.516814041444799,-0.5021283501579138,-0.5174983754328237,0.1624261537325264,1.847501080223264,0.16302569332757172,0.3373974549921968
0.7780025332768002,-0.5127797575784685,-0.3252156863343304,-0.6152155523078459,-0.5887911903435977,-1.1429376671496174,-1.7235085262650618,-1.1432118115694412,0.26382786028292465,0.3953964978489188,0.2637739058297119,0.780557159541431,-0.2978441777909065,0.7816286624484369,-0.5153507958652456,0.20349644742112044,-0.510793355157854,-0.4314073441609629
0.37660825596657027,-0.5127797575784685,-0.3252156863343304,1.6254465548679973,0.6553898208813432,0.2520142275481235,0.5754526504612691,0.25217039376502676,0.7907732156263013,1.545535134238861,0.7904912308982156,0.952739139919233,-0.09356000542389915,0.9506931399809301,0.4121334509527587,-0.6185058689799514,0.4140563192339066,2.643811852451676
-1.3042302802700179,-0.5127797575784685,-0.3252156863343304,-0.6152155523078459,-0.5887911903435977,0.6274366372029245,-1.0738021067554464,0.6278085824780292,1.2761176218636228,-0.35469391718800003,1.2752576185718836,0.7865635076941453,1.4385712873286558,0.7860777276466603,1.9103772342741503,1.0254987638221924,1.9070279364663196,-1.2002121433141226
-1.4798402765932435,-0.5127797575784685,-0.3252156863343304,-0.6152155523078459,-0.5887911903435977,0.08822699980656809,-0.1242311859337011,0.08870824248069409,-0.0036068125417214616,-0.35469391718800003,-0.004245971970633699,1.575397231750587,-0.451057307066162,1.5735622677322199,-0.5153507958652456,-0.6185058689799514,-0.510793355157854,0.3373974549921968
-0.6770517219727835,-0.6795015220289611,-0.3252156863343304,-0.6152155523078459,-0.5887911903435977,-0.10316481688019327,-0.22418601970441113,-0.10289970968703337,0.9987779611565817,-0.3046878895188721,0.9979153102393524,1.1429401647551778,1.1832160718698967,1.1420029435045405,-0.6937131510225542,0.20349644742112044,-0.6957632900362056,0.3373974549921968
-0.32583172932633225,-0.5127797575784685,-0.3252156863343304,-0.6152155523078459,-0.5887911903435977,0.1857632140796293,0.5254752335759142,0.18613601476936933,-0.06699873498904477,0.04535430416502335,-0.06717237806288853,0.6804513569961972,0.5703635547688747,0.6793001628892971,1.6606699370539184,-0.6185058689799514,1.6559973105599841,0.3373974549921968
-1.981583123231031,-0.6795015220289611,-0.3252156863343304,1.6254465548679973,0.4358284659592948,0.3569116655399059,-0.024276352162991052,0.35717588167615416,0.418345671248276,0.1453663595032792,0.4175940096107795,-2.699120536930895,-0.451057307066162,-2.6975403225623373,-2.1562844633124842,-1.4405081853810233,-2.162310630857426,-0.4314073441609629
-1.053358856951124,-0.5127797575784685,-0.3252156863343304,-0.6152155523078459,-0.5887911903435977,-0.34608519959800543,-0.27416343658976616,-0.3464691404087209,1.0007589587330605,-1.754862691923582,1.0002459178723992,1.4592745007981156,-0.14463104851565098,1.457886572578409,-1.8709046950607908,0.20349644742112044,-1.8716435903343012,1.1062022541453564
-1.7307116999121372,-0.6795015220289611,-0.3252156863343304,1.6254465548679973,1.3140738856474885,1.600958474003854,0.4255203998052041,1.601003774561572,0.6263504167785563,0.34539047017979085,0.6273486965849623,0.24599217394988282,-0.09356000542389915,0.24774083866161759,2.1600845314943826,-0.20750471077941549,2.158058562372655,-0.4314073441609629
0.20099825964334464,1.7498727599639314,-0.3252156863343304,1.6254465548679973,1.9727579504136337,0.9347677274595506,0.7753623180026893,0.9352473305889588,1.2899846048989745,1.4955291065697331,1.2892412643701623,1.3851962069146428,-1.5746202550847024,1.386701529406833,0.1267536827010648,0.6144976056216563,0.12338927871078165,2.643811852451676
-1.5801888459208009,-0.5127797575784685,-0.3252156863343304,-0.6152155523078459,-0.5887911903435977,-0.7711958693541769,-0.7239601885579613,-0.7708212152660611,1.6960891080771408,-1.2047963875631746,1.697097600153296,-0.6709769773644588,-1.1660519103506877,-0.668766592172423,1.3752901688022245,-0.6185058689799514,1.3785424082424567,0.3373974549921968
-0.5014417256495578,-0.5127797575784685,3.074882430400277,-0.6152155523078459,-0.5887911903435977,-0.557720381511251,-1.6235536924943517,-0.5575626470341837,-0.5701721194146754,-0.10466377884236042,-0.570583626800928,0.28002814681526206,-0.14463104851565098,0.2788842950491822,2.730844067997769,-0.6185058689799514,2.7261805052133075,1.1062022541453564
-0.6017902949771153,1.7498727599639314,-0.3252156863343304,-0.6152155523078459,-0.5887911903435977,0.1802422962905879,0.5754526504612691,0.18072336075333137,0.12515802992940445,-0.2546818618497442,0.12626805547996964,0.2720196826116433,-0.451057307066162,0.2699861646527354,-0.37266091173939925,1.0254987638221924,-0.3786719731018881,-1.2002121433141226
-0.07496030600743848,-0.5127797575784685,3.074882430400277,1.6254465548679973,1.09451253072544,1.2108136169116102,-2.323237528889322,1.2112926854068717,1.8228729529717873,-0.8547541938792792,1.8229504123378057,-0.330617248710664,-0.5021283501579138,-0.3306376371074373,0.1980986247639886,1.0254987638221924,0.20266210794436118,-0.4314073441609629
-0.12513459067121724,-0.6795015220289611,-0.3252156863343304,-0.6152155523078459,-0.5887911903435977,0.33114738252438025,-1.6235536924943517,0.3311951423991739,0.9868919756977086,-2.354935023953117,0.9862622720741199,-0.38667649813599514,-1.676762341268206,-0.38847548468434234,0.09108121166960323,-0.6185058689799514,0.09696500229958847,1.1062022541453564
1.229571095250809,-0.5127797575784685,-0.3252156863343304,1.6254465548679973,1.5336352405695368,0.555664705945389,-1.1737569405261565,0.5552790186631265,-0.8455307825452371,-2.4049410516222447,-0.8455953275004124,-1.1735081061415322,0.6725056409523783,-1.171510959571678,-1.3001451585574035,-1.4405081853810233,-1.3035216474936484,-1.2002121433141226
0.9034382449362471,1.7498727599639314,-0.3252156863343304,-0.6152155523078459,-0.5887911903435977,-0.44546171980074695,-0.9738472729847364,-0.4449794435006034,-1.3387991790884732,-0.3046878895188721,-1.3396841457062658,1.0528449424644668,-1.1660519103506877,1.0530216395400707,-0.40833338277086084,-1.0295070271804874,-0.4050962495130813,-0.4314073441609629
-0.1502217330031066,1.7498727599639314,-0.3252156863343304,-0.6152155523078459,-0.5887911903435977,-0.10500512280987356,-2.173305278233257,-0.10506477129344871,1.5930772341002404,0.895456774540198,1.5922202566662047,-0.06633792999124703,-0.2978441777909065,-0.06814279041225106,-0.1942985565820907,-1.0295070271804874,-0.19370203822353588,-1.2002121433141226
-0.25057030233066413,-0.6795015220289611,3.074882430400277,-0.6152155523078459,-0.5887911903435977,-0.5135530391989215,0.7253849011173342,-0.5131788841026762,-1.923193464149737,0.7954447192019422,-1.9223360539678855,-0.8852033948112589,-0.7064125225249211,-0.886770786885374,0.697513219204452,-0.20750471077941549,0.6915112215514346,-0.4314073441609629
-1.7056245575802478,-0.6795015220289611,-0.3252156863343304,-0.6152155523078459,-0.5887911903435977,1.3285931964111555,-0.9738472729847364,1.3282060121532815,-0.12048566955397433,-0.20467583418061627,-0.12077635362295765,0.21395831713540756,-0.6553414794331693,0.2121483170758296,-0.6580406799910925,-0.6185058689799514,-0.6561268754194162,0.3373974549921968
-2.257541688881814,-0.6795015220289611,-0.3252156863343304,1.6254465548679973,1.1676996490327896,-0.8871351429240422,-0.1242311859337011,-0.8866520112092636,0.5847494676724998,0.5454145808563026,0.5853977591901257,1.6654924540412974,-0.6553414794331693,1.6669926368949128,-0.08728114348770531,-0.6185058689799514,-0.08800493257876318,0.3373974549921968
-1.0282717146192346,1.7498727599639314,-0.3252156863343304,-0.6152155523078459,-0.5887911903435977,0.4323642086568021,-0.07425376904834607,0.43187050709747143,0.6956853319553165,1.545535134238861,0.69493631794331,0.4882482161093485,0.6214345978606265,0.487990359365686,1.7320148791168417,0.6144976056216563,1.7352701397935644,0.3373974549921968
0.5271311099579065,-0.5127797575784685,3.074882430400277,-0.6152155523078459,-0.5887911903435977,-0.6147698653313433,0.8253397348880442,-0.6149367796041809,0.3569347463774309,-0.35469391718800003,0.3569982111515707,0.7104830977597674,-0.14463104851565098,0.7104436192768608,0.4478059219842203,0.20349644742112044,0.4536927338506961,-0.4314073441609629
-0.7021388643046729,-0.5127797575784685,-0.3252156863343304,-0.6152155523078459,-0.5887911903435977,1.3819620683718872,-0.7739376054433164,1.3823325523136565,-1.1347564287111505,-1.004772276886663,-1.134590673998176,-0.9332541800329712,0.11072416694310817,-0.9312614388676093,1.6963424080853802,1.0254987638221924,1.6956337251767741,0.3373974549921968
0.9786996719319152,-0.6795015220289611,-0.3252156863343304,-0.6152155523078459,-0.5887911903435977,-0.11972757024731695,-0.47407310413118625,-0.12022020253835339,-0.07690372287143907,0.2953844425106629,-0.07649480859507425,0.17591811216821918,1.4385712873286558,0.17655579549004158,0.3407885088898349,0.20349644742112044,0.3347834900003271,1.1062022541453564
-1.0031845722873454,-0.6795015220289611,-0.3252156863343304,1.6254465548679973,2.338693541950381,-1.3748162142893474,-1.1237795236408015,-1.3748734034558459,-0.39782533026101474,-0.004651723504104576,-0.3981186619554885,-0.528826737750227,0.774647727135882,-0.5308455710274943,-0.015936201424782154,-1.0295070271804874,-0.02194424155078053,0.3373974549921968
0.15082397497956587,-0.5127797575784685,-0.3252156863343304,1.6254465548679973,1.7531965954915851,-0.8374468828226717,0.025701064722363966,-0.8379381250649262,0.2222269111768687,2.2456195216066517,0.2218229684348753,-0.6589642810590309,1.9492817182461741,-0.6598684617759758,-0.7293856220540164,0.20349644742112044,-0.7353997046529958,-0.4314073441609629
0.10064969031578713,-0.5127797575784685,-0.3252156863343304,1.6254465548679973,0.8749511758033917,0.13239434211889772,0.6754074842319793,0.13200947460899395,1.1017898351334827,-0.4547059725262559,1.1027926537264439,2.686571640002682,0.21286625312661184,2.685828567288094,-0.479678324833784,-1.0295070271804874,-0.48436907874666085,-0.4314073441609629
2.308318215522052,-0.5127797575784685,-0.3252156863343304,-0.6152155523078459,-0.5887911903435977,-1.5257213005231398,-0.4240956872458312,-1.5253451851016886,-1.1506044093229817,0.1453663595032792,-1.1509049274295013,0.19193504057545624,0.774647727135882,0.1899029910847118,0.2337710957954502,0.20349644742112044,0.22908638435555437,0.3373974549921968
1.706226799556707,-0.5127797575784685,-0.3252156863343304,-0.6152155523078459,-0.5887911903435977,-1.452109063335924,0.5754526504612691,-1.4517330904835786,0.5807874725195423,-1.5548385812470702,0.5807365439240328,-0.13841410782381525,-0.24677313469915466,-0.13932783358382628,-0.26564349864501385,-1.0295070271804874,-0.2597627292515191,-1.2002121433141226
-0.6770517219727835,-0.5127797575784685,-0.3252156863343304,-0.6152155523078459,-0.5887911903435977,-1.3490519312738216,-0.8239150223286714,-1.348892664178866,-1.1981483511584743,0.1953723871724071,-1.1975170800904307,-2.194587292102917,-0.9617677379836803,-2.1947959551630825,0.4121334509527587,-0.6185058689799514,0.4140563192339066,-0.4314073441609629
0.7780025332768002,-0.6795015220289611,-0.3252156863343304,-0.6152155523078459,-0.5887911903435977,2.051833426775551,0.17563331537842902,2.0513365886958916,0.6639893707316542,1.595541161907989,0.664638418713706,-0.17645431279100418,-0.6553414794331693,-0.1749203551696143,-0.479678324833784,-0.6185058689799514,-0.48436907874666085,-0.4314073441609629
-0.5265288679814473,-0.6795015220289611,-0.3252156863343304,-0.6152155523078459,-0.5887911903435977,-1.1337361375012154,-0.5240505210165413,-1.1334690343405738,-1.1169274505228406,-1.1547903598940468,-1.115945812933804,0.4922524482111576,-0.7064125225249211,0.4924394245639102,-0.7293856220540164,0.6144976056216563,-0.7353997046529958,-0.4314073441609629
-1.981583123231031,-0.6795015220289611,-0.3252156863343304,-0.6152155523078459,-0.5887911903435977,0.51517797549242,0.7753623180026893,0.5152253789444493,0.19647394268264332,-0.054657751173232495,0.19618628447136335,0.7545296508796699,-0.6042704363414175,0.7549342712590965,-0.2299710276135523,0.20349644742112044,-0.23333845284032595,-1.2002121433141226
-0.8024874336322303,-0.5127797575784685,-0.3252156863343304,-0.6152155523078459,-0.5887911903435977,-0.6644581254327143,-0.6240053547872513,-0.664733196551726,-1.1664523899348123,-0.7047361108718955,-1.1672191808608263,-0.13040564362019644,-0.8596256518001767,-0.13042970318737948,0.1980986247639886,0.20349644742112044,0.20266210794436118,1.1062022541453564
-0.2756574446625535,-0.5127797575784685,-0.3252156863343304,-0.6152155523078459,-0.5887911903435977,-0.22462500823909937,-0.22418601970441113,-0.2241431596462735,-1.2199393244997416,0.1953723871724071,-1.2208231564208953,-1.243582167923196,-0.6553414794331693,-1.2426960027432536,0.982892987456146,-1.4405081853810233,0.982178262074559,-0.4314073441609629
-0.2756574446625535,-0.6795015220289611,-0.3252156863343304,1.6254465548679973,1.5336352405695368,-0.5448382400034885,0.4255203998052041,-0.5445722773956936,1.2681936315577065,0.1453663595032792,1.268265795672744,-0.4427357475613257,-0.14463104851565098,-0.44186426706302473,-1.5855249268090972,-0.20750471077941549,-1.5809765498111765,-0.4314073441609629
1.3550068069102559,-0.6795015220289611,-0.3252156863343304,-0.6152155523078459,-0.5887911903435977,0.6808055091636556,-3.5226955341378425,0.6808525918351969,-1.1169274505228406,1.2454989682240936,-1.115945812933804,-1.3056477655012408,0.3150083393101155,-1.304982915518383,0.1980986247639886,-1.4405081853810233,0.20266210794436118,0.3373974549921968
-1.2791431379381284,-0.5127797575784685,-0.3252156863343304,1.6254465548679973,1.0213254124180906,1.3469962557079596,0.5754526504612691,1.3466090358078093,-0.4513122648259438,-0.054657751173232495,-0.45172263751555763,-0.8431589577422608,2.3578500629801886,-0.8422801349031392,-0.622368208959631,-0.20750471077941549,-0.6164904608026267,1.1062022541453564
1.0790482412594726,-0.5127797575784685,-0.3252156863343304,1.6254465548679973,3.1437518433312253,1.917491093908882,-0.1242311859337011,1.9171027690981615,-0.17199160654242457,0.4454025255180467,-0.1720497215499799,-0.08435697444938865,-0.757483565616673,-0.08593905120514467,-0.08728114348770531,-0.20750471077941549,-0.08800493257876318,-0.4314073441609629
-0.6017902949771153,-0.5127797575784685,-0.3252156863343304,-0.6152155523078459,-0.5887911903435977,0.7746611115773563,-0.8239150223286714,0.7750327717142491,-0.6870509764269283,1.2454989682240936,-0.687114008453252,0.1939371566263608,-1.4214071258094467,0.19435205628293598,1.0542379295190691,-0.20750471077941549,1.0482389531025422,-0.4314073441609629
0.47695682529412775,-0.5127797575784685,-0.3252156863343304,1.6254465548679973,1.6800094771842358,-0.4822678383943549,-0.8738924392140264,-0.4817854908096584,0.3648587366833464,-0.20467583418061627,0.3639900340507104,0.7385127224724329,-1.2171229534424395,0.7371380104662021,0.4121334509527587,-0.20750471077941549,0.4140563192339066,-1.2002121433141226
-1.0784459992830135,1.7498727599639314,-0.3252156863343304,-0.6152155523078459,-0.5887911903435977,0.5593453178047495,1.2751364868562394,0.5596091418759563,0.955196014474047,0.3953964978489188,0.9559643728445159,-0.8391547256404517,-0.6042704363414175,-0.8378310697049158,1.48230758189661,-1.0295070271804874,1.4842395138872293,1.8750070532985164
1.229571095250809,-0.5127797575784685,-0.3252156863343304,1.6254465548679973,1.9727579504136337,-0.7380703626199302,-1.4236440249529316,-0.738345291169836,2.617252981139811,3.49577021333485,2.617687615206655,0.2660133344589296,0.26393729621836365,0.2655370994545112,-0.5153507958652456,-1.0295070271804874,-0.510793355157854,0.3373974549921968
-1.2038817109424602,-0.5127797575784685,-0.3252156863343304,1.6254465548679973,1.1676996490327896,-0.6258117009094261,2.27468482456334,-0.6257620876362561,0.39259270275405056,1.7955652725845006,0.39195732564726754,0.9887772288355173,-0.19570209160740282,0.9907347267649416,1.0185654584876076,0.20349644742112044,1.0218146766913492,1.1062022541453564
0.5773053946216853,-0.5127797575784685,-0.3252156863343304,-0.6152155523078459,-0.5887911903435977,-0.02403166190393601,-1.4236440249529316,-0.023874961052886202,0.6521033852727811,1.6955532172462449,0.6529853805484734,-0.42271458705227893,-0.451057307066162,-0.4240680062701303,0.6261682771415289,-1.0295070271804874,0.625450530523452,-1.2002121433141226
0.7780025332768002,-0.5127797575784685,-0.3252156863343304,-0.6152155523078459,-0.5887911903435977,0.33298768845406107,-1.7235085262650618,0.3333602040055893,-1.3229511984766422,0.9454628022093259,-1.3233698922749404,-0.464759024121277,-0.2978441777909065,-0.46410959305414173,0.2337710957954502,-0.6185058689799514,0.22908638435555437,1.8750070532985164
-0.8526617182960091,-0.5127797575784685,-0.3252156863343304,-0.6152155523078459,-0.5887911903435977,-1.1815840916729057,-1.5235988587236418,-1.1811003896817036,1.020568934497849,2.145607466268396,1.0212213865698174,0.16790964796460037,-0.451057307066162,0.16765766509359478,-0.979092919274248,0.6144976056216563,-0.9732181923537343,-1.2002121433141226
0.9786996719319152,-0.6795015220289611,-0.3252156863343304,-0.6152155523078459,-0.5887911903435977,-1.2312723517742765,-0.5740279379018963,-1.2308968066292487,-0.8712837510394624,-1.754862691923582,-0.8712320114639236,0.9827708806828032,-0.757483565616673,0.9818365963684947,2.1600845314943826,0.6144976056216563,2.158058562372655,-1.2002121433141226
0.7278282486130215,1.7498727599639314,-0.3252156863343304,-0.6152155523078459,-0.5887911903435977,-0.8705723895569185,-0.9738472729847364,-0.8704140491611508,-0.007568807694678956,0.49540855318717464,-0.006576579603679714,0.039774220706701,0.16179521003486,0.03863477434511296,-1.5141799847461737,-1.4405081853810233,-1.5149158587831935,0.3373974549921968
-0.22548315999877472,-0.5127797575784685,-0.3252156863343304,-0.6152155523078459,-0.5887911903435977,0.3182652410166177,-0.8239150223286714,0.3182047727606842,1.3593195200757346,0.24537841484153503,1.3591594933615567,-0.8331483774877375,0.26393729621836365,-0.833382004506692,0.1980986247639886,-0.20750471077941549,0.20266210794436118,-0.4314073441609629
-0.024786021343659734,-0.6795015220289611,-0.3252156863343304,1.6254465548679973,1.240886767340139,1.2310569821380943,-0.32414085347512117,1.2307782398646068,-1.1743763802407277,0.5954206085254304,-1.174211003759966,-0.21449451775819256,0.468221468585371,-0.21496194195362647,0.982892987456146,0.20349644742112044,0.982178262074559,-0.4314073441609629
1.4804425185697028,-0.6795015220289611,-0.3252156863343304,-0.6152155523078459,-0.5887911903435977,-0.24486837346558363,0.8253397348880442,-0.24471124490721613,2.3042553640561505,1.445523078900605,2.305386192378427,-0.8031166367241673,1.081073985686393,-0.8022385481191278,-0.08728114348770531,-1.0295070271804874,-0.08800493257876318,-0.4314073441609629
0.4518696829622384,-0.5127797575784685,-0.3252156863343304,1.6254465548679973,1.3872610039548379,0.7433759107727892,1.3750913206269495,0.7436393784212317,1.3375285467344666,1.6455471895771168,1.3381840246641385,-1.0814107677999174,-1.0128387810754322,-1.082529655607208,0.3051160378583733,-0.6185058689799514,0.3083592135891339,-1.2002121433141226
0.4518696829622384,1.7498727599639314,-0.3252156863343304,-0.6152155523078459,-0.5887911903435977,0.1968050496577116,-1.3236891911822215,0.1969613228014437,0.2955238215065863,0.6454266361945584,0.2964024126923619,-0.7870997083169302,0.5703635547688747,-0.7888913525244572,-0.08728114348770531,-1.4405081853810233,-0.08800493257876318,0.3373974549921968
-1.7056245575802478,1.7498727599639314,-0.3252156863343304,-0.6152155523078459,-0.5887911903435977,0.05142088121296015,-1.7734859431504169,0.05190219517163911,0.6223884216255983,-0.20467583418061627,0.6226874813188694,-1.0273536344254914,-0.9106966948919285,-1.029140873228526,-0.979092919274248,-1.0295070271804874,-0.9732181923537343,0.3373974549921968
0.4016953982984596,-0.6795015220289611,-0.3252156863343304,-0.6152155523078459,-0.5887911903435977,-1.424504474390718,-0.024276352162991052,-1.424669820403391,-1.2971982299824174,0.1953723871724071,-1.2977332083114292,-0.01628502871863014,-0.3489152208826583,-0.014754008033568652,1.9460497053056118,2.2585022384238003,1.9466643510831096,1.1062022541453564
-1.2791431379381284,-0.5127797575784685,3.074882430400277,-0.6152155523078459,-0.5887911903435977,-1.4741927344920889,0.3755429829198491,-1.474466237350936,2.139832565208405,0.09536033183415127,2.139913050432127,-0.7870997083169302,-1.932117556726965,-0.7888913525244572,1.2326002846763777,0.6144976056216563,1.2332088879808945,0.3373974549921968
0.27625968663901274,-0.5127797575784685,-0.3252156863343304,-0.6152155523078459,-0.5887911903435977,1.5034222597307927,0.3755429829198491,1.5035760022728963,-0.9148656977219971,0.09536033183415127,-0.9155135564918065,-1.3937408717410467,-0.5021283501579138,-1.393964219482853,0.4834783930156819,-1.0295070271804874,0.48011701026188924,-0.4314073441609629
0.6525668216173534,-0.5127797575784685,3.074882430400277,-0.6152155523078459,-0.5887911903435977,1.4132472691764537,-0.6739827716726063,1.413725945606674,0.4242886639777122,0.04535430416502335,0.4245858325099184,-0.8771949306076406,1.1321450287781447,-0.8778726564889272,0.982892987456146,-0.6185058689799514,0.982178262074559,-0.4314073441609629
0.5773053946216853,-0.5127797575784685,-0.3252156863343304,-0.6152155523078459,-0.5887911903435977,-0.5282754866363648,-0.1242311859337011,-0.5283343153475809,-1.586423876148331,0.9454628022093259,-1.5867285548091927,-0.9552774565929225,-0.9617677379836803,-0.9535067648587267,-0.37266091173939925,-1.0295070271804874,-0.3786719731018881,0.3373974549921968
1.1793968105870303,-0.6795015220289611,-0.3252156863343304,-0.6152155523078459,-0.5887911903435977,-2.983243596830014,1.0252494024294643,-2.983514177022191,-0.7722338722155194,1.2454989682240936,-0.7733464908759715,0.051786917012128945,-0.9106966948919285,0.051981969939783955,0.1267536827010648,0.6144976056216563,0.12338927871078165,-0.4314073441609629
-0.7021388643046729,-0.5127797575784685,-0.3252156863343304,-0.6152155523078459,-0.5887911903435977,0.6347978609216457,-0.5240505210165413,0.6343037672972737,-0.07690372287143907,-1.104784332224919,-0.07649480859507425,-0.8531695379967842,0.6214345978606265,-0.851178265299586,-1.5498524557776352,1.4364999220227281,-1.5545522733999833,-1.2002121433141226
0.7780025332768002,-0.5127797575784685,-0.3252156863343304,-0.6152155523078459,-0.5887911903435977,-0.05531686270850307,1.5750009881683695,-0.05526835434590361,0.8601081308030615,-1.004772276886663,0.8604094598896102,-0.4847801846303238,1.030002942594641,-0.4863549190452595,-0.40833338277086084,-0.20750471077941549,-0.4050962495130813,0.3373974549921968
0.9786996719319152,-0.5127797575784685,3.074882430400277,1.6254465548679973,1.3872610039548379,0.16920046071250563,1.1751816530855295,0.16881552191804894,-0.78808185282735,0.09536033183415127,-0.7873301366742504,-0.05632734973672365,0.008582080759604505,-0.05479559481758006,0.4478059219842203,0.20349644742112044,0.4536927338506961,1.8750070532985164
-1.7056245575802478,-0.5127797575784685,3.074882430400277,-0.6152155523078459,-0.5887911903435977,-0.28903571577791326,-0.07425376904834607,-0.28909500783872366,-0.9425996637927013,0.09536033183415127,-0.9434808480883645,-1.5358911113552787,0.21286625312661184,-1.5363343058260046,-1.3714901006203266,-0.20750471077941549,-1.3695823385216315,-1.2002121433141226
0.8532639602724683,-0.5127797575784685,-0.3252156863343304,-0.6152155523078459,-0.5887911903435977,-0.11604695838795584,0.3255655660344941,-0.11589007932552348,0.42230766640123346,-0.8047481662101513,0.42225522487687234,-2.7291522776944652,-0.2978441777909065,-2.7286837789499017,1.2326002846763777,0.6144976056216563,1.2332088879808945,-0.4314073441609629
-1.981583123231031,-0.5127797575784685,-0.3252156863343304,-0.6152155523078459,-0.5887911903435977,0.03853873970519758,0.3755429829198491,0.038911825533149,-0.04124576649481992,2.3956376046140355,-0.04153569409937739,0.1218609787937926,-0.19570209160740282,0.12316701311135997,-0.33698844070793704,-0.6185058689799514,-0.33903555848509864,0.3373974549921968
-0.978097429955456,1.7498727599639314,-0.3252156863343304,-0.6152155523078459,-0.5887911903435977,-0.3644882588948094,-0.024276352162991052,-0.36487216406324857,-0.5642291266852392,-0.054657751173232495,-0.5635918039017883,1.255058663605839,0.468221468585371,1.2532295734601278,-1.6568698688720207,-0.20750471077941549,-1.6602493790447561,-0.4314073441609629
0.10064969031578713,-0.6795015220289611,-0.3252156863343304,1.6254465548679973,1.8263837137989347,0.5501437881563476,-1.6235536924943517,0.5498663646470893,-1.0654215135343905,1.9955893832610123,-1.0646724450067813,-1.5919503607806096,1.5917844166039112,-1.5941721534029099,0.1267536827010648,-0.6185058689799514,0.12338927871078165,0.3373974549921968
0.10064969031578713,1.7498727599639314,-0.3252156863343304,-0.6152155523078459,-0.5887911903435977,-1.1116524663450507,-0.9238698560993814,-1.1118184182764235,-0.30868043931946604,0.5454145808563026,-0.30955557189972216,-0.8711885824549264,-1.319265039625943,-0.86897452609248,0.2337710957954502,-0.20750471077941549,0.22908638435555437,0.3373974549921968
-0.7272260066365622,1.7498727599639314,-0.3252156863343304,-0.6152155523078459,-0.5887911903435977,1.7058559119956365,-0.6240053547872513,1.7060092624726992,-1.8380105683611458,1.2454989682240936,-1.8384341791782124,-0.3005855079470939,-0.9617677379836803,-0.2994941807198727,0.8758755743617606,-1.0295070271804874,0.8764811564297869,-1.2002121433141226
0.30134682897090215,-0.6795015220289611,-0.3252156863343304,-0.6152155523078459,-0.5887911903435977,-0.3828913181916134,1.8248880725951446,-0.38327518771777586,0.8343551623088367,0.4454025255180467,0.834772775926099,0.9467327917665193,-0.14463104851565098,0.9462440747827067,-1.335817629588865,-0.20750471077941549,-1.3299459239048417,-1.2002121433141226
1.4804425185697028,-0.6795015220289611,-0.3252156863343304,-0.6152155523078459,-0.5887911903435977,0.6826458150933364,-1.1737569405261565,0.6830176534416115,0.13110102265884124,0.8454507468710701,0.1309292707460625,0.5623265099928212,0.8767898133193857,0.5636244677354855,-1.6568698688720207,-1.0295070271804874,-1.6602493790447561,-0.4314073441609629
-2.0317574078948097,-0.5127797575784685,-0.3252156863343304,1.6254465548679973,1.9727579504136337,-0.1510127710518835,-0.1242311859337011,-0.15053106502816352,-0.9425996637927013,1.3455110235623493,-0.9434808480883645,-0.6990066020771244,1.2853581580534004,-0.6999100485599872,-1.121782803400095,-0.6185058689799514,-1.1185517126152964,-1.2002121433141226
-0.07496030600743848,-0.5127797575784685,-0.3252156863343304,1.6254465548679973,1.6800094771842358,-1.080367265540484,0.22561073226378406,-1.080425024983406,0.3608967415303889,-0.10466377884236042,0.3616594264176636,0.5242863050256322,0.5192925116771229,0.5235828809514741,0.6261682771415289,-1.4405081853810233,0.625450530523452,-0.4314073441609629
0.7780025332768002,-0.5127797575784685,-0.3252156863343304,1.6254465548679973,0.14307999272989697,0.058782104931681844,-2.323237528889322,0.05839737999088397,1.8169299602423505,-1.604844608916198,1.8159585894386667,-1.1654996419379136,0.8257187702276338,-1.1670618943734543,0.4478059219842203,-0.20750471077941549,0.4536927338506961,-1.2002121433141226
-1.0031845722873454,-0.6795015220289611,-0.3252156863343304,1.6254465548679973,1.6800094771842358,2.0058257785335414,0.025701064722363966,2.005870294961176,0.061766107482081146,0.09536033183415127,0.061011041754667976,0.05378903306303351,-2.596041116919739,0.051981969939783955,-0.5866957379281693,-0.6185058689799514,-0.5900661843914335,-1.2002121433141226
-0.9279231452916772,-0.6795015220289611,-0.3252156863343304,-0.6152155523078459,-0.5887911903435977,0.7341743811243873,1.2751364868562394,0.7338966011923639,2.032858696078547,-0.004651723504104576,2.0327050993119893,-0.9212414837275433,-1.7789044274517096,-0.922363308471162,-0.1942985565820907,0.20349644742112044,-0.19370203822353588,-0.4314073441609629
0.7780025332768002,1.7498727599639314,-0.3252156863343304,-0.6152155523078459,-0.5887911903435977,-1.4760330404217692,0.4754978166905591,-1.4755487681541435,-1.4180390821476276,-1.004772276886663,-1.418924805229846,-1.5098636026935182,1.2342871149616486,-1.5096399146366637,-0.1942985565820907,-0.6185058689799514,-0.19370203822353588,-1.2002121433141226
-0.9279231452916772,-0.6795015220289611,-0.3252156863343304,1.6254465548679973,0.8017640574960422,2.0499931208458713,2.47459449210476,2.0502540578926842,0.5154145524957396,1.1454869128858376,0.5154795301987312,0.37212548515687704,-1.676762341268206,0.3723146642118752,-0.979092919274248,-1.0295070271804874,-0.9732181923537343,-0.4314073441609629
0.226085401975234,-0.6795015220289611,-0.3252156863343304,1.6254465548679973,1.899570832106284,0.23177086232163924,0.6754074842319793,0.23160230850408375,-1.4140770869946697,0.6954326638636863,-1.4142635899637532,-1.285626604992194,0.11072416694310817,-1.2871866547254889,-1.4071625716517886,3.0805045548248717,-1.409218753138421,-0.4314073441609629
-0.5265288679814473,-0.5127797575784685,-0.3252156863343304,-0.6152155523078459,-0.5887911903435977,1.107756484849508,1.0252494024294643,1.1073697282989516,-1.1565474020524178,-2.454947079291373,-1.155566142695594,3.2791979910704665,0.3150083393101155,3.277554238651819,-0.33698844070793704,0.20349644742112044,-0.33903555848509864,-0.4314073441609629
0.7529153909449109,-0.6795015220289611,3.074882430400277,-0.6152155523078459,-0.5887911903435977,-1.0564432884546386,-0.8738924392140264,-1.056609347312841,-1.6220818325249502,-0.3046878895188721,-1.6216876693048898,-1.0533811430872517,-0.24677313469915466,-1.0513861992196434,1.2326002846763777,-0.6185058689799514,1.2332088879808945,1.1062022541453564
0.35152111363468086,-0.5127797575784685,-0.3252156863343304,-0.6152155523078459,-0.5887911903435977,0.2980218757901334,0.5254752335759142,0.2976366874997412,0.5213575452251765,0.3953964978489188,0.5224713530978708,2.2561166890581767,0.6725056409523783,2.2542692430604148,1.0542379295190691,-1.4405081853810233,1.0482389531025422,0.3373974549921968
-0.1502217330031066,-0.5127797575784685,-0.3252156863343304,1.6254465548679973,1.0213254124180906,-2.5544523152144816,1.2751364868562394,-2.5548319789520213,-1.3328561863590365,-0.5047120001953838,-1.3326923228071266,1.2750798241148857,-0.451057307066162,1.2754748994512455,0.5904958061100672,1.0254987638221924,0.585814115906662,-1.2002121433141226
-1.4798402765932435,-0.5127797575784685,-0.3252156863343304,-0.6152155523078459,-0.5887911903435977,-1.610375373288438,0.3755429829198491,-1.610865118555081,0.20835992814151635,0.9954688298784539,0.2078393226365959,-1.429778960657331,-1.370336082717695,-1.429556741068641,1.0185654584876076,0.6144976056216563,1.0218146766913492,-0.4314073441609629
-1.1035331416149028,-0.5127797575784685,-0.3252156863343304,1.6254465548679973,1.6068223588768862,-0.00930921446649315,0.22561073226378406,-0.009802060611188426,1.6346781832062958,-0.8547541938792792,1.6341711940610413,0.5523159297382979,-1.1660519103506877,0.5502772721408152,1.5893249949909947,0.20349644742112044,1.5899366195320022,-0.4314073441609629
-0.5265288679814473,-0.5127797575784685,-0.3252156863343304,-0.6152155523078459,-0.5887911903435977,-1.2239111280555548,-0.7239601885579613,-1.2244016218100038,-0.3007564490135505,-0.15466980651148834,-0.3002331413675364,0.7365106064215283,2.306779019888437,0.7371380104662021,-0.26564349864501385,0.20349644742112044,-0.2597627292515191,-0.4314073441609629
0.5773053946216853,-0.6795015220289611,3.074882430400277,-0.6152155523078459,-0.5887911903435977,1.1942508635444864,-0.5740279379018963,1.1939721925555513,-0.23538352898974788,-1.004772276886663,-0.23497612764223474,0.10984828248836465,0.7235766840441301,0.10981981751668897,0.3764609799212971,-0.20750471077941549,0.37441990461711655,-0.4314073441609629
0.15082397497956587,-0.5127797575784685,-0.3252156863343304,-0.6152155523078459,-0.5887911903435977,0.5004555280549771,-1.0738021067554464,0.5000699476995442,1.2226306872986925,0.8454507468710701,1.2216536430118146,-1.0253515183745863,-1.5746202550847024,-1.0246918080303027,0.1624261537325264,-0.6185058689799514,0.16302569332757172,-1.2002121433141226
1.3048325222464772,-0.6795015220289611,-0.3252156863343304,-0.6152155523078459,-0.5887911903435977,0.10294944724401146,1.3251139037415944,0.10278114292239149,0.14496800569419305,-1.3548144705705585,0.14491291654434107,0.11185039853926922,1.2342871149616486,0.10981981751668897,1.7320148791168417,-0.6185058689799514,1.7352701397935644,-0.4314073441609629
-0.5265288679814473,-0.6795015220289611,-0.3252156863343304,-0.6152155523078459,-0.5887911903435977,2.624168570906155,0.6254300673466242,2.623995383592659,0.42230766640123346,-0.2546818618497442,0.42225522487687234,-0.755065851502455,1.1832160718698967,-0.7532988309386692,-1.2644726875259416,1.4364999220227281,-1.2638852328768586,-1.2002121433141226
-0.6770517219727835,-0.6795015220289611,-0.3252156863343304,-0.6152155523078459,-0.5887911903435977,2.1788145359234994,0.5754526504612691,2.1790752234743764,0.012241168070109646,-0.004651723504104576,0.01206828146069172,0.2840323789170712,-0.6042704363414175,0.2833333602474056,-0.1942985565820907,-0.20750471077941549,-0.19370203822353588,0.3373974549921968
-1.2289688532743497,-0.5127797575784685,-0.3252156863343304,-0.6152155523078459,-0.5887911903435977,0.5538244000157087,0.6754074842319793,0.5541964878599192,-0.5820581048735484,-0.9047602215484072,-0.5822366649661601,-0.9192393676766387,0.9789318995028893,-0.9179142432729386,-0.12295361451916689,1.847501080223264,-0.12764134719555323,1.8750070532985164
1.9069239382118222,-0.5127797575784685,3.074882430400277,-0.6152155523078459,-0.5887911903435977,1.2697034066613826,0.8753171517733993,1.2697493487800766,-0.5622481291087598,-1.3548144705705585,-0.5612611962687418,-0.17245008068919448,-0.6553414794331693,-0.17047128997139088,0.3764609799212971,-1.0295070271804874,0.37441990461711655,-0.4314073441609629
-0.6770517219727835,-0.6795015220289611,-0.3252156863343304,-0.6152155523078459,-0.5887911903435977,-0.2651117386920679,0.9752719855441093,-0.26527933016815836,-0.04322676407129866,0.2953844425106629,-0.04386630173242341,0.15990118376098153,0.11072416694310817,0.15875953469714799,-0.1586260855506285,-0.6185058689799514,-0.15406562360674642,-0.4314073441609629
0.627479679285464,-0.5127797575784685,-0.3252156863343304,-0.6152155523078459,-0.5887911903435977,1.4132472691764537,0.5754526504612691,1.413725945606674,-0.023416788306510065,-0.5047120001953838,-0.022890833035005134,-0.2445262585217627,1.1321450287781447,-0.2461053983411903,-1.1574552744315565,0.20349644742112044,-1.1581881272320862,1.1062022541453564
2.0574467922031583,1.7498727599639314,-0.3252156863343304,-0.6152155523078459,-0.5887911903435977,-1.3140861186098942,-0.6739827716726063,-1.3142516784762261,-0.33839540296664894,0.7954447192019422,-0.33752286349628013,-0.4787738364776101,0.468221468585371,-0.47745678864881236,1.1612553426134544,-1.0295070271804874,1.1671481969529112,-1.2002121433141226
-0.7272260066365622,-0.6795015220289611,-0.3252156863343304,-0.6152155523078459,-0.5887911903435977,0.0035729270412699415,0.6254300673466242,0.0031883090273012982,-1.0079725838165035,0.5954206085254304,-1.0087378618136658,-0.6469515847536029,-1.063909824167184,-0.6465212661813051,-0.1586260855506285,1.0254987638221924,-0.15406562360674642,0.3373974549921968
-1.454753134261354,-0.5127797575784685,-0.3252156863343304,-0.6152155523078459,-0.5887911903435977,-1.7575998476628698,1.6749558219390797,-1.7580893077913013,-2.374860911586917,0.1453663595032792,-2.3744739347789023,-0.08836120655119835,-1.063909824167184,-0.09038811640336807,0.1980986247639886,-1.0295070271804874,0.20266210794436118,-0.4314073441609629
-0.3509188716582216,-0.6795015220289611,-0.3252156863343304,-0.6152155523078459,-0.5887911903435977,0.11215097689241345,0.9252945686587544,0.11252392015125898,-0.16604861381298777,-0.8547541938792792,-0.16505789865084022,-0.010278680565915885,-0.19570209160740282,-0.01030494283534525,-1.3001451585574035,-0.20750471077941549,-1.3035216474936484,-0.4314073441609629
-0.1502217330031066,-0.5127797575784685,-0.3252156863343304,-0.6152155523078459,-0.5887911903435977,-0.08292145165370902,-0.47407310413118625,-0.0834141552292984,0.8660511235324982,0.4454025255180467,0.865070675155703,-2.496906815789523,-0.24677313469915466,-2.49733238864228,-0.979092919274248,-1.0295070271804874,-0.9732181923537343,-0.4314073441609629
0.9034382449362471,-0.6795015220289611,-0.3252156863343304,-0.6152155523078459,-0.5887911903435977,-0.6570969017139926,-0.5240505210165413,-0.6571554809292735,-0.37801535449622614,-0.004651723504104576,-0.3771431932580702,-1.4498001211663778,-0.3489152208826583,-1.4518020670597582,0.7331856902359142,-1.0295070271804874,0.7311476361682241,-1.2002121433141226
-0.2756574446625535,-0.6795015220289611,3.074882430400277,-0.6152155523078459,-0.5887911903435977,0.7746611115773563,-0.17420860281905612,0.7750327717142491,0.061766107482081146,1.6955532172462449,0.061011041754667976,0.30605565547702307,2.7664184077142036,0.3055786862385234,-0.6580406799910925,-0.20750471077941549,-0.6561268754194162,-0.4314073441609629
2.3334053578539415,1.7498727599639314,-0.3252156863343304,-0.6152155523078459,-0.5887911903435977,0.2501739216184432,0.2755881491491391,0.2500053321586114,-0.6276210491325624,2.4956496599522917,-0.6265182099940435,0.49425456426206216,1.1321450287781447,0.4924394245639102,0.5548233350786057,-0.20750471077941549,0.5593898394954687,-1.2002121433141226
-0.7021388643046729,-0.5127797575784685,-0.3252156863343304,-0.6152155523078459,-0.5887911903435977,-0.07924083979434791,1.4750461543976596,-0.07908403201646849,0.9393480338622159,0.24537841484153503,0.9396501194131904,-1.5639207360679441,-0.757483565616673,-1.5630286970153457,0.697513219204452,-0.20750471077941549,0.6915112215514346,-1.2002121433141226
1.1793968105870303,-0.5127797575784685,-0.3252156863343304,1.6254465548679973,1.3140738856474885,1.1997717813335278,2.47459449210476,1.1993848465715893,-1.6379298131367812,1.8955773279227563,-1.6380019227362153,0.7104830977597674,-0.451057307066162,0.7104436192768608,1.7676873501483032,-0.20750471077941549,1.7616944162047568,0.3373974549921968
-1.0784459992830135,-0.5127797575784685,3.074882430400277,1.6254465548679973,2.5582548968724295,-0.6791805728701571,-0.22418601970441113,-0.6788060969934234,1.4187494473701003,-0.004651723504104576,1.4197552918207648,-0.14241833992562436,0.26393729621836365,-0.14377689878205047,-0.479678324833784,-0.20750471077941549,-0.48436907874666085,-0.4314073441609629
0.050475405652008386,-0.5127797575784685,-0.3252156863343304,1.6254465548679973,2.1191321870283324,-0.4822678383943549,-1.1237795236408015,-0.4817854908096584,0.8165261841205268,0.3953964978489188,0.8161279148617268,0.884667194188474,0.5192925116771229,0.8839571620075775,0.1267536827010648,-0.6185058689799514,0.12338927871078165,-0.4314073441609629
-0.3509188716582216,1.7498727599639314,-0.3252156863343304,1.6254465548679973,2.2655064236430316,-1.7870447425377562,0.6254300673466242,-1.7873176394779038,0.4698516082367262,-1.8548747472618377,0.4688673775378018,-0.739048923095218,-0.6042704363414175,-0.7399516353439985,-0.26564349864501385,-1.4405081853810233,-0.2597627292515191,1.1062022541453564
-0.5516160103133366,-0.5127797575784685,-0.3252156863343304,-0.6152155523078459,-0.5887911903435977,-0.03323319155233799,-0.8738924392140264,-0.03361773828175369,-0.6612980079327028,-0.8047481662101513,-0.6614773244897404,0.46422282349849203,2.1535658906131814,0.465745033374569,1.7676873501483032,1.4364999220227281,1.7616944162047568,-1.2002121433141226
0.8783511026043578,-0.6795015220289611,-0.3252156863343304,1.6254465548679973,1.3872610039548379,0.14711678955634058,-0.8239150223286714,0.14716490585389902,0.40249769063644486,2.345631576944908,0.4036103638125001,-1.097427696207155,0.5192925116771229,-1.0958768512018786,-0.08728114348770531,-0.20750471077941549,-0.08800493257876318,1.1062022541453564
-0.42618029865388973,1.7498727599639314,-0.3252156863343304,-0.6152155523078459,-0.5887911903435977,0.43604482051616317,1.2251590699708845,0.4362006303103013,-0.3522623860020007,-0.6047240555336396,-0.3515065092945587,0.26401121840802444,1.081073985686393,0.2655370994545112,1.26827275570784,-1.0295070271804874,1.272845302597684,-0.4314073441609629
1.7814882265523753,-0.6795015220289611,-0.3252156863343304,-0.6152155523078459,-0.5887911903435977,1.9763808836586556,0.3755429829198491,1.9766419632745744,-0.4414072769435495,1.2454989682240936,-0.4424002069833715,-0.9472689923893043,-0.09356000542389915,-0.9490576996605032,1.48230758189661,-1.0295070271804874,1.4842395138872293,1.1062022541453564
-0.651964579640894,-0.5127797575784685,3.074882430400277,-0.6152155523078459,-0.5887911903435977,0.7857029471554385,-1.1237795236408015,0.7858580797463243,2.5023551217040367,0.5454145808563026,2.5034878411873778,0.14989060350645816,0.21286625312661184,0.14986140430070038,-0.5510232668967078,1.847501080223264,-0.5504297697746435,-0.4314073441609629
-0.6017902949771153,-0.5127797575784685,-0.3252156863343304,-0.6152155523078459,-0.5887911903435977,1.094874343341745,0.6754074842319793,1.094379358660461,-1.0040105886635458,0.7454386915328143,-1.004076646547573,-0.7951081725205486,-0.9617677379836803,-0.7933404177226806,0.01973626960668006,-1.0295070271804874,0.017692173066008943,2.643811852451676
-1.379491707265686,-0.6795015220289611,-0.3252156863343304,-0.6152155523078459,-0.5887911903435977,-0.4288989664336233,0.22561073226378406,-0.4287414814524911,-0.3007564490135505,-0.10466377884236042,-0.3002331413675364,0.5242863050256322,-0.19570209160740282,0.5235828809514741,0.5548233350786057,-0.6185058689799514,0.5593898394954687,-0.4314073441609629
-0.7272260066365622,-0.5127797575784685,-0.3252156863343304,-0.6152155523078459,-0.5887911903435977,-0.2540699031139856,0.6754074842319793,-0.2544540221360836,0.6976663295317952,-0.15466980651148834,0.6972669255763568,0.19193504057545624,1.030002942594641,0.1899029910847118,0.6261682771415289,0.20349644742112044,0.625450530523452,0.3373974549921968
-0.6268774373090047,1.7498727599639314,-0.3252156863343304,-0.6152155523078459,-0.5887911903435977,0.34218921810246306,1.4750461543976596,0.34202045043124907,0.3252387851537692,-0.7047361108718955,0.32436970428891987,-0.24252414247085816,-0.19570209160740282,-0.2416563331429669,0.8045306322988374,-0.6185058689799514,0.8104204654018037,-1.2002121433141226
-0.37600601399011097,-0.5127797575784685,-0.3252156863343304,1.6254465548679973,2.192319305335682,-1.043561146946876,2.8744138271876003,-1.043618977674351,-1.3229511984766422,0.9454628022093259,-1.3233698922749404,-1.2475864000250056,0.16179521003486,-1.2471450679414775,1.0899104005505313,-0.20750471077941549,1.0878753677193318,-0.4314073441609629
-1.053358856951124,-0.6795015220289611,-0.3252156863343304,-0.6152155523078459,-0.5887911903435977,-0.5135530391989215,-0.1242311859337011,-0.5131788841026762,0.1826069596472915,-0.40469994485712796,0.18220263867308478,1.3291369574893117,-0.7064125225249211,1.328863681829927,0.5904958061100672,0.20349644742112044,0.585814115906662,-0.4314073441609629
-0.651964579640894,-0.6795015220289611,-0.3252156863343304,-0.6152155523078459,-0.5887911903435977,-0.5926861941751786,0.4754978166905591,-0.5922036327368237,-0.1779345992718614,-0.15466980651148834,-0.17904154444911963,-1.311654113653955,-1.6256912981764542,-1.3094319807166064,2.1957570025258435,-0.6185058689799514,2.197694976989444,0.3373974549921968
1.1793968105870303,-0.5127797575784685,3.074882430400277,-0.6152155523078459,-0.5887911903435977,0.9899769053499625,-0.9738472729847364,0.9904564015525419,-0.2571745023310158,-1.4548265259088142,-0.25828220397269985,-1.5659228521188489,-0.14463104851565098,-1.5674777622135692,-0.2299710276135523,-1.0295070271804874,-0.23333845284032595,-1.2002121433141226
-0.6268774373090047,1.7498727599639314,-0.3252156863343304,-0.6152155523078459,-0.5887911903435977,-0.2577505149733467,-0.32414085347512117,-0.25770161454570584,1.1235808084747496,-1.004772276886663,1.123768122423862,-0.5948965674300809,0.7235766840441301,-0.5931324838026232,-0.08728114348770531,-0.20750471077941549,-0.08800493257876318,-0.4314073441609629
-0.7523131489684516,-0.6795015220289611,-0.3252156863343304,-0.6152155523078459,-0.5887911903435977,-0.7086254677450439,1.5750009881683695,-0.7091169594832335,-1.0218395668518556,-0.5047120001953838,-1.0227215076119447,-0.582883871124653,-1.4214071258094467,-0.5842343534061764,-1.1574552744315565,-1.0295070271804874,-1.1581881272320862,0.3373974549921968
-0.2756574446625535,-0.5127797575784685,-0.3252156863343304,-0.6152155523078459,-0.5887911903435977,-1.906664627966982,1.0252494024294643,-1.9063960278307284,1.7753290111362952,-1.3548144705705585,1.7763382596768762,0.7285021422179095,-0.5531993932496656,0.7282398800697553,0.1980986247639886,-0.6185058689799514,0.20266210794436118,-1.2002121433141226
-0.2756574446625535,-0.5127797575784685,-0.3252156863343304,-0.6152155523078459,-0.5887911903435977,0.5059764458440179,1.0252494024294643,0.5054826017155813,1.8189109578188298,0.1953723871724071,1.8182891970717128,0.516277840822014,0.16179521003486,0.5146847505550273,-0.8007305641169394,-1.4405081853810233,-0.8014603956809784,0.3373974549921968
-1.8310602692396947,-0.5127797575784685,-0.3252156863343304,-0.6152155523078459,-0.5887911903435977,-0.3681688707541705,-1.0738021067554464,-0.3681197564728712,0.3173147948478537,1.545535134238861,0.31737788138978096,0.12386309484469715,0.8257187702276338,0.12316701311135997,-0.33698844070793704,-0.6185058689799514,-0.33903555848509864,0.3373974549921968
-0.5265288679814473,-0.6795015220289611,-0.3252156863343304,1.6254465548679973,1.6800094771842358,-0.24486837346558363,-0.4240956872458312,-0.24471124490721613,0.7452102713672879,-1.3048084429014306,0.7462096858703331,-0.9973218936619213,-0.8085546087084248,-0.9979974168409614,0.1624261537325264,-0.20750471077941549,0.16302569332757172,1.8750070532985164
1.4553553762378133,-0.5127797575784685,-0.3252156863343304,-0.6152155523078459,-0.5887911903435977,-0.22646531416877966,-1.6235536924943517,-0.22630822125268843,-1.126832438405235,-1.3048084429014306,-1.1275988510990362,-1.2095461950578168,0.5703635547688747,-1.2115525463556895,0.01973626960668006,-0.6185058689799514,0.017692173066008943,-1.2002121433141226
1.1292225259232516,-0.5127797575784685,-0.3252156863343304,1.6254465548679973,0.21626711103724644,0.0182953744787128,-0.9238698560993814,0.018343740272206362,-0.5345141630380562,-0.5047120001953838,-0.5356245123052308,0.6203878754690569,-0.5531993932496656,0.6214623153123913,-0.05160867245624374,-0.20750471077941549,-0.04836851796197371,0.3373974549921968
0.35152111363468086,-0.5127797575784685,-0.3252156863343304,1.6254465548679973,1.3140738856474885,-0.16941583034868746,0.3255655660344941,-0.1689340886826912,0.327219782730248,-1.1547903598940468,0.3267003119219667,0.5042651445165856,-1.4724781689011985,0.5057866201585804,1.196927813644916,0.20349644742112044,1.1935724733641044,3.4126166516048357
-0.7021388643046729,-0.6795015220289611,-0.3252156863343304,-0.6152155523078459,-0.5887911903435977,-1.5606871131870672,1.0252494024294643,-1.5610687016075362,1.0403789102626377,-0.8547541938792792,1.039866247634189,-0.5088055772411803,-0.7064125225249211,-0.5086002450363769,1.410962639833686,-1.0295070271804874,1.40496668465365,0.3373974549921968
0.9536125296000258,-0.5127797575784685,-0.3252156863343304,-0.6152155523078459,-0.5887911903435977,0.24097239197004122,0.17563331537842902,0.24134508573295163,0.6679513658846122,-0.20467583418061627,0.6669690263467528,0.05378903306303351,0.059653123851356335,0.051981969939783955,0.982892987456146,-0.6185058689799514,0.982178262074559,1.1062022541453564
0.15082397497956587,1.7498727599639314,3.074882430400277,-0.6152155523078459,-0.5887911903435977,1.726099277222121,0.17563331537842902,1.7265773477336415,-0.3344334078136909,-1.604844608916198,-0.3351922558632337,-0.9352562960838758,-1.676762341268206,-0.9357105040658326,0.2694435668269118,1.847501080223264,0.2687227989723444,0.3373974549921968
0.4518696829622384,-0.6795015220289611,-0.3252156863343304,-0.6152155523078459,-0.5887911903435977,-0.761994339705775,-0.5740279379018963,-0.7621609688404009,-0.5979060854853795,-1.104784332224919,-0.5985509183974855,1.2690734759621713,-0.09356000542389915,1.271025834253022,1.1612553426134544,0.6144976056216563,1.1671481969529112,1.1062022541453564
0.47695682529412775,-0.6795015220289611,-0.3252156863343304,-0.6152155523078459,-0.5887911903435977,-0.2706326564811093,-0.024276352162991052,-0.27069198418419593,2.308217359209108,-0.8547541938792792,2.3077168000114736,-1.6279884496968937,-0.7064125225249211,-1.629764674988698,-0.6937131510225542,1.4364999220227281,-0.6957632900362056,-0.4314073441609629
-0.10004744833932785,1.7498727599639314,3.074882430400277,-0.6152155523078459,-0.5887911903435977,-0.6386938424171886,0.12565589849307401,-0.6387524572747462,1.8545689141954496,-0.35469391718800003,1.8555789192004566,0.7865635076941453,1.030002942594641,0.7860777276466603,0.2694435668269118,-1.0295070271804874,0.2687227989723444,1.8750070532985164
1.706226799556707,-0.5127797575784685,-0.3252156863343304,-0.6152155523078459,-0.5887911903435977,-0.00930921446649315,0.5254752335759142,-0.009802060611188426,-0.5047991993908734,1.4955291065697331,-0.5053266130756263,0.5623265099928212,-0.39998626397441017,0.5636244677354855,-0.12295361451916689,0.6144976056216563,-0.12764134719555323,0.3373974549921968
0.27625968663901274,-0.6795015220289611,-0.3252156863343304,1.6254465548679973,1.5336352405695368,0.35139074775086504,1.0752268193148193,0.3517632276601162,0.7511532640967241,0.6954326638636863,0.750870901136426,1.781615184993769,-1.5746202550847024,1.7826683320487238,0.4478059219842203,0.20349644742112044,0.4536927338506961,-0.4314073441609629
-2.132105977222367,1.7498727599639314,-0.3252156863343304,-0.6152155523078459,-0.5887911903435977,-0.6423744542765492,-0.8239150223286714,-0.6420000496843684,-0.7088419497681956,2.04559541093014,-0.7080894771506702,0.6203878754690569,-1.2681939965341913,0.6214623153123913,-0.7293856220540164,-0.20750471077941549,-0.7353997046529958,0.3373974549921968
0.025388263320119012,-0.6795015220289611,-0.3252156863343304,-0.6152155523078459,-0.5887911903435977,1.7205783594330797,-0.7739376054433164,1.7200821629143963,0.20637893056503762,-0.9047602215484072,0.2055087150035499,0.06379961331755689,1.4896423304204076,0.06532916553445416,1.0185654584876076,1.0254987638221924,1.0218146766913492,0.3373974549921968
0.9536125296000258,-0.6795015220289611,-0.3252156863343304,-0.6152155523078459,-0.5887911903435977,-0.7491121981980124,0.4754978166905591,-0.7491705992019112,-1.342761174241431,-0.35469391718800003,-1.3420147533393123,1.4312448760854506,1.030002942594641,1.4311921813890678,0.6618407481729904,-1.4405081853810233,0.6650869451402415,-1.2002121433141226
1.5807910878972602,1.7498727599639314,-0.3252156863343304,-0.6152155523078459,-0.5887911903435977,-0.35160611738704683,0.5254752335759142,-0.3518817944247585,-0.7425189085683366,1.2955049958932214,-0.7430485916463675,-0.26855165113261914,0.6214345978606265,-0.2683507243323081,-0.4440058538023224,-0.6185058689799514,-0.4447326641298708,-0.4314073441609629
1.8065753688842645,1.7498727599639314,-0.3252156863343304,1.6254465548679973,0.9481382941107411,0.9697335401234782,-0.22418601970441113,0.9698883162915988,0.2222269111768687,0.895456774540198,0.2218229684348753,1.4512660365944974,0.11072416694310817,1.4534375073801848,-1.8709046950607908,0.20349644742112044,-1.8716435903343012,1.1062022541453564
-0.5516160103133366,-0.5127797575784685,-0.3252156863343304,-0.6152155523078459,-0.5887911903435977,-0.6570969017139926,-0.5240505210165413,-0.6571554809292735,-1.2853122445235439,-0.4547059725262559,-1.286080170146197,0.237983709746264,1.4896423304204076,0.2388427082651708,0.982892987456146,-0.20750471077941549,0.982178262074559,-0.4314073441609629
0.828176817940579,-0.6795015220289611,-0.3252156863343304,-0.6152155523078459,-0.5887911903435977,-0.046115333060101085,-0.47407310413118625,-0.04660810792024341,0.5550345040253168,0.24537841484153503,0.5550998599605217,-0.12439929546748217,0.6725056409523783,-0.12598063798915607,-0.479678324833784,-0.6185058689799514,-0.48436907874666085,0.3373974549921968
-2.207367404218035,-0.5127797575784685,-0.3252156863343304,1.6254465548679973,1.6800094771842358,1.575194190988329,-0.32414085347512117,1.5750230352845918,-1.0515545304990386,-0.2546818618497442,-1.0506887992085023,1.176976137620557,0.8767898133193857,1.1775954650903284,0.9472205164246843,-1.4405081853810233,0.9425418474577696,-0.4314073441609629
0.627479679285464,-0.6795015220289611,-0.3252156863343304,1.6254465548679973,1.3872610039548379,0.11951220061113461,-1.1237795236408015,0.11901910497050383,-0.21953554837791733,-0.8547541938792792,-0.21866187421090932,-2.4828920034331903,2.000352761337926,-2.4839851930476096,-0.2299710276135523,-0.6185058689799514,-0.23333845284032595,0.3373974549921968
-1.0282717146192346,1.7498727599639314,-0.3252156863343304,1.6254465548679973,1.6800094771842358,0.22256933267323725,-1.2737117742968667,0.22294206207842393,1.3296045564285517,1.7455592449153727,1.3288615941319528,-0.0002681003113925075,-1.932117556726965,-0.001406812438898447,0.9115480453932228,-0.6185058689799514,0.9161175710465763,0.3373974549921968
0.627479679285464,-0.6795015220289611,-0.3252156863343304,-0.6152155523078459,-0.5887911903435977,0.5869499067499555,-1.5235988587236418,0.5866724119561438,0.3212767900008117,-1.004772276886663,0.3220390966558738,-0.94126264423659,-2.034259642910469,-0.940159569264056,-0.872075506179863,-1.4405081853810233,-0.8675210867089616,-0.4314073441609629
2.2079696461944947,-0.5127797575784685,-0.3252156863343304,1.6254465548679973,2.192319305335682,1.4169278810358144,-0.1242311859337011,1.4169735380162967,-0.9941056007811515,0.9954688298784539,-0.9947542160153873,-1.5519080397625162,-0.6553414794331693,-1.549681501420675,0.4121334509527587,-0.6185058689799514,0.4140563192339066,1.1062022541453564
-0.9028360029597878,-0.5127797575784685,-0.3252156863343304,1.6254465548679973,1.5336352405695368,0.6587218380074911,1.4250687375123046,0.6592019757710466,-0.7682718770625614,-1.1547903598940468,-0.7686852756098786,-1.4457958890645681,-0.451057307066162,-1.4473530018615348,-0.5153507958652456,0.20349644742112044,-0.510793355157854,0.3373974549921968
-0.6017902949771153,-0.5127797575784685,-0.3252156863343304,1.6254465548679973,1.09451253072544,0.5519840940860279,-1.3736666080675766,0.5520314262535039,-0.33839540296664894,-1.8548747472618377,-0.33752286349628013,0.09983770223384128,0.5703635547688747,0.10092168712024217,-1.121782803400095,-0.6185058689799514,-1.1185517126152964,0.3373974549921968
0.47695682529412775,-0.5127797575784685,-0.3252156863343304,-0.6152155523078459,-0.5887911903435977,-0.02403166190393601,-0.17420860281905612,-0.023874961052886202,-0.6414880321679142,0.6454266361945584,-0.6405018557923221,-1.601960941035133,-0.3489152208826583,-1.6030702837993571,-0.33698844070793704,1.847501080223264,-0.33903555848509864,-0.4314073441609629
-0.9028360029597878,-0.5127797575784685,-0.3252156863343304,-0.6152155523078459,-0.5887911903435977,-0.802481070158744,0.5754526504612691,-0.8022146085590784,1.4306354328289728,-0.20467583418061627,1.4314083299859972,0.3941487617168284,0.21286625312661184,0.39455999020299304,-2.0849395212495607,-1.0295070271804874,-2.0830378016238464,-0.4314073441609629
-0.37600601399011097,-0.5127797575784685,-0.3252156863343304,-0.6152155523078459,-0.5887911903435977,-0.9460249326738147,1.0252494024294643,-0.9461912053856762,-0.07096073014200283,-0.35469391718800003,-0.07183359332898138,-1.243582167923196,2.6642763215307,-1.2426960027432536,0.697513219204452,0.20349644742112044,0.6915112215514346,4.181421450757996
0.20099825964334464,-0.5127797575784685,-0.3252156863343304,-0.6152155523078459,-0.5887911903435977,0.7875432530851189,-1.3236891911822215,0.7880231413527389,-0.6137540660972106,-1.2548024152323025,-0.614865171828811,1.2770819401657907,-0.2978441777909065,1.2754748994512455,-0.4440058538023224,-0.6185058689799514,-0.4447326641298708,0.3373974549921968
-0.2756574446625535,-0.5127797575784685,3.074882430400277,-0.6152155523078459,-0.5887911903435977,-0.5798040526674161,-0.22418601970441113,-0.580295793901541,0.3906117051775718,0.5454145808563026,0.38962671801422155,-1.3276710420611926,-0.14463104851565098,-1.3272282415095003,-0.37266091173939925,-1.4405081853810233,-0.3786719731018881,1.8750070532985164
0.7780025332768002,-0.6795015220289611,-0.3252156863343304,-0.6152155523078459,-0.5887911903435977,0.7857029471554385,-0.7739376054433164,0.7858580797463243,-0.6989369618858012,-1.2047963875631746,-0.6987670466184841,0.15789906771007697,-0.14463104851565098,0.15875953469714799,0.3407885088898349,-0.20750471077941549,0.3347834900003271,-1.2002121433141226
-0.37600601399011097,-0.5127797575784685,-0.3252156863343304,-0.6152155523078459,-0.5887911903435977,-1.7704819891706327,-0.22418601970441113,-1.7699971466265836,0.4044786882129236,-1.8548747472618377,0.4036103638125001,2.986889047638383,-1.2681939965341913,2.9883650007672915,0.840203103330299,-0.6185058689799514,0.8368447418129968,-1.2002121433141226
2.4086667848496095,1.7498727599639314,-0.3252156863343304,-0.6152155523078459,-0.5887911903435977,-0.4583438613085095,0.5254752335759142,-0.4579698131390935,-0.5780961097205909,0.09536033183415127,-0.5775754497000672,0.5362990013310608,-0.7064125225249211,0.536930076546145,0.1267536827010648,-1.0295070271804874,0.12338927871078165,1.1062022541453564
0.226085401975234,-0.5127797575784685,-0.3252156863343304,-0.6152155523078459,-0.5887911903435977,-0.576123440808055,-0.27416343658976616,-0.575965670688711,-0.13633365016580487,-0.10466377884236042,-0.13709060705428305,0.10984828248836465,0.3150083393101155,0.10981981751668897,-1.193127745463018,0.6144976056216563,-1.1978245418488758,-1.2002121433141226
2.032359649871269,-0.5127797575784685,-0.3252156863343304,-0.6152155523078459,-0.5887911903435977,-2.03548604304461,0.6754074842319793,-2.035217193412421,0.5867304652489791,0.4454025255180467,0.5877283668231718,1.124921120297035,-0.19570209160740282,1.1242066827116468,-1.335817629588865,-0.20750471077941549,-1.3299459239048417,-1.2002121433141226
-0.1502217330031066,-0.6795015220289611,-0.3252156863343304,1.6254465548679973,1.7531965954915851,1.5181447071682361,1.1252042362001744,1.517648902714594,-0.7028989570387594,-0.9047602215484072,-0.7034282618845774,-0.12439929546748217,-2.1874727721857243,-0.12598063798915607,0.1267536827010648,0.20349644742112044,0.12338927871078165,-1.2002121433141226
-0.024786021343659734,1.7498727599639314,-0.3252156863343304,-0.6152155523078459,-0.5887911903435977,1.5604717435508855,0.8253397348880442,1.560950134842894,-0.13237165501284737,0.5454145808563026,-0.13242939178819021,1.2450480833513156,0.5703635547688747,1.244331443063681,-0.979092919274248,-0.20750471077941549,-0.9732181923537343,0.3373974549921968
-0.47635458331766845,-0.6795015220289611,-0.3252156863343304,-0.6152155523078459,-0.5887911903435977,0.5022958339846574,-0.5240505210165413,0.5022350093059588,0.6382364022374294,-0.8547541938792792,0.6390017347501948,-0.5628627106156062,0.41715042549361914,-0.561989027415059,-0.40833338277086084,1.4364999220227281,-0.4050962495130813,1.1062022541453564
0.17591111731145526,-0.5127797575784685,-0.3252156863343304,-0.6152155523078459,-0.5887911903435977,-0.4693856968865923,1.1252042362001744,-0.469877651974376,-1.7508466749960763,-0.7047361108718955,-1.749871089122446,0.9187031670538537,-1.2681939965341913,0.9195496835933655,1.839032292211227,-0.20750471077941549,1.840967245438337,1.8750070532985164
1.0037868142638047,-0.5127797575784685,-0.3252156863343304,-0.6152155523078459,-0.5887911903435977,-0.9717892156893403,-0.1242311859337011,-0.972171944662656,-0.4097113157198878,-1.9048807749309655,-0.40977170012072067,-1.1955313827014837,1.4385712873286558,-1.1937562855627954,-0.8007305641169394,-1.0295070271804874,-0.8014603956809784,-0.4314073441609629
-0.6770517219727835,-0.6795015220289611,-0.3252156863343304,-0.6152155523078459,-0.5887911903435977,-0.042434721200739975,1.7749106557097896,-0.04227798470741351,0.7848302228968651,0.1953723871724071,0.7858300156321227,0.7365106064215283,1.6939265027874149,0.7371380104662021,0.6261682771415289,-0.6185058689799514,0.625450530523452,-1.2002121433141226
1.3550068069102559,-0.6795015220289611,-0.3252156863343304,-0.6152155523078459,-0.5887911903435977,1.5218253190275968,-2.273260112003967,1.521979025927424,-0.12048566955397433,0.6454266361945584,-0.12077635362295765,-1.0814107677999174,-0.757483565616673,-1.082529655607208,-0.6937131510225542,0.6144976056216563,-0.6957632900362056,0.3373974549921968
0.00030112098822963846,-0.5127797575784685,-0.3252156863343304,1.6254465548679973,1.8263837137989347,0.7360146870540675,1.8248880725951446,0.7360616627987792,-0.2750034805193251,-0.3046878895188721,-0.2745964574040249,-0.3206066684561406,0.6725056409523783,-0.3217395067109897,-0.26564349864501385,-1.0295070271804874,-0.2597627292515191,0.3373974549921968
-0.4010931563220003,-0.5127797575784685,-0.3252156863343304,1.6254465548679973,1.5336352405695368,-0.6460550661359103,-0.17420860281905612,-0.6463301728971987,-1.2021103463114318,0.09536033183415127,-1.2021782953565237,-0.7030108341789335,2.4599921491636922,-0.7043591137582106,0.2337710957954502,-0.6185058689799514,0.22908638435555437,-0.4314073441609629
0.828176817940579,-0.5127797575784685,-0.3252156863343304,-0.6152155523078459,-0.5887911903435977,1.1850493338960844,-0.07425376904834607,1.1853119461298915,0.9155760629444698,0.5454145808563026,0.9163440430827253,-0.010278680565915885,1.6939265027874149,-0.01030494283534525,-1.086110332368633,-1.0295070271804874,-1.0921274362041034,-1.2002121433141226
0.4016953982984596,-0.5127797575784685,-0.3252156863343304,-0.6152155523078459,-0.5887911903435977,0.03301782191615618,-0.27416343658976616,0.033499171517111424,0.087519075976306,-0.6047240555336396,0.08664772571817911,0.06980596147027114,-0.9106966948919285,0.06977823073267757,1.5893249949909947,1.847501080223264,1.5899366195320022,0.3373974549921968
-0.3509188716582216,-0.5127797575784685,-0.3252156863343304,-0.6152155523078459,-0.5887911903435977,-0.2117428667313368,-0.4240956872458312,-0.21223532081099106,0.4757946009661625,-0.004651723504104576,0.47585920043694147,-0.620924076091842,-0.04248896233214733,-0.6198268749919643,0.9472205164246843,-0.6185058689799514,0.9425418474577696,-0.4314073441609629
-0.6770517219727835,-0.5127797575784685,-0.3252156863343304,1.6254465548679973,1.240886767340139,1.006539658717086,0.6254300673466242,1.0066943636006542,1.2919656024754527,-0.9047602215484072,1.291571872003209,0.81859736450862,-1.1660519103506877,0.817221184034225,1.2326002846763777,-0.20750471077941549,1.2332088879808945,-1.2002121433141226
-0.30074458699444284,-0.5127797575784685,-0.3252156863343304,-0.6152155523078459,-0.5887911903435977,-0.7104657736747242,-0.4240956872458312,-0.7101994902864412,0.9591580096270045,1.2955049958932214,0.9582949804775627,-1.2916329531449082,-1.370336082717695,-1.2916357199237123,0.1980986247639886,-1.0295070271804874,0.20266210794436118,0.3373974549921968
-0.1502217330031066,1.7498727599639314,3.074882430400277,1.6254465548679973,2.4118806602577303,-0.7895989286509809,-0.47407310413118625,-0.7892242389205884,0.0023361801877153443,-1.9548868026000936,0.0027458509285060028,-1.337681622315716,-1.676762341268206,-1.3361263719059475,0.01973626960668006,1.847501080223264,0.017692173066008943,2.643811852451676
0.8783511026043578,-0.6795015220289611,3.074882430400277,1.6254465548679973,1.5336352405695368,-1.7391967883660657,-0.1242311859337011,-1.7396862841367735,0.5887114628254578,-0.7547421385410233,0.5877283668231718,0.8626439176285225,0.21286625312661184,0.8617118360164605,-0.4440058538023224,-0.6185058689799514,-0.4447326641298708,0.3373974549921968
0.9034382449362471,-0.5127797575784685,-0.3252156863343304,-0.6152155523078459,-0.5887911903435977,0.9292468096705092,0.6254300673466242,0.9287521457697143,0.3906117051775718,-1.054778304555791,0.38962671801422155,0.08382077382660365,0.5703635547688747,0.08312542632734857,0.1624261537325264,1.0254987638221924,0.16302569332757172,1.8750070532985164
1.6058782302291497,-0.5127797575784685,-0.3252156863343304,1.6254465548679973,2.2655064236430316,-0.22646531416877966,0.6254300673466242,-0.22630822125268843,-0.5543241388028448,-0.3046878895188721,-0.5542693733696026,-0.158435268332862,0.6725056409523783,-0.15712409437672067,-0.26564349864501385,-0.20750471077941549,-0.2597627292515191,1.1062022541453564
0.15082397497956587,-0.5127797575784685,-0.3252156863343304,-0.6152155523078459,-0.5887911903435977,-0.8448081065413928,-0.7739376054433164,-0.8444333098841711,-0.3998063278374935,-0.3046878895188721,-0.40044926958853494,-1.768136573260221,0.774647727135882,-1.7676856961336265,-0.479678324833784,-0.20750471077941549,-0.48436907874666085,-1.2002121433141226
-2.458238827536929,1.7498727599639314,-0.3252156863343304,1.6254465548679973,1.3872610039548379,-2.0667712438491765,0.7753623180026893,-2.0666105867054387,0.8581271332265827,-1.104784332224919,0.8580788522565633,1.6134374367177766,-0.3489152208826583,1.6136038545162312,0.4121334509527587,-1.0295070271804874,0.4140563192339066,0.3373974549921968
-0.651964579640894,1.7498727599639314,-0.3252156863343304,1.6254465548679973,1.4604481222621875,0.38451625448511184,-0.22418601970441113,0.38423915175634166,-0.7246899303800267,0.5454145808563026,-0.7244037305819956,-0.6189219600409374,2.7153473646224517,-0.6198268749919643,-2.7627164708473333,0.20349644742112044,-2.756856850109272,-0.4314073441609629
1.1292225259232516,-0.6795015220289611,-0.3252156863343304,1.6254465548679973,1.6800094771842358,0.4194820671490395,-0.47407310413118625,0.419962668262189,0.8066211962381324,0.3953964978489188,0.806805484329541,-0.6189219600409374,-1.1660519103506877,-0.6198268749919643,-0.872075506179863,-1.0295070271804874,-0.8675210867089616,-0.4314073441609629
0.37660825596657027,-0.6795015220289611,-0.3252156863343304,-0.6152155523078459,-0.5887911903435977,-0.11420665245827555,-0.3741182703604762,-0.11372501771910852,-0.13039065743636863,-1.2047963875631746,-0.13009878415514337,0.14989060350645816,0.6214345978606265,0.14986140430070038,2.1244120604629204,2.2585022384238003,2.118422147755865,1.1062022541453564
-1.981583123231031,1.7498727599639314,-0.3252156863343304,1.6254465548679973,1.09451253072544,0.04405965749423846,-0.32414085347512117,0.04432447954918658,-0.7147849424976324,-2.0548988579383494,-0.7150813000498095,-1.4357853088100447,0.11072416694310817,-1.4340058062668644,0.8758755743617606,-0.20750471077941549,0.8764811564297869,1.1062022541453564
-0.22548315999877472,-0.5127797575784685,3.074882430400277,-0.6152155523078459,-0.5887911903435977,1.4003651276686913,1.2251590699708845,1.4007355759681843,-1.1486234117465028,0.5454145808563026,-1.1485743197964544,-0.38667649813599514,0.059653123851356335,-0.38847548468434234,0.5191508640471435,-0.6185058689799514,0.5197534248786793,-1.2002121433141226
0.12573683264767652,1.7498727599639314,-0.3252156863343304,-0.6152155523078459,-0.5887911903435977,0.6292769431326048,-0.27416343658976616,0.6288911132812365,-0.9663716347104474,-1.5048325535779423,-0.9667869244188292,1.1929930660277945,1.2342871149616486,1.1909426606849987,0.697513219204452,0.20349644742112044,0.6915112215514346,1.1062022541453564
0.5271311099579065,-0.6795015220289611,-0.3252156863343304,1.6254465548679973,1.8263837137989347,-0.0884423694427499,0.12565589849307401,-0.08882680924533598,0.9413290314386946,0.24537841484153503,0.9419807270462373,-0.7190277625861712,0.8257187702276338,-0.7177063093528812,1.1612553426134544,-0.6185058689799514,1.1671481969529112,-0.4314073441609629
-0.1502217330031066,1.7498727599639314,-0.3252156863343304,-0.6152155523078459,-0.5887911903435977,0.43604482051616317,-0.22418601970441113,0.4362006303103013,-0.635545039438478,-1.9548868026000936,-0.6358406405262292,-0.5508500143101783,0.26393729621836365,-0.5486418318203884,1.2326002846763777,-0.6185058689799514,1.2332088879808945,0.3373974549921968
0.27625968663901274,-0.5127797575784685,-0.3252156863343304,-0.6152155523078459,-0.5887911903435977,0.6458396964997285,0.5754526504612691,0.6462116061325569,0.17864496449433345,0.1953723871724071,0.17754142340699192,-0.7230319946879803,-0.14463104851565098,-0.7221553745511046,-0.30131596967647545,0.20349644742112044,-0.29939914386830857,1.1062022541453564
1.505529660901592,1.7498727599639314,-0.3252156863343304,-0.6152155523078459,-0.5887911903435977,0.7728208056476754,-0.27416343658976616,0.7728677101078337,-0.15218163077763597,-0.9047602215484072,-0.15107425285256162,-0.12840352756929185,0.6725056409523783,-0.13042970318737948,-1.335817629588865,-0.20750471077941549,-1.3299459239048417,1.1062022541453564
-1.9063216962353629,-0.6795015220289611,-0.3252156863343304,-0.6152155523078459,-0.5887911903435977,-0.01667043818521432,-0.5240505210165413,-0.016297245430433673,-1.1783383753936858,-1.4048204982396864,-1.1788722190260588,0.04978480096122438,-0.04248896233214733,0.051981969939783955,-0.6580406799910925,0.20349644742112044,-0.6561268754194162,0.3373974549921968
0.15082397497956587,-0.6795015220289611,-0.3252156863343304,-0.6152155523078459,-0.5887911903435977,-1.637979962233644,-0.5240505210165413,-1.6379283886352687,0.13506301781179875,0.4454025255180467,0.13559048601215537,-0.6229261921427465,-0.19570209160740282,-0.6242759401901877,-1.6568698688720207,0.20349644742112044,-1.6602493790447561,0.3373974549921968
-0.7272260066365622,-0.5127797575784685,-0.3252156863343304,1.6254465548679973,0.9481382941107411,-0.7656749515651361,0.6254300673466242,-0.7654085612500235,1.1770677430396796,-0.8547541938792792,1.177372097983931,-1.3036456494503363,0.9278608564111375,-1.304982915518383,-0.7293856220540164,-1.0295070271804874,-0.7353997046529958,0.3373974549921968
0.5271311099579065,1.7498727599639314,-0.3252156863343304,1.6254465548679973,1.0213254124180906,0.45628818574264746,-0.4240956872458312,0.4567687155712443,-1.2100343366173474,1.0454748575475818,-1.2091701182556633,0.0898271219793179,0.16179521003486,0.09202355672379536,-0.5866957379281693,0.20349644742112044,-0.5900661843914335,0.3373974549921968
-0.8275745759641198,-0.6795015220289611,-0.3252156863343304,-0.6152155523078459,-0.5887911903435977,1.0562279188184567,0.22561073226378406,1.0564907805481993,0.45202263004841636,0.24537841484153503,0.45255312410647636,-2.064449748794113,-1.063909824167184,-2.065773064414601,1.0542379295190691,-1.0295070271804874,1.0482389531025422,-0.4314073441609629
1.555703945565371,1.7498727599639314,-0.3252156863343304,-0.6152155523078459,-0.5887911903435977,-0.018510744114895134,-2.2232826951186118,-0.018462307036848626,0.2975048190830651,-1.054778304555791,0.2964024126923619,-0.9572795726438277,-0.8085546087084248,-0.9579558300569501,0.1267536827010648,-1.0295070271804874,0.12338927871078165,1.8750070532985164
0.6776539639492427,-0.5127797575784685,-0.3252156863343304,1.6254465548679973,2.338693541950381,-0.1565336888409249,-0.6240053547872513,-0.15702624984740837,-1.0891934844521372,0.4454025255180467,-1.0903091289702924,-0.07434639419486527,-0.3489152208826583,-0.07259185561047446,1.339617697770763,0.6144976056216563,1.3389059936256666,-0.4314073441609629
0.627479679285464,1.7498727599639314,-0.3252156863343304,-0.6152155523078459,-0.5887911903435977,-0.07924083979434791,0.9752719855441093,-0.07908403201646849,-2.0281863357031167,-1.4548265259088142,-2.027213397454977,0.027761524401273066,-0.3489152208826583,0.029736643948666156,0.1267536827010648,-1.4405081853810233,0.12338927871078165,-1.2002121433141226
-1.2540559956062391,-0.5127797575784685,-0.3252156863343304,-0.6152155523078459,-0.5887911903435977,0.014614762619352217,-0.6240053547872513,0.015096147862584123,-1.3071032178648117,0.09536033183415127,-1.3070556388436154,-0.5968986834809861,-0.14463104851565098,-0.5975815490008469,-0.08728114348770531,-0.6185058689799514,-0.08800493257876318,0.3373974549921968
-2.207367404218035,-0.5127797575784685,-0.3252156863343304,-0.6152155523078459,-0.5887911903435977,-2.232398777520412,1.0252494024294643,-2.232237799596186,1.218668692145735,-1.8048687195927098,1.2193230353787676,-0.8311462614368329,0.774647727135882,-0.833382004506692,0.5904958061100672,0.20349644742112044,0.585814115906662,-0.4314073441609629
0.828176817940579,-0.6795015220289611,-0.3252156863343304,-0.6152155523078459,-0.5887911903435977,0.4710106331800908,1.0752268193148193,0.47084161601294133,0.7887922180498226,2.7456797982979313,0.7881606232651696,-0.4287209352049932,0.3660793824018673,-0.4285170714683537,-1.8709046950607908,1.847501080223264,-1.8716435903343012,-0.4314073441609629
-0.9530102876235665,-0.5127797575784685,-0.3252156863343304,1.6254465548679973,1.8263837137989347,0.08270608201752669,0.5254752335759142,0.08221305766144885,2.217091470691081,-0.5547180278645117,2.2168231023226608,1.2710755920130765,-2.289614858369228,1.271025834253022,0.697513219204452,-0.20750471077941549,0.6915112215514346,-0.4314073441609629
-0.8526617182960091,-0.6795015220289611,-0.3252156863343304,-0.6152155523078459,-0.5887911903435977,-0.21910409045005796,-0.47407310413118625,-0.2187305056302359,-0.6533740176267878,-1.5548385812470702,-0.6544855015906011,-1.80617677822741,-1.4724781689011985,-1.807727282917638,-0.6580406799910925,3.0805045548248717,-0.6561268754194162,-0.4314073441609629
-0.37600601399011097,-0.5127797575784685,-0.3252156863343304,-0.6152155523078459,-0.5887911903435977,-0.2485489853249447,0.5754526504612691,-0.24904136812004604,1.0819798593686942,-0.9547662492175351,1.0818171850290255,0.5523159297382979,-0.14463104851565098,0.5502772721408152,-1.7282148109349438,1.0254987638221924,-1.726310070072739,-0.4314073441609629
0.5271311099579065,-0.5127797575784685,-0.3252156863343304,-0.6152155523078459,-0.5887911903435977,-0.20990256080165598,-0.22418601970441113,-0.2100702592045761,-2.240153076386355,-0.4547059725262559,-2.239298692062207,0.9347200954610908,-0.6553414794331693,0.9328968791880358,-0.6580406799910925,0.6144976056216563,-0.6561268754194162,-0.4314073441609629
-0.978097429955456,-0.6795015220289611,-0.3252156863343304,-0.6152155523078459,-0.5887911903435977,2.6020848997499906,0.22561073226378406,2.6023447675285096,1.2840416121695377,1.0954808852167097,1.2845800491040693,-0.40069131049232765,-1.4214071258094467,-0.4018226802790133,0.4478059219842203,-1.0295070271804874,0.4536927338506961,1.8750070532985164
0.7529153909449109,1.7498727599639314,-0.3252156863343304,-0.6152155523078459,-0.5887911903435977,-1.2662381644382037,-1.3236891911822215,-1.2666203231350959,-1.6854737549722738,-0.5047120001953838,-1.6846140753971448,-0.20047970540186008,0.7235766840441301,-0.2016147463589555,1.981722176337074,1.847501080223264,1.9863007656998986,-0.4314073441609629
-1.6303631305845796,-0.6795015220289611,-0.3252156863343304,1.6254465548679973,2.5582548968724295,-2.756885967479325,1.1252042362001744,-2.7572652391518235,-1.4180390821476276,0.8454507468710701,-1.418924805229846,2.51038542752307,0.26393729621836365,2.5123150245573775,-0.5866957379281693,0.6144976056216563,-0.5900661843914335,0.3373974549921968
0.050475405652008386,-0.5127797575784685,-0.3252156863343304,-0.6152155523078459,-0.5887911903435977,-0.092122981302111,2.524571908990115,-0.0920744016549586,-1.043630540193123,-2.204916940945733,-1.043696976309363,-0.6469515847536029,0.468221468585371,-0.6465212661813051,1.981722176337074,-0.6185058689799514,1.9863007656998986,3.4126166516048357
-0.7774002913003409,-0.5127797575784685,-0.3252156863343304,1.6254465548679973,1.6800094771842358,-0.9901922749861443,0.025701064722363966,-0.9905749683171837,-0.08482771317735462,0.09536033183415127,-0.08581723912725996,1.044836478260848,-1.2681939965341913,1.0441235091436232,0.01973626960668006,-0.20750471077941549,0.017692173066008943,-0.4314073441609629
0.627479679285464,-0.5127797575784685,-0.3252156863343304,1.6254465548679973,1.09451253072544,-1.2036677628290704,0.07567848160771899,-1.2038335365490611,-0.20566856534256497,0.1453663595032792,-0.20467822841263075,0.7985762039995732,0.5703635547688747,0.7994249232413313,0.840203103330299,1.0254987638221924,0.8368447418129968,1.1062022541453564
-0.20039601766688536,-0.5127797575784685,-0.3252156863343304,1.6254465548679973,1.7531965954915851,-1.15581980865738,0.9752719855441093,-1.156202181207931,0.628331414355035,-0.15466980651148834,0.6273486965849623,-1.4578085853699962,0.6214345978606265,-1.4562511322579816,0.2694435668269118,1.847501080223264,0.2687227989723444,-1.2002121433141226
0.6776539639492427,-0.5127797575784685,-0.3252156863343304,-0.6152155523078459,-0.5887911903435977,1.0709503662559001,1.2251590699708845,1.0705636809898962,0.9294430459798215,-0.35469391718800003,0.9303276888810047,0.16790964796460037,-1.6256912981764542,0.16765766509359478,1.3039452267393015,-0.20750471077941549,1.299269579008877,-0.4314073441609629
-1.2289688532743497,1.7498727599639314,-0.3252156863343304,1.6254465548679973,2.192319305335682,-0.191499501504852,-0.6240053547872513,-0.19166723555004841,0.4995665718839091,-0.15466980651148834,0.4991652767674058,-0.5708711748192251,-0.7064125225249211,-0.5708871578115058,-0.7293856220540164,-0.6185058689799514,-0.7353997046529958,-1.2002121433141226
0.050475405652008386,-0.6795015220289611,-0.3252156863343304,-0.6152155523078459,-0.5887911903435977,-0.34792550552768575,-0.47407310413118625,-0.34755167121192854,-0.8891127292277717,-0.9047602215484072,-0.8898768725282954,1.0768703350753233,0.16179521003486,1.0752669655311877,-0.622368208959631,-0.6185058689799514,-0.6164904608026267,-0.4314073441609629
0.35152111363468086,1.7498727599639314,-0.3252156863343304,1.6254465548679973,0.5822027025739938,-0.8540096361897949,0.4754978166905591,-0.8541760871130385,-0.296794453860593,0.5454145808563026,-0.29790253373449,-0.781093360164216,0.6725056409523783,-0.7799932221280104,-1.6568698688720207,-0.20750471077941549,-1.6602493790447561,0.3373974549921968
0.30134682897090215,-0.5127797575784685,-0.3252156863343304,-0.6152155523078459,-0.5887911903435977,-2.180870211489361,0.5254752335759142,-2.181358851845433,-2.147046190291848,-0.6047240555336396,-2.146074386740348,-0.06233369788943734,0.7235766840441301,-0.06369372521402686,1.2326002846763777,-0.6185058689799514,1.2332088879808945,2.643811852451676
-0.4010931563220003,-0.5127797575784685,-0.3252156863343304,-0.6152155523078459,-0.5887911903435977,1.0323039417326119,0.4255203998052041,1.0326751028776344,-0.8613787631570682,-0.3046878895188721,-0.8619095809317379,-0.24652837457266785,-0.04248896233214733,-0.2461053983411903,0.6261682771415289,-0.6185058689799514,0.625450530523452,-1.2002121433141226
-0.22548315999877472,-0.5127797575784685,-0.3252156863343304,-0.6152155523078459,-0.5887911903435977,0.031177515986475893,-0.1242311859337011,0.03133410991069647,-0.7167659400741111,-0.10466377884236042,-0.7174119076828559,-0.5908923353282718,0.5192925116771229,-0.5931324838026232,0.2337710957954502,-0.20750471077941549,0.22908638435555437,0.3373974549921968
1.229571095250809,-0.6795015220289611,-0.3252156863343304,1.6254465548679973,1.3872610039548379,0.5538244000157087,0.5754526504612691,0.5541964878599192,-0.9049607098396029,-1.004772276886663,-0.9038605183265744,1.0208110856499921,0.5703635547688747,1.0218781831525061,-1.086110332368633,0.6144976056216563,-1.0921274362041034,-1.2002121433141226
-0.37600601399011097,1.7498727599639314,-0.3252156863343304,-0.6152155523078459,-0.5887911903435977,-2.0060411481697233,1.2251590699708845,-2.0059888617258186,0.20439793298855885,0.6454266361945584,0.2055087150035499,-0.5188161574957036,0.3660793824018673,-0.5174983754328237,-3.654528246633876,-1.8515093435815593,-3.655282248089839,0.3373974549921968
-0.32583172932633225,-0.5127797575784685,-0.3252156863343304,-0.6152155523078459,-0.5887911903435977,0.6605621439371714,0.7253849011173342,0.6602845065742539,0.3074098069654594,-0.7547421385410233,0.30805545085759445,-0.5848859871755576,-1.7789044274517096,-0.5842343534061764,0.5548233350786057,-1.4405081853810233,0.5593898394954687,1.1062022541453564
0.5020439676260171,-0.6795015220289611,-0.3252156863343304,1.6254465548679973,1.899570832106284,1.2016120872632081,-0.27416343658976616,1.201549908178004,0.3212767900008117,-1.7048566642544538,0.3220390966558738,-1.7641323411584116,1.2853581580534004,-1.763236630935403,-0.979092919274248,1.4364999220227281,-0.9732181923537343,-1.2002121433141226
1.3800939492421451,-0.5127797575784685,-0.3252156863343304,-0.6152155523078459,-0.5887911903435977,-0.01667043818521432,-0.32414085347512117,-0.016297245430433673,-0.4414072769435495,-0.15466980651148834,-0.4424002069833715,-0.6269304242445563,-1.1660519103506877,-0.6287250053884111,-0.979092919274248,-0.6185058689799514,-0.9732181923537343,-0.4314073441609629
0.6776539639492427,-0.6795015220289611,-0.3252156863343304,-0.6152155523078459,-0.5887911903435977,-1.0030744164939072,-0.07425376904834607,-1.0035653379556735,0.0934620687057428,0.34539047017979085,0.09363954861731881,1.0788724511262278,0.5703635547688747,1.0797160307294111,3.087568778312386,-1.0295070271804874,3.0829082367644145,-1.2002121433141226
-0.7774002913003409,-0.5127797575784685,-0.3252156863343304,-0.6152155523078459,-0.5887911903435977,-0.49514997990211745,2.2247074076779847,-0.4947758604481485,-0.33839540296664894,0.09536033183415127,-0.33752286349628013,-0.9752986171019693,-1.2681939965341913,-0.975752090849844,0.09108121166960323,-1.0295070271804874,0.09696500229958847,-0.4314073441609629
1.3299196645783664,1.7498727599639314,-0.3252156863343304,-0.6152155523078459,-0.5887911903435977,-0.23566684381718164,-0.07425376904834607,-0.23605099848155592,-0.9069417074160816,-0.15466980651148834,-0.9061911259596208,-0.2225029819618114,-0.5531993932496656,-0.2238600723500733,-1.086110332368633,0.20349644742112044,-1.0921274362041034,-1.2002121433141226
0.10064969031578713,-0.5127797575784685,-0.3252156863343304,1.6254465548679973,1.6800094771842358,-1.2901621415240492,0.3755429829198491,-1.2904360008056612,0.9631200047799625,0.9454628022093259,0.9629561957436555,2.4162859731305506,0.059653123851356335,2.4144355901964603,-0.6937131510225542,-0.20750471077941549,-0.6957632900362056,1.8750070532985164
-0.2756574446625535,-0.6795015220289611,-0.3252156863343304,-0.6152155523078459,-0.5887911903435977,-0.7270285270418478,-0.17420860281905612,-0.7275199831377612,0.2618468627064459,0.09536033183415127,0.261443298196665,-1.6119715212896564,1.3364292011451522,-1.611968414195804,-1.121782803400095,-1.0295070271804874,-1.1185517126152964,-0.4314073441609629
-1.1035331416149028,1.7498727599639314,3.074882430400277,-0.6152155523078459,-0.5887911903435977,-1.1907856213213077,-1.7734859431504169,-1.190843166910571,-1.5527469173481903,-0.20467583418061627,-1.5517694403134954,0.8906735423411881,-1.2681939965341913,0.8928552924040243,-1.3714901006203266,-1.4405081853810233,-1.3695823385216315,-1.2002121433141226
1.1543096682551408,-0.5127797575784685,-0.3252156863343304,-0.6152155523078459,-0.5887911903435977,-0.9036978962911658,-0.8738924392140264,-0.9039725040605836,0.1469490032706718,2.195613493937524,0.14724352417738792,0.08181865777569908,-1.4214071258094467,0.08312542632734857,1.9103772342741503,-0.6185058689799514,1.9070279364663196,1.1062022541453564
0.37660825596657027,-0.6795015220289611,-0.3252156863343304,-0.6152155523078459,-0.5887911903435977,0.33482799438374133,-0.8239150223286714,0.33444273480879655,-0.6454500273208723,0.6454266361945584,-0.6451630710584154,0.7865635076941453,2.306779019888437,0.7860777276466603,0.6261682771415289,0.6144976056216563,0.625450530523452,-0.4314073441609629
0.10064969031578713,-0.6795015220289611,-0.3252156863343304,-0.6152155523078459,-0.5887911903435977,0.9734141519828388,-0.22418601970441113,0.9731359087012215,1.0443409054155957,0.8454507468710701,1.0445274629002819,-0.9312520639820667,0.059653123851356335,-0.9312614388676093,0.09108121166960323,1.847501080223264,0.09696500229958847,-0.4314073441609629
0.5020439676260171,-0.6795015220289611,-0.3252156863343304,1.6254465548679973,2.6314420151797786,-1.1723825620245036,-0.7739376054433164,-1.1724401432560436,-1.0020295910870671,0.9954688298784539,-1.0017460389145265,0.9267116312574726,-0.09356000542389915,0.9284478139898124,0.6261682771415289,-1.0295070271804874,0.625450530523452,-0.4314073441609629
-0.1502217330031066,-0.5127797575784685,3.074882430400277,-0.6152155523078459,-0.5887911903435977,-0.2614311268327073,-0.8239150223286714,-0.26094920695532847,1.6941081105006615,0.5954206085254304,1.694766992520249,-0.032301957125867205,-0.5531993932496656,-0.03255026882646305,0.4478059219842203,-1.0295070271804874,0.4536927338506961,-0.4314073441609629
0.3264339713027915,-0.5127797575784685,-0.3252156863343304,1.6254465548679973,1.7531965954915851,-1.0030744164939072,-1.0738021067554464,-1.0035653379556735,-0.4532932624024225,0.24537841484153503,-0.45405324514860407,0.6384069199271991,-0.5531993932496656,0.6392585761052857,0.9472205164246843,-0.6185058689799514,0.9425418474577696,-0.4314073441609629
-1.4045788495975753,1.7498727599639314,-0.3252156863343304,-0.6152155523078459,-0.5887911903435977,-0.44178110794138636,0.4754978166905591,-0.4417318510909812,1.1810297381926371,0.1453663595032792,1.182033313250024,-0.16644373253648082,-0.09356000542389915,-0.16602222477316747,0.2694435668269118,-1.4405081853810233,0.2687227989723444,-0.4314073441609629
0.5020439676260171,-0.6795015220289611,-0.3252156863343304,1.6254465548679973,1.9727579504136337,-2.042847266763331,-0.27416343658976616,-2.042794909034874,0.16873997661193915,-1.5548385812470702,0.1682189928748062,-0.06233369788943734,-2.953538418562002,-0.06369372521402686,0.4121334509527587,-0.20750471077941549,0.4140563192339066,-0.4314073441609629
-0.04987316367554911,1.7498727599639314,-0.3252156863343304,-0.6152155523078459,-0.5887911903435977,1.080151895904302,-0.22418601970441113,1.0803064582187643,0.9076520726385542,1.4955291065697331,0.9070216125505396,-0.042312537380390584,0.8767898133193857,-0.041448399222909854,0.7688581612673758,-0.20750471077941549,0.7707840507850142,1.1062022541453564
-0.22548315999877472,-0.5127797575784685,3.074882430400277,1.6254465548679973,2.704629133487128,1.8659625278778318,-0.6240053547872513,1.866223821347409,-0.05313175195369296,0.1453663595032792,-0.053188732264609954,-2.126515346372158,-1.2171229534424395,-2.1280599771897295,-0.979092919274248,-0.6185058689799514,-0.9732181923537343,-1.2002121433141226
0.10064969031578713,-0.6795015220289611,-0.3252156863343304,-0.6152155523078459,-0.5887911903435977,1.6782513230504303,-0.1242311859337011,1.6778634615893038,0.5055095646133454,0.49540855318717464,0.5061570996665454,-0.4347272833577069,-2.034259642910469,-0.43296613666657713,-0.5153507958652456,0.20349644742112044,-0.510793355157854,-1.2002121433141226
0.8783511026043578,-0.5127797575784685,-0.3252156863343304,1.6254465548679973,1.1676996490327896,-0.09396328723179129,-1.2237343574115116,-0.09423946326137356,-0.47706523332016915,0.6954326638636863,-0.47735932147906873,0.2780260307643575,-0.451057307066162,0.2788842950491822,-0.5153507958652456,0.20349644742112044,-0.510793355157854,0.3373974549921968
1.0037868142638047,-0.5127797575784685,-0.3252156863343304,-0.6152155523078459,-0.5887911903435977,0.23361116825131953,0.5254752335759142,0.23376737011049908,-0.8673217558865044,-0.6547300832027676,-0.8665707961978307,-0.4947907648848472,-0.9106966948919285,-0.49525304944170634,0.2694435668269118,0.6144976056216563,0.2687227989723444,-1.2002121433141226
-0.17530887533499598,-0.5127797575784685,-0.3252156863343304,-0.6152155523078459,-0.5887911903435977,0.4857330806175337,-2.573124613316097,0.4859970472578464,0.47381360338968376,0.7454386915328143,0.47352859280389464,1.124921120297035,-1.319265039625943,1.1242066827116468,0.982892987456146,-1.4405081853810233,0.982178262074559,-0.4314073441609629
0.8532639602724683,-0.5127797575784685,-0.3252156863343304,-0.6152155523078459,-0.5887911903435977,0.27777851056364916,-0.17420860281905612,0.2781511330420062,0.6857803440729221,0.895456774540198,0.6856138874111243,-0.5228203895975128,1.3364292011451522,-0.5219474406310476,0.2694435668269118,-0.6185058689799514,0.2687227989723444,-0.4314073441609629
-0.2756574446625535,-0.5127797575784685,-0.3252156863343304,-0.6152155523078459,-0.5887911903435977,-1.4300253921797592,0.8753171517733993,-1.4300824744194287,-1.7310366992312876,1.6955532172462449,-1.7312262280580741,-0.23851991036904902,0.26393729621836365,-0.2372072679447435,0.4121334509527587,-0.6185058689799514,0.4140563192339066,0.3373974549921968
-0.651964579640894,-0.5127797575784685,-0.3252156863343304,1.6254465548679973,2.2655064236430316,0.34034891217278224,0.3255655660344941,0.33985538882483374,1.5792102510648873,1.595541161907989,1.5782366108679253,-1.4197683804028076,-1.370336082717695,-1.4206586106721937,0.3764609799212971,1.0254987638221924,0.37441990461711655,-0.4314073441609629
-0.9530102876235665,-0.6795015220289611,-0.3252156863343304,-0.6152155523078459,-0.5887911903435977,0.5887902126796358,0.3255655660344941,0.5888374735625592,1.4068634619112268,-1.1547903598940468,1.4057716460224863,0.055791149113938635,0.41715042549361914,0.05643103513800736,-1.0147653903057097,1.0254987638221924,-1.0128546069705238,-1.2002121433141226
-0.17530887533499598,-0.6795015220289611,-0.3252156863343304,-0.6152155523078459,-0.5887911903435977,-0.8006407642290637,0.6754074842319793,-0.8011320777558713,-0.7048799546152381,0.895456774540198,-0.7057588695176238,-1.2535927481777194,-1.4724781689011985,-1.251594133139701,-0.2299710276135523,0.20349644742112044,-0.23333845284032595,-1.2002121433141226
-0.9279231452916772,-0.5127797575784685,-0.3252156863343304,-0.6152155523078459,-0.5887911903435977,0.26673667498556636,2.324662241448695,0.26624329420672377,-0.5404571557674924,-0.6547300832027676,-0.5402857275713235,1.365175046405596,0.7235766840441301,1.3644562034157153,-1.6925423399034822,-1.0295070271804874,-1.6866736554559492,0.3373974549921968
1.3800939492421451,-0.6795015220289611,-0.3252156863343304,-0.6152155523078459,-0.5887911903435977,-0.5374770162847669,0.2755881491491391,-0.536994561773241,-0.9465616589456588,0.5954206085254304,-0.945811455721411,0.3080577715279277,-0.7064125225249211,0.3100277514367468,-2.405991760532716,-0.6185058689799514,-2.4001291185581644,-0.4314073441609629
-1.0282717146192346,-0.5127797575784685,-0.3252156863343304,-0.6152155523078459,-0.5887911903435977,-1.4999570175076142,-0.6240053547872513,-1.500446976627916,-0.3998063278374935,-1.5548385812470702,-0.40044926958853494,0.4622207074475875,-1.5746202550847024,0.4612959681763456,-0.33698844070793704,-1.0295070271804874,-0.33903555848509864,0.3373974549921968
0.6525668216173534,-0.5127797575784685,-0.3252156863343304,1.6254465548679973,1.4604481222621875,1.0286233298732508,1.1751816530855295,1.0283449796648036,0.7154953077201051,0.6454266361945584,0.7159117866407282,0.8145931324068102,1.387500244236904,0.8127721188360015,-0.9077479772113245,-1.0295070271804874,-0.9071575013257511,-0.4314073441609629
0.37660825596657027,-0.5127797575784685,3.074882430400277,-0.6152155523078459,-0.5887911903435977,0.6568815320778107,0.17563331537842902,0.6570369141646313,0.08157608324686975,-1.054778304555791,0.08198651045208626,1.5613824193942545,0.468221468585371,1.5602150721375487,0.840203103330299,0.20349644742112044,0.8368447418129968,1.1062022541453564
-0.47635458331766845,-0.6795015220289611,-0.3252156863343304,-0.6152155523078459,-0.5887911903435977,-0.9938728868455051,-0.22418601970441113,-0.993822560726806,0.1370440153882775,1.8455713002536285,0.1379210936452014,-0.3486362931688062,0.16179521003486,-0.3484338979003309,0.9472205164246843,-1.0295070271804874,0.9425418474577696,-0.4314073441609629
0.6525668216173534,-0.5127797575784685,-0.3252156863343304,1.6254465548679973,1.3872610039548379,-0.7288688329715282,-2.073350444462547,-0.7286025139409685,0.4500416324719376,0.5454145808563026,0.45022251647342953,1.1489465129078908,-1.370336082717695,1.150901073900987,-2.2989743474383313,2.2585022384238003,-2.2944320129133917,-0.4314073441609629
-1.780885984575916,-0.6795015220289611,-0.3252156863343304,-0.6152155523078459,-0.5887911903435977,-0.774876481213538,0.3755429829198491,-0.775151338478891,-0.7662908794860827,-1.004772276886663,-0.7663546679768322,-0.2565389548271912,1.3364292011451522,-0.2550035287376379,-1.5855249268090972,2.2585022384238003,-1.5809765498111765,1.1062022541453564
1.104135383591362,-0.6795015220289611,-0.3252156863343304,1.6254465548679973,1.6800094771842358,0.667923367655893,-0.32414085347512117,0.6678622221967064,0.48371859127207806,1.1454869128858376,0.4828510233360804,0.6844555890980063,0.468221468585371,0.6837492280875205,0.1624261537325264,-1.4405081853810233,0.16302569332757172,0.3373974549921968
0.8532639602724683,-0.5127797575784685,-0.3252156863343304,-0.6152155523078459,-0.5887911903435977,1.5475896020431228,-1.7235085262650618,1.5479597652044041,1.0027399563095398,0.7954447192019422,1.0025765255054453,-0.008276564515011324,0.6214345978606265,-0.01030494283534525,-0.6580406799910925,-1.0295070271804874,-0.6561268754194162,2.643811852451676
-0.9279231452916772,-0.6795015220289611,-0.3252156863343304,-0.6152155523078459,-0.5887911903435977,1.5126237893791947,0.6254300673466242,1.512236248698557,-1.0416495426166443,-0.054657751173232495,-1.0413663686763166,-1.1074382764616784,-1.319265039625943,-1.1092240467965488,1.26827275570784,-0.20750471077941549,1.272845302597684,-1.2002121433141226
0.9786996719319152,-0.5127797575784685,-0.3252156863343304,-0.6152155523078459,-0.5887911903435977,-1.0012341105642268,-0.8239150223286714,-1.0014002763492584,-0.6553550152032666,1.0454748575475818,-0.6544855015906011,1.203003646282318,-0.2978441777909065,1.2042898562796696,-0.6580406799910925,-0.20750471077941549,-0.6561268754194162,-0.4314073441609629
1.1543096682551408,-0.6795015220289611,-0.3252156863343304,-0.6152155523078459,-0.5887911903435977,0.4710106331800908,-0.27416343658976616,0.47084161601294133,-0.6731839933915764,1.3955170512314772,-0.673130362654973,0.8025804361013823,-0.8085546087084248,0.8038739884395547,-0.872075506179863,-0.20750471077941549,-0.8675210867089616,-0.4314073441609629
-1.5049274189251327,-0.6795015220289611,-0.3252156863343304,1.6254465548679973,1.0213254124180906,0.6274366372029245,0.07567848160771899,0.6278085824780292,-1.1664523899348123,-0.7047361108718955,-1.1672191808608263,-1.1675017579888187,1.1832160718698967,-1.1670618943734543,-1.086110332368633,-0.6185058689799514,-1.0921274362041034,-1.2002121433141226
0.47695682529412775,1.7498727599639314,-0.3252156863343304,-0.6152155523078459,-0.5887911903435977,-0.8264050472445889,-0.32414085347512117,-0.8260302862296434,0.0677091002115174,0.2953844425106629,0.06800286465380767,0.7585338829814797,0.468221468585371,0.7593833364573199,-1.2644726875259416,1.4364999220227281,-1.2638852328768586,-0.4314073441609629
-1.5049274189251327,-0.6795015220289611,-0.3252156863343304,1.6254465548679973,2.1191321870283324,1.1059161789198277,0.4754978166905591,1.1062871974957444,0.4203266688247547,0.7454386915328143,0.4199246172438255,-0.22850933011452565,0.008582080759604505,-0.22830913754829668,-1.0504378613371714,-1.4405081853810233,-1.0524910215873136,0.3373974549921968
-0.7272260066365622,-0.5127797575784685,-0.3252156863343304,-0.6152155523078459,-0.5887911903435977,-0.7325494448308888,0.8253397348880442,-0.7329326371537984,0.45400362762489516,-0.20467583418061627,0.4548837317395232,0.806584668203192,-0.3489152208826583,0.8083230536377781,0.8758755743617606,-0.20750471077941549,0.8764811564297869,0.3373974549921968
-0.8024874336322303,-0.5127797575784685,-0.3252156863343304,-0.6152155523078459,-0.5887911903435977,0.06798363458008383,-0.7739376054433164,0.06814015721975146,0.7313432883319355,-0.004651723504104576,0.7322260400720536,0.5503138136873933,-0.2978441777909065,0.5502772721408152,-0.4440058538023224,0.20349644742112044,-0.4447326641298708,1.1062022541453564
-2.056844550226699,1.7498727599639314,-0.3252156863343304,1.6254465548679973,1.899570832106284,-0.4252183545742627,-0.17420860281905612,-0.42549388904286845,0.4658896130837682,-0.15466980651148834,0.46653676990475496,1.2090099944350312,1.7960685889709187,1.208738921477893,0.3764609799212971,-1.4405081853810233,0.37441990461711655,-0.4314073441609629
0.6525668216173534,1.7498727599639314,-0.3252156863343304,-0.6152155523078459,-0.5887911903435977,-1.540443747960583,0.8253397348880442,-1.5405006163465935,-0.4691412430142536,-1.604844608916198,-0.4680368909468826,-0.7670785478078835,1.387500244236904,-0.7666460265333398,-0.1942985565820907,-0.20750471077941549,-0.19370203822353588,1.1062022541453564
2.78497391982795,-0.5127797575784685,-0.3252156863343304,-0.6152155523078459,-0.5887911903435977,-0.9883519690564639,-0.22418601970441113,-0.9884099067107683,-1.1169274505228406,-1.004772276886663,-1.115945812933804,2.047896619764091,0.11072416694310817,2.0496122439421343,-0.9434204482427865,-0.6185058689799514,-0.9467939159425411,-0.4314073441609629
0.025388263320119012,-0.5127797575784685,-0.3252156863343304,1.6254465548679973,1.6800094771842358,-1.0012341105642268,-0.4240956872458312,-1.0014002763492584,-1.1783383753936858,0.3953964978489188,-1.1788722190260588,-0.6469515847536029,-1.6256912981764542,-0.6465212661813051,-1.4071625716517886,-1.0295070271804874,-1.409218753138421,1.1062022541453564
-0.07496030600743848,-0.6795015220289611,-0.3252156863343304,-0.6152155523078459,-0.5887911903435977,-0.2706326564811093,1.4250687375123046,-0.27069198418419593,0.03799413656433449,0.6454266361945584,0.03770496542420285,-0.5648648266665108,-0.2978441777909065,-0.5664380926132824,0.8045306322988374,1.0254987638221924,0.8104204654018037,-0.4314073441609629
-0.04987316367554911,-0.6795015220289611,-0.3252156863343304,1.6254465548679973,1.4604481222621875,0.38635656041479216,-0.6240053547872513,0.3864042133627562,1.2582886436753122,0.7954447192019422,1.2589433651405582,-0.5568563624628926,0.11072416694310817,-0.5575399622168355,-0.40833338277086084,0.20349644742112044,-0.4050962495130813,-0.4314073441609629
0.050475405652008386,1.7498727599639314,-0.3252156863343304,-0.6152155523078459,-0.5887911903435977,-0.24118776160622304,-0.8239150223286714,-0.2414636524975935,-0.16406761623650903,-0.4547059725262559,-0.16505789865084022,-0.6529579329063167,0.774647727135882,-0.650970331379529,-0.9077479772113245,0.6144976056216563,-0.9071575013257511,-0.4314073441609629
-1.8310602692396947,-0.5127797575784685,-0.3252156863343304,-0.6152155523078459,-0.5887911903435977,-0.2117428667313368,-0.6739827716726063,-0.21223532081099106,-0.7722338722155194,-0.40469994485712796,-0.7733464908759715,-0.16243950043467112,0.6214345978606265,-0.1615731595749441,-0.05160867245624374,-0.6185058689799514,-0.04836851796197371,1.1062022541453564
-2.3578902582093715,-0.5127797575784685,-0.3252156863343304,-0.6152155523078459,-0.5887911903435977,0.4967749161956159,-0.6739827716726063,0.4968223552899216,1.5930772341002404,-0.8547541938792792,1.5922202566662047,-0.8411568416913563,-1.1660519103506877,-0.8422801349031392,0.2694435668269118,0.20349644742112044,0.2687227989723444,1.1062022541453564
2.709712492832282,1.7498727599639314,-0.3252156863343304,-0.6152155523078459,-0.5887911903435977,1.3874829861609281,1.1751816530855295,1.3877452063296938,0.5926734579784153,0.49540855318717464,0.5923895820892654,0.3501022085969257,-1.5746202550847024,0.3500693382207582,-0.622368208959631,0.20349644742112044,-0.6164904608026267,1.1062022541453564
-0.25057030233066413,1.7498727599639314,-0.3252156863343304,-0.6152155523078459,-0.5887911903435977,-1.2864815296646883,-0.024276352162991052,-1.286105877592831,-0.21953554837791733,0.1953723871724071,-0.21866187421090932,0.12386309484469715,-0.757483565616673,0.12316701311135997,0.3051160378583733,-0.6185058689799514,0.3083592135891339,-0.4314073441609629
0.7027411062811321,-0.5127797575784685,-0.3252156863343304,-0.6152155523078459,-0.5887911903435977,-0.5466785459331688,-0.1242311859337011,-0.5467373390021085,0.628331414355035,0.04535430416502335,0.6273486965849623,1.2150163425877454,1.1832160718698967,1.2131879866761164,0.8045306322988374,0.6144976056216563,0.8104204654018037,-0.4314073441609629
-0.12513459067121724,-0.6795015220289611,-0.3252156863343304,1.6254465548679973,1.5336352405695368,-0.5466785459331688,-0.47407310413118625,-0.5467373390021085,-0.8177968164745328,-1.2548024152323025,-0.8176280359038545,0.5523159297382979,-2.289614858369228,0.5502772721408152,-0.622368208959631,-0.6185058689799514,-0.6164904608026267,-0.4314073441609629
0.35152111363468086,-0.5127797575784685,-0.3252156863343304,-0.6152155523078459,-0.5887911903435977,-0.743591280408971,-0.5740279379018963,-0.7437579451858736,-0.16604861381298777,-0.2546818618497442,-0.16505789865084022,-0.991315545509207,-1.2681939965341913,-0.9890992864445146,-0.33698844070793704,-0.6185058689799514,-0.33903555848509864,4.181421450757996
-0.024786021343659734,-0.5127797575784685,-0.3252156863343304,1.6254465548679973,1.3140738856474885,-0.4785872265349943,0.7253849011173342,-0.47853789840003613,-1.2456922929939667,2.2956255492757798,-1.2464598403844065,0.2600069863062153,0.21286625312661184,0.2610880342562878,2.0173946473685356,0.20349644742112044,2.0127250421110925,-0.4314073441609629
1.505529660901592,-0.5127797575784685,3.074882430400277,-0.6152155523078459,-0.5887911903435977,-0.4344198842226647,0.6754074842319793,-0.43415413546852866,-0.403768322990451,-1.8548747472618377,-0.4027798772215814,-0.4187103549504698,0.774647727135882,-0.41961894107190695,0.3051160378583733,1.847501080223264,0.3083592135891339,0.3373974549921968
1.9570982228756009,1.7498727599639314,-0.3252156863343304,-0.6152155523078459,-0.5887911903435977,-1.1705422560948233,0.025701064722363966,-1.1702750816496288,0.022146155952503948,-0.054657751173232495,0.021390711992877436,-0.3726616857796621,0.16179521003486,-0.3706792238914487,0.4834783930156819,0.20349644742112044,0.48011701026188924,-1.2002121433141226
1.4051810915740346,1.7498727599639314,-0.3252156863343304,-0.6152155523078459,-0.5887911903435977,0.09926883538465037,-0.4240956872458312,0.09953355051276887,0.24401788451813605,-0.7547421385410233,0.24512904476533962,-0.08836120655119835,-0.757483565616673,-0.09038811640336807,-0.622368208959631,0.20349644742112044,-0.6164904608026267,0.3373974549921968
0.8532639602724683,1.7498727599639314,-0.3252156863343304,-0.6152155523078459,-0.5887911903435977,-0.6552565957843123,0.7253849011173342,-0.6549904193228585,0.9730249926623569,-1.604844608916198,0.9722786262758413,0.21796254923721725,-0.9106966948919285,0.21659738227405298,1.196927813644916,-0.6185058689799514,1.1935724733641044,-0.4314073441609629
-1.3544045649337966,-0.6795015220289611,-0.3252156863343304,1.6254465548679973,1.4604481222621875,-0.7067851618153631,-0.32414085347512117,-0.7069518978768186,-0.647431024897351,0.3953964978489188,-0.6474936786914618,-1.7421090645984603,-0.8085546087084248,-1.7409913049442853,-0.872075506179863,-1.0295070271804874,-0.8675210867089616,-0.4314073441609629
-0.024786021343659734,1.7498727599639314,-0.3252156863343304,-0.6152155523078459,-0.5887911903435977,-1.174222867954184,-0.6739827716726063,-1.1746052048624587,-1.7706566507608648,-2.204916940945733,-1.7708465578198642,-0.6069092637355095,-1.1660519103506877,-0.6064796793972937,-1.121782803400095,-0.20750471077941549,-1.1185517126152964,-0.4314073441609629
-0.8777488606278985,-0.5127797575784685,-0.3252156863343304,1.6254465548679973,1.5336352405695368,0.9145243622330663,0.17563331537842902,0.9146792453280165,1.1235808084747496,-0.8047481662101513,1.123768122423862,0.6203878754690569,0.9789318995028893,0.6214623153123913,-0.8007305641169394,-1.4405081853810233,-0.8014603956809784,0.3373974549921968
0.9285253872681365,-0.6795015220289611,-0.3252156863343304,-0.6152155523078459,-0.5887911903435977,1.1427222975134357,-0.3741182703604762,1.143093244804799,-0.5979060854853795,-0.8547541938792792,-0.5985509183974855,1.8977379159462402,0.21286625312661184,1.8983440272025345,0.5548233350786057,1.0254987638221924,0.5593898394954687,1.1062022541453564
-0.5265288679814473,-0.5127797575784685,-0.3252156863343304,-0.6152155523078459,-0.5887911903435977,0.369793807047669,1.8748654894804997,0.37016625131464387,-0.6652600030856609,-0.4547059725262559,-0.6661385397558337,1.4272406439836414,-0.2978441777909065,1.4267431161908444,-1.6925423399034822,-0.20750471077941549,-1.6866736554559492,-0.4314073441609629
1.4804425185697028,-0.6795015220289611,-0.3252156863343304,-0.6152155523078459,-0.5887911903435977,-1.7852044366080757,0.7753623180026893,-1.7851525778714887,-0.12048566955397433,-0.2546818618497442,-0.12077635362295765,-0.8311462614368329,-2.3406859014609798,-0.833382004506692,0.2337710957954502,1.847501080223264,0.22908638435555437,-1.2002121433141226
-1.1286202839467923,-0.5127797575784685,-0.3252156863343304,-0.6152155523078459,-0.5887911903435977,0.8519539606239327,0.5754526504612691,0.8518924587419817,0.9472720241681314,0.895456774540198,0.9466419423123301,-1.201537730854198,2.1535658906131814,-1.2026544159592423,-1.193127745463018,2.6695033966243362,-1.1978245418488758,-0.4314073441609629
0.3264339713027915,-0.5127797575784685,-0.3252156863343304,-0.6152155523078459,-0.5887911903435977,0.14895709548602137,0.4255203998052041,0.14932996746031396,-0.9128847001455184,-0.15466980651148834,-0.9131829488587602,0.26801545050983416,0.11072416694310817,0.2699861646527354,-0.05160867245624374,-0.6185058689799514,-0.04836851796197371,0.3373974549921968
-0.17530887533499598,-0.6795015220289611,-0.3252156863343304,-0.6152155523078459,-0.5887911903435977,-1.1226943019231328,-0.5240505210165413,-1.1226437263084985,0.087519075976306,-2.154910913276605,0.08664772571817911,-0.5668669427174159,0.008582080759604505,-0.5664380926132824,0.05540874063814164,0.6144976056216563,0.057328587682799005,1.1062022541453564
-0.2756574446625535,-0.5127797575784685,-0.3252156863343304,-0.6152155523078459,-0.5887911903435977,-0.6294923127687866,-0.4240956872458312,-0.6290096800458788,0.3371247706126423,0.6954326638636863,0.3360227424541524,-1.0734023035962985,1.1832160718698967,-1.0736315252107609,0.2337710957954502,-1.0295070271804874,0.22908638435555437,1.1062022541453564
0.7780025332768002,-0.5127797575784685,-0.3252156863343304,1.6254465548679973,1.240886767340139,-1.2239111280555548,-0.22418601970441113,-1.2244016218100038,1.371205505534607,0.34539047017979085,1.3708125315267894,0.5723370902473446,-0.6553414794331693,0.5725225981319331,-1.121782803400095,1.0254987638221924,-1.1185517126152964,0.3373974549921968
0.627479679285464,-0.5127797575784685,3.074882430400277,-0.6152155523078459,-0.5887911903435977,1.1040758729901468,-0.6739827716726063,1.104122135889329,1.6049632195591128,-0.40469994485712796,1.6038732948314371,-0.34062782896518734,0.6725056409523783,-0.3395357675038841,0.4121334509527587,-1.4405081853810233,0.4140563192339066,-0.4314073441609629
-1.0282717146192346,-0.5127797575784685,-0.3252156863343304,-0.6152155523078459,-0.5887911903435977,0.5170182814221007,0.4255203998052041,0.5173904405508638,-1.5289749464304438,0.5954206085254304,-1.5284633639830307,1.8236596220627674,0.774647727135882,1.8227099188327351,-1.6211973978405587,1.847501080223264,-1.6206129644279663,-1.2002121433141226
0.12573683264767652,-0.5127797575784685,-0.3252156863343304,-0.6152155523078459,-0.5887911903435977,1.021262106154529,1.0252494024294643,1.0207672640423513,0.3945737003305293,-0.6547300832027676,0.39428793328031436,0.7164894459124816,-0.451057307066162,0.714892684475085,0.5548233350786057,-0.20750471077941549,0.5593898394954687,-0.4314073441609629
-1.2791431379381284,-0.6795015220289611,-0.3252156863343304,-0.6152155523078459,-0.5887911903435977,-0.46018416723819033,0.07567848160771899,-0.46013487474550846,1.9278658245251672,0.3953964978489188,1.927827755824897,0.1939371566263608,-0.24677313469915466,0.19435205628293598,0.3051160378583733,-0.6185058689799514,0.3083592135891339,-1.2002121433141226
-0.25057030233066413,-0.5127797575784685,-0.3252156863343304,-0.6152155523078459,-0.5887911903435977,-0.8448081065413928,-1.9733956106918369,-0.8444333098841711,-0.8296828019334059,-0.20467583418061627,-0.829281074069087,-0.21849874986000226,-0.39998626397441017,-0.21941100715184989,0.09108121166960323,-1.0295070271804874,0.09696500229958847,-0.4314073441609629
2.2832310731901626,-0.5127797575784685,-0.3252156863343304,1.6254465548679973,2.0459450687209833,-0.4325795782929844,-1.1737569405261565,-0.43307160466532096,0.29354282393010755,1.2955049958932214,0.29407180505931585,1.573395115699683,-0.8596256518001767,1.5735622677322199,-0.12295361451916689,0.6144976056216563,-0.12764134719555323,0.3373974549921968
-1.5801888459208009,-0.5127797575784685,-0.3252156863343304,-0.6152155523078459,-0.5887911903435977,-1.1484585849386586,0.6754074842319793,-1.1486244655854785,0.15883498872954485,0.24537841484153503,0.15889656234261965,0.0577932651648432,-0.09356000542389915,0.05643103513800736,1.48230758189661,-1.0295070271804874,1.4842395138872293,0.3373974549921968
-0.978097429955456,-0.5127797575784685,-0.3252156863343304,-0.6152155523078459,-0.5887911903435977,-1.0858881833295249,-1.5235988587236418,-1.0858376789994437,2.110117601561222,-1.2047963875631746,2.1096151512025227,0.04978480096122438,-0.04248896233214733,0.051981969939783955,1.0185654584876076,0.6144976056216563,1.0218146766913492,1.8750070532985164
0.07556254798389776,1.7498727599639314,-0.3252156863343304,-0.6152155523078459,-0.5887911903435977,-1.518360076804418,-0.6240053547872513,-1.5188500002824437,-0.8930747243807298,-0.7547421385410233,-0.8922074801613419,1.2230248067913647,0.26393729621836365,1.2220861170725632,0.7688581612673758,0.20349644742112044,0.7707840507850142,-1.2002121433141226
-0.576703152645226,-0.5127797575784685,-0.3252156863343304,1.6254465548679973,1.240886767340139,0.32562646473533935,-1.3736666080675766,0.3257824883831367,1.8823028802661532,0.6454266361945584,1.8812156031639677,0.22396889738993095,-1.370336082717695,0.2254955126704998,1.0542379295190691,-1.0295070271804874,1.0482389531025422,-1.2002121433141226
-0.12513459067121724,1.7498727599639314,-0.3252156863343304,-0.6152155523078459,-0.5887911903435977,-0.00378829667745175,1.2251590699708845,-0.0033068757919435636,-0.7603478867566458,1.9455833555918844,-0.7593628450776925,1.2810861722676,1.6939265027874149,1.279923964649469,-1.3001451585574035,-1.0295070271804874,-1.3035216474936484,-0.4314073441609629
0.20099825964334464,1.7498727599639314,3.074882430400277,-0.6152155523078459,-0.5887911903435977,0.5409422585079455,2.024797740136565,0.5412061182214287,0.08553807839982724,-0.35469391718800003,0.08664772571817911,-1.6239842175950843,0.5703635547688747,-1.6253156097904746,-0.872075506179863,-0.6185058689799514,-0.8675210867089616,0.3373974549921968
-1.5049274189251327,-0.6795015220289611,-0.3252156863343304,-0.6152155523078459,-0.5887911903435977,0.4268432908677612,-0.17420860281905612,0.42645785308143425,-0.9287326807573489,0.1953723871724071,-0.9294972022900856,-1.7421090645984603,-0.39998626397441017,-1.7409913049442853,-0.4440058538023224,-0.6185058689799514,-0.4447326641298708,1.1062022541453564
-0.8777488606278985,1.7498727599639314,-0.3252156863343304,-0.6152155523078459,-0.5887911903435977,1.409566657317093,1.7249332388244347,1.409395822393844,-0.4057493205669303,0.2953844425106629,-0.4051104848546278,-0.26454741903080947,1.7960685889709187,-0.2639016591340847,-1.4428350426832501,1.0254987638221924,-1.4488551677552108,0.3373974549921968
-1.5049274189251327,-0.5127797575784685,-0.3252156863343304,1.6254465548679973,1.6068223588768862,0.22072902674355643,0.4255203998052041,0.22077700047200938,-0.15218163077763597,-0.7047361108718955,-0.15107425285256162,-1.0233494023236815,-0.3489152208826583,-1.0246918080303027,0.3051160378583733,-0.20750471077941549,0.3083592135891339,-0.4314073441609629
1.4051810915740346,-0.5127797575784685,-0.3252156863343304,-0.6152155523078459,-0.5887911903435977,0.2998621817198137,-1.3236891911822215,0.29980174910615653,0.2519418748240516,-0.20467583418061627,0.25212086766447933,-0.07434639419486527,-0.9617677379836803,-0.07259185561047446,-0.8364030351484011,0.6144976056216563,-0.8410968102977684,-0.4314073441609629
0.47695682529412775,-0.5127797575784685,-0.3252156863343304,-0.6152155523078459,-0.5887911903435977,0.11031067096273264,1.6249784050537246,0.11035885854484402,0.6818183489199641,2.4456436322831636,0.6809526721450314,1.1189147721443207,-1.1149808672589359,1.1197576175134225,2.374119357683152,0.6144976056216563,2.3694527736621995,-1.2002121433141226
0.00030112098822963846,1.7498727599639314,-0.3252156863343304,1.6254465548679973,0.0698928744225475,-0.3608076470354488,0.7753623180026893,-0.36054204085041863,0.18458795722377025,1.0454748575475818,0.18453324630613163,-1.2295673555668634,-1.7789044274517096,-1.2293488071485834,0.1980986247639886,1.847501080223264,0.20266210794436118,-1.2002121433141226
2.910409631487397,-0.6795015220289611,-0.3252156863343304,-0.6152155523078459,-0.5887911903435977,-0.060837780497543945,0.7253849011173342,-0.06068100836194119,-0.8296828019334059,1.3955170512314772,-0.829281074069087,2.123977029698469,0.3660793824018673,2.1252463523119336,-0.33698844070793704,-0.6185058689799514,-0.33903555848509864,1.8750070532985164
0.35152111363468086,1.7498727599639314,3.074882430400277,-0.6152155523078459,-0.5887911903435977,1.2917870778175475,-0.27416343658976616,1.2913999648442263,0.8284121695793998,0.1953723871724071,0.8277809530269593,-0.9773007331528745,1.081073985686393,-0.975752090849844,1.8033598211797655,0.6144976056216563,1.801330830821547,-0.4314073441609629
-0.32583172932633225,1.7498727599639314,-0.3252156863343304,-0.6152155523078459,-0.5887911903435977,-0.8871351429240422,-0.07425376904834607,-0.8866520112092636,-0.5127231896967883,1.3955170512314772,-0.512318435974766,-0.3266130166088549,-0.8596256518001767,-0.3261885719092139,-0.8364030351484011,-1.0295070271804874,-0.8410968102977684,2.643811852451676
-0.651964579640894,-0.5127797575784685,-0.3252156863343304,-0.6152155523078459,-0.5887911903435977,2.307635951001127,0.2755881491491391,2.3078963890560686,-0.251231509601579,0.7454386915328143,-0.25129038107356017,0.6984704014543394,0.8257187702276338,0.6970964236821907,-0.622368208959631,0.20349644742112044,-0.6164904608026267,-1.2002121433141226
-1.1286202839467923,-0.5127797575784685,-0.3252156863343304,1.6254465548679973,1.1676996490327896,-1.067485124032721,-0.6739827716726063,-1.0674346553449159,-0.3304714126607334,-1.2047963875631746,-0.3305310405971404,1.3231306093365987,-0.09356000542389915,1.3244146166317037,0.8758755743617606,-0.6185058689799514,0.8764811564297869,-0.4314073441609629
-1.2289688532743497,-0.6795015220289611,-0.3252156863343304,-0.6152155523078459,-0.5887911903435977,0.22440963860291754,0.3755429829198491,0.2240245928816312,1.369224507958129,-0.20467583418061627,1.3684819238937425,0.7265000261670049,-0.6553414794331693,0.7282398800697553,-0.872075506179863,0.20349644742112044,-0.8675210867089616,1.1062022541453564
-1.1035331416149028,-0.5127797575784685,-0.3252156863343304,-0.6152155523078459,-0.5887911903435977,-0.34424489366832517,0.6254300673466242,-0.3443040788023059,0.14496800569419305,1.6955532172462449,0.14491291654434107,0.15189271955736272,-0.9617677379836803,0.14986140430070038,-0.6580406799910925,-0.20750471077941549,-0.6561268754194162,1.1062022541453564
1.6560525148929284,-0.5127797575784685,-0.3252156863343304,-0.6152155523078459,-0.5887911903435977,-0.8852948369943618,0.9752719855441093,-0.885569480406056,0.21034092571799567,-0.20467583418061627,0.21016993026964276,-0.6449494687026979,-0.14463104851565098,-0.6465212661813051,0.3051160378583733,-0.20750471077941549,0.3083592135891339,1.8750070532985164
-0.6770517219727835,-0.5127797575784685,-0.3252156863343304,1.6254465548679973,1.7531965954915851,-0.09396328723179129,0.3255655660344941,-0.09423946326137356,2.177471519161504,0.7454386915328143,2.1772027725608702,0.6844555890980063,-0.39998626397441017,0.6837492280875205,-0.4440058538023224,-0.20750471077941549,-0.4447326641298708,-0.4314073441609629
-1.1537074262786815,1.7498727599639314,-0.3252156863343304,-0.6152155523078459,-0.5887911903435977,0.17104076664218593,-0.024276352162991052,0.17098058352446427,-1.6280248252543867,-0.054657751173232495,-1.6286794922040293,0.952739139919233,-0.6553414794331693,0.9506931399809301,2.4454642997460763,0.6144976056216563,2.4487256028957796,-1.2002121433141226
0.07556254798389776,-0.6795015220289611,-0.3252156863343304,-0.6152155523078459,-0.5887911903435977,1.8162742677764603,0.2755881491491391,1.8164274043998638,-2.3708989164339593,0.6454266361945584,-2.3698127195128094,-0.7470573872988368,1.8982106751544223,-0.7488497657404458,-0.1586260855506285,0.20349644742112044,-0.15406562360674642,-0.4314073441609629
1.5807910878972602,-0.6795015220289611,-0.3252156863343304,1.6254465548679973,1.240886767340139,0.7249728514759852,-0.6240053547872513,0.725236354766704,-0.9742956250163629,-0.054657751173232495,-0.9737787473179685,-3.0114506408720247,-2.034259642910469,-3.013423951636206,1.4466351108651483,0.6144976056216563,1.4446030992704393,-0.4314073441609629
-1.3544045649337966,1.7498727599639314,3.074882430400277,-0.6152155523078459,-0.5887911903435977,-2.427471206066534,0.9752719855441093,-2.427093344173536,-0.4315022890611552,1.1454869128858376,-0.43074716881813896,-0.9592816886947323,-0.19570209160740282,-0.9579558300569501,1.0899104005505313,1.0254987638221924,1.0878753677193318,-1.2002121433141226
0.8783511026043578,1.7498727599639314,-0.3252156863343304,-0.6152155523078459,-0.5887911903435977,-1.614055985147799,0.8253397348880442,-1.6141127109647035,1.0483029005685531,-1.1547903598940468,1.0491886781663746,0.2720196826116433,-0.5021283501579138,0.2699861646527354,0.01973626960668006,2.2585022384238003,0.017692173066008943,-0.4314073441609629
-1.379491707265686,1.7498727599639314,-0.3252156863343304,-0.6152155523078459,-0.5887911903435977,0.3587519714695862,0.5254752335759142,0.35825841247936147,-0.5067801969673521,-0.8547541938792792,-0.5076572207086728,0.2019456208299796,-0.8085546087084248,0.20325018667938277,-0.015936201424782154,-1.0295070271804874,-0.02194424155078053,1.1062022541453564
-0.024786021343659734,-0.5127797575784685,-0.3252156863343304,-0.6152155523078459,-0.5887911903435977,0.43052390272712177,-0.22418601970441113,0.43078797629426413,0.32325778757729046,1.2955049958932214,0.32436970428891987,-0.3926828462887088,1.1321450287781447,-0.3929245498825657,1.1612553426134544,-1.0295070271804874,1.1671481969529112,1.1062022541453564
0.35152111363468086,-0.6795015220289611,-0.3252156863343304,-0.6152155523078459,-0.5887911903435977,-0.6074086416126221,1.3750913206269495,-0.6073590639817285,-1.8716875271612865,-1.3048084429014306,-1.8710626860408632,-0.05632734973672365,0.21286625312661184,-0.05479559481758006,0.3051160378583733,-0.20750471077941549,0.3083592135891339,0.3373974549921968
0.5773053946216853,-0.5127797575784685,-0.3252156863343304,-0.6152155523078459,-0.5887911903435977,-0.34608519959800543,0.4255203998052041,-0.3464691404087209,-1.1189084480993199,2.5956617152905475,-1.1182764205668505,-1.6039630570860375,-0.14463104851565098,-1.6030702837993571,0.9472205164246843,3.0805045548248717,0.9425418474577696,-0.4314073441609629
1.555703945565371,-0.6795015220289611,-0.3252156863343304,1.6254465548679973,1.0213254124180906,0.6513606142887693,-0.47407310413118625,0.6516242601485941,-1.2239013196526993,0.09536033183415127,-1.2231537640539418,-1.0874171159526316,0.468221468585371,-1.0869787208054313,0.7688581612673758,-1.0295070271804874,0.7707840507850142,0.3373974549921968
0.4016953982984596,1.7498727599639314,-0.3252156863343304,1.6254465548679973,0.8749511758033917,0.47837185689881195,-0.1242311859337011,0.4784193316353939,-1.2793692517941075,0.34539047017979085,-1.2790883472470573,-0.8231377972332141,2.4089211060719404,-0.8244838741102452,-0.5510232668967078,-0.6185058689799514,-0.5504297697746435,0.3373974549921968
1.8818367958799327,-0.5127797575784685,-0.3252156863343304,-0.6152155523078459,-0.5887911903435977,1.3101901371143516,0.3755429829198491,1.3098029884987539,-0.5800771072970696,-0.004651723504104576,-0.5799060573331137,-1.0393663307309193,-0.757483565616673,-1.038039003624973,-0.2299710276135523,0.6144976056216563,-0.23333845284032595,0.3373974549921968
-0.5014417256495578,-0.5127797575784685,-0.3252156863343304,-0.6152155523078459,-0.5887911903435977,-0.6313326186984669,1.5750009881683695,-0.6311747416522937,-1.4140770869946697,-0.4547059725262559,-1.4142635899637532,-0.28256646348895165,0.468221468585371,-0.2816979199269783,-1.7995597529978673,-0.20750471077941549,-1.8055828993063185,-0.4314073441609629
0.17591111731145526,-0.5127797575784685,-0.3252156863343304,1.6254465548679973,1.9727579504136337,-0.18229797185645003,1.7749106557097896,-0.18192445832118093,-0.5345141630380562,0.04535430416502335,-0.5356245123052308,0.28203026286616667,0.26393729621836365,0.2833333602474056,-0.26564349864501385,1.0254987638221924,-0.2597627292515191,0.3373974549921968
-0.22548315999877472,1.7498727599639314,-0.3252156863343304,-0.6152155523078459,-0.5887911903435977,0.5206988932814614,1.2251590699708845,0.5206380329604865,-0.035302773765383114,-1.2047963875631746,-0.03454387120023769,-2.4848941194840948,-0.14463104851565098,-2.4839851930476096,-0.5866957379281693,0.6144976056216563,-0.5900661843914335,-1.2002121433141226
0.3264339713027915,-0.5127797575784685,-0.3252156863343304,1.6254465548679973,2.0459450687209833,2.395970635625785,-0.5240505210165413,2.3955813841158764,-0.007568807694678956,-0.5547180278645117,-0.006576579603679714,-0.34062782896518734,0.26393729621836365,-0.3395357675038841,1.410962639833686,-1.0295070271804874,1.40496668465365,-0.4314073441609629
2.2079696461944947,-0.5127797575784685,-0.3252156863343304,-0.6152155523078459,-0.5887911903435977,0.8850794673581801,1.1751816530855295,0.8854509136414137,-0.6177160612501681,0.5954206085254304,-0.6171957794618574,0.011744595994035432,-0.451057307066162,0.01194038315577255,-1.6568698688720207,-0.20750471077941549,-1.6602493790447561,1.1062022541453564
-0.5014417256495578,-0.5127797575784685,-0.3252156863343304,1.6254465548679973,1.4604481222621875,-0.21726378452037767,2.324662241448695,-0.21764797482702863,-0.19774457503665,0.24537841484153503,-0.19768640551349104,-0.15042680412924317,0.16179521003486,-0.14822596398027388,-0.37266091173939925,0.6144976056216563,-0.3786719731018881,1.8750070532985164
1.028873956595694,-0.5127797575784685,-0.3252156863343304,-0.6152155523078459,-0.5887911903435977,-1.7465580120847874,-0.27416343658976616,-1.746181468956019,-1.2674832663352344,-1.8548747472618377,-1.2674353090818253,1.0007899251409453,2.4599921491636922,0.9996328571613883,1.410962639833686,0.6144976056216563,1.40496668465365,0.3373974549921968
0.5271311099579065,-0.5127797575784685,-0.3252156863343304,-0.6152155523078459,-0.5887911903435977,-0.11236634652859526,0.4754978166905591,-0.11264248691590086,-2.158932175750721,-0.8047481662101513,-2.1600580325386267,0.22396889738993095,0.16179521003486,0.2254955126704998,-0.1942985565820907,1.0254987638221924,-0.19370203822353588,1.1062022541453564
-0.30074458699444284,-0.5127797575784685,3.074882430400277,1.6254465548679973,0.8017640574960422,-1.2349529636336372,0.6754074842319793,-1.2352269298420786,1.2087637042633408,1.595541161907989,1.2076699972135352,-1.5418974595079928,0.8257187702276338,-1.5407833710242282,0.3051160378583733,-1.0295070271804874,0.3083592135891339,-1.2002121433141226
-0.3509188716582216,-0.5127797575784685,-0.3252156863343304,-0.6152155523078459,-0.5887911903435977,-0.6147698653313433,0.3755429829198491,-0.6149367796041809,-0.5721531169911541,0.09536033183415127,-0.5729142344339744,-0.6609663971099354,-1.7278333843599578,-0.6598684617759758,-1.7638872819664058,1.847501080223264,-1.7659464846895288,-0.4314073441609629
1.831662511216154,-0.6795015220289611,-0.3252156863343304,-0.6152155523078459,-0.5887911903435977,0.22809025046227813,-0.17420860281905612,0.22835471609446112,-0.6097920709442526,-0.3046878895188721,-0.6102039565627181,-0.6789854415680776,-2.3406859014609798,-0.6776647225688698,0.4121334509527587,-0.20750471077941549,0.4140563192339066,-0.4314073441609629
-0.9530102876235665,1.7498727599639314,-0.3252156863343304,1.6254465548679973,2.997377606716526,0.6476800024294088,-0.7239601885579613,0.6472941369357641,-0.04916975680073547,-0.5547180278645117,-0.04852751699851627,-0.5948965674300809,2.000352761337926,-0.5931324838026232,-0.7293856220540164,0.20349644742112044,-0.7353997046529958,-1.2002121433141226
-1.7307116999121372,-0.5127797575784685,-0.3252156863343304,1.6254465548679973,1.6800094771842358,0.9770947638422,-0.17420860281905612,0.9774660319140513,-0.3403764005431277,0.5454145808563026,-0.3398534711293265,0.1258652108956023,0.5703635547688747,0.12761607830958338,0.982892987456146,-1.0295070271804874,0.982178262074559,-1.2002121433141226
1.0037868142638047,-0.5127797575784685,-0.3252156863343304,-0.6152155523078459,-0.5887911903435977,1.4813385885746282,1.5250235712830145,1.4808428554055386,-0.4255592963317189,0.9954688298784539,-0.4260859535520461,-1.311654113653955,0.9789318995028893,-1.3094319807166064,-1.086110332368633,1.4364999220227281,-1.0921274362041034,1.1062022541453564
1.4804425185697028,-0.5127797575784685,-0.3252156863343304,-0.6152155523078459,-0.5887911903435977,1.015741188365488,1.7749106557097896,1.015354610026314,1.3890344837229174,1.6955532172462449,1.3894573925911609,0.3761297172586867,0.059653123851356335,0.3767637294100986,1.3039452267393015,-1.0295070271804874,1.299269579008877,-0.4314073441609629
-1.1286202839467923,-0.6795015220289611,-0.3252156863343304,-0.6152155523078459,-0.5887911903435977,-1.6306187385149225,-0.5240505210165413,-1.630350673012816,-0.4235782987552396,0.7454386915328143,-0.42375534591899966,2.0058521826950924,-0.5531993932496656,2.0051215919598984,0.5904958061100672,1.4364999220227281,0.585814115906662,0.3373974549921968
-2.0819316925585882,-0.6795015220289611,-0.3252156863343304,-0.6152155523078459,-0.5887911903435977,1.727939583151802,-0.3741182703604762,1.7276598785368489,-1.7052837307370625,0.7954447192019422,-1.705589544094563,1.0027920411918498,1.030002942594641,1.0040819223596118,-0.7293856220540164,-0.20750471077941549,-0.7353997046529958,-0.4314073441609629
-0.37600601399011097,-0.5127797575784685,-0.3252156863343304,-0.6152155523078459,-0.5887911903435977,-0.7969601523697026,0.17563331537842902,-0.7968019545430409,0.03601313898785574,0.49540855318717464,0.03537435779115684,0.6043709470618193,-0.7064125225249211,0.6036660545194976,0.4478059219842203,-1.4405081853810233,0.4536927338506961,1.1062022541453564
0.5522182522897958,-0.5127797575784685,-0.3252156863343304,-0.6152155523078459,-0.5887911903435977,1.1500835212321567,-0.6739827716726063,1.1495884296240442,0.5035285670368667,0.04535430416502335,0.5038264920334986,1.363172930354692,1.081073985686393,1.3644562034157153,-0.7293856220540164,-0.6185058689799514,-0.7353997046529958,2.643811852451676
0.5522182522897958,-0.5127797575784685,-0.3252156863343304,-0.6152155523078459,-0.5887911903435977,0.5004555280549771,-0.7739376054433164,0.5000699476995442,0.8719941162619345,-1.104784332224919,0.8720624980548427,0.4201762703785894,1.8471396320626705,0.42125438139233423,-0.9077479772113245,-1.0295070271804874,-0.9071575013257511,1.1062022541453564
0.7027411062811321,-0.6795015220289611,-0.3252156863343304,-0.6152155523078459,-0.5887911903435977,-1.503637629366975,-0.07425376904834607,-1.5036945690375385,0.7927542132027801,-1.9048807749309655,0.7928218385312624,1.0868809153298467,1.1832160718698967,1.0886141611258588,0.09108121166960323,-0.20750471077941549,0.09696500229958847,-1.2002121433141226
0.00030112098822963846,-0.6795015220289611,-0.3252156863343304,-0.6152155523078459,-0.5887911903435977,1.0911937314823843,2.77445899341689,1.0911317662508393,1.4326164304054523,0.2953844425106629,1.4337389376190441,1.5553760712415403,-0.3489152208826583,1.5557660069393253,1.1612553426134544,1.4364999220227281,1.1671481969529112,-0.4314073441609629
-0.22548315999877472,-0.5127797575784685,-0.3252156863343304,1.6254465548679973,1.09451253072544,-0.22646531416877966,-0.8738924392140264,-0.22630822125268843,1.1473527793924967,1.445523078900605,1.1470741987543271,-1.6840476991222246,0.5192925116771229,-1.6831534573673799,0.3407885088898349,-0.6185058689799514,0.3347834900003271,1.8750070532985164
0.627479679285464,-0.5127797575784685,-0.3252156863343304,-0.6152155523078459,-0.5887911903435977,0.9016422207253032,0.07567848160771899,0.9016888756895268,-0.6335640418619992,-0.054657751173232495,-0.6335100328931829,0.46021859139668286,0.008582080759604505,0.4612959681763456,0.5548233350786057,-0.20750471077941549,0.5593898394954687,-0.4314073441609629
-2.207367404218035,-0.5127797575784685,-0.3252156863343304,-0.6152155523078459,-0.5887911903435977,-0.6129295594016629,-1.3236891911822215,-0.612771717997766,-1.0337255523107287,-0.40469994485712796,-1.0343745457771774,0.32407469993516475,-0.19570209160740282,0.323374947031417,0.3764609799212971,-0.6185058689799514,0.37441990461711655,-0.4314073441609629
2.0825339345350478,1.7498727599639314,3.074882430400277,-0.6152155523078459,-0.5887911903435977,0.6274366372029245,0.22561073226378406,0.6278085824780292,-0.8138348213215754,-0.8047481662101513,-0.8129668206377616,-1.2275652395159589,1.8982106751544223,-1.2293488071485834,-1.8709046950607908,2.2585022384238003,-1.8716435903343012,0.3373974549921968
-0.7272260066365622,1.7498727599639314,-0.3252156863343304,-0.6152155523078459,-0.5887911903435977,-0.7067851618153631,1.6249784050537246,-0.7069518978768186,-1.3031412227118537,-0.20467583418061627,-1.302394423577522,0.5403032334328699,-0.14463104851565098,0.5413791417443684,0.3407885088898349,-0.6185058689799514,0.3347834900003271,0.3373974549921968
0.7780025332768002,1.7498727599639314,-0.3252156863343304,-0.6152155523078459,-0.5887911903435977,-0.30375816321535665,-1.0238246898700913,-0.3042504390836287,-0.6553550152032666,-0.5047120001953838,-0.6544855015906011,-2.262659237833676,-0.5021283501579138,-2.261531933136435,-1.4428350426832501,2.2585022384238003,-1.4488551677552108,-0.4314073441609629
-2.0066702655629203,-0.5127797575784685,-0.3252156863343304,1.6254465548679973,0.8017640574960422,-0.8650514717678777,-0.32414085347512117,-0.8650013951451136,0.0776140880939117,0.04535430416502335,0.07732529518599339,-0.9172372516257342,-1.1149808672589359,-0.9179142432729386,0.9472205164246843,1.0254987638221924,0.9425418474577696,1.1062022541453564
-0.6017902949771153,-0.5127797575784685,-0.3252156863343304,1.6254465548679973,1.8263837137989347,-0.6754999610107966,0.025701064722363966,-0.6755585045838012,0.22816990390630495,0.09536033183415127,0.2288147913340142,-1.9142910449762622,1.030002942594641,-1.914504847675002,1.8033598211797655,-0.20750471077941549,1.801330830821547,2.643811852451676
0.8030896756086896,-0.6795015220289611,3.074882430400277,1.6254465548679973,1.7531965954915851,0.7617789700695932,1.8248880725951446,0.7620424020757594,1.272155626710664,-0.054657751173232495,1.2729270109388369,-0.6329367723972699,0.41715042549361914,-0.633174070586635,1.839032292211227,-0.20750471077941549,1.840967245438337,0.3373974549921968
-1.4296659919294648,1.7498727599639314,-0.3252156863343304,-0.6152155523078459,-0.5887911903435977,1.9947839429554595,0.5754526504612691,1.9950449869291011,1.1354667939336232,-0.40469994485712796,1.1354211605890947,-0.16243950043467112,-0.5021283501579138,-0.1615731595749441,-0.015936201424782154,-0.20750471077941549,-0.02194424155078053,1.1062022541453564
-1.053358856951124,1.7498727599639314,-0.3252156863343304,-0.6152155523078459,-0.5887911903435977,0.28145912242300974,-2.123327861347902,0.28139872545162886,-0.04322676407129866,-0.6047240555336396,-0.04386630173242341,2.077928360527661,0.5192925116771229,2.0763066351314747,1.6249974660224569,1.847501080223264,1.6295730341487915,-1.2002121433141226
-1.178794568610571,-0.5127797575784685,-0.3252156863343304,-0.6152155523078459,-0.5887911903435977,1.7316201950111625,0.6254300673466242,1.7319900017496788,-1.6062338519131194,2.795685825967059,-1.6053734158735644,1.3431517698456452,0.8767898133193857,1.3422108774245973,0.5191508640471435,-0.6185058689799514,0.5197534248786793,-0.4314073441609629
-0.25057030233066413,-0.5127797575784685,3.074882430400277,-0.6152155523078459,-0.5887911903435977,-0.6386938424171886,-0.5740279379018963,-0.6387524572747462,-0.4929132139319997,0.09536033183415127,-0.49367357491039415,0.46422282349849203,2.613205278438948,0.465745033374569,2.3027744156202288,-0.6185058689799514,2.3033920826342165,0.3373974549921968
0.3264339713027915,-0.5127797575784685,-0.3252156863343304,1.6254465548679973,1.3140738856474885,-0.7840780108619401,-0.6240053547872513,-0.7838115849045512,-0.891093726804251,1.2454989682240936,-0.8922074801613419,0.9427285596647096,-0.2978441777909065,0.9417950095844834,0.4478059219842203,1.0254987638221924,0.4536927338506961,0.3373974549921968
-0.20039601766688536,-0.5127797575784685,3.074882430400277,-0.6152155523078459,-0.5887911903435977,0.6844861210230168,-1.9733956106918369,0.6841001842448188,0.13308202023532,0.9954688298784539,0.13325987837910852,0.4241805024803985,0.5192925116771229,0.42570344659055764,2.588154183871923,0.20349644742112044,2.594059123157342,-0.4314073441609629
0.426782540630349,-0.5127797575784685,-0.3252156863343304,1.6254465548679973,2.0459450687209833,2.1199247461737256,0.2755881491491391,2.1195360292979646,-0.692993969156365,0.7454386915328143,-0.6941058313523912,-0.2265072140636211,-1.8810465136352132,-0.22830913754829668,-0.1586260855506285,0.20349644742112044,-0.15406562360674642,1.1062022541453564
1.4804425185697028,-0.5127797575784685,-0.3252156863343304,-0.6152155523078459,-0.5887911903435977,-0.09948420502083218,0.22561073226378406,-0.09965211727741113,-0.5820581048735484,0.34539047017979085,-0.5822366649661601,0.4061614580222569,1.5917844166039112,0.4079071857976632,-0.6937131510225542,-1.0295070271804874,-0.6957632900362056,-1.2002121433141226
0.15082397497956587,1.7498727599639314,-0.3252156863343304,1.6254465548679973,1.4604481222621875,0.40659992564127695,-1.0738021067554464,0.40697229862369927,2.064554657302208,1.3955170512314772,2.06533360617464,0.5022630284656809,1.6939265027874149,0.501337554960357,0.5904958061100672,1.4364999220227281,0.585814115906662,-0.4314073441609629
0.12573683264767652,-0.6795015220289611,-0.3252156863343304,-0.6152155523078459,-0.5887911903435977,-2.3464977451605966,0.2755881491491391,-2.346986064736181,0.384668712448135,0.6454266361945584,0.3849655027481287,-1.7661344572093165,-0.24677313469915466,-1.7676856961336265,0.4121334509527587,-1.0295070271804874,0.4140563192339066,0.3373974549921968
1.7313139418885966,-0.5127797575784685,-0.3252156863343304,-0.6152155523078459,-0.5887911903435977,1.2273763702787337,0.3255655660344941,1.227530647454984,0.5431485185664439,1.1954929405549655,0.5434468217952891,-0.6829896736698868,-0.24677313469915466,-0.6821137877670932,-0.40833338277086084,1.4364999220227281,-0.4050962495130813,-1.2002121433141226
0.27625968663901274,1.7498727599639314,-0.3252156863343304,-0.6152155523078459,-0.5887911903435977,0.6881667328823773,-1.2237343574115116,0.6884303074576487,0.08950007355278475,-0.004651723504104576,0.08897833335122596,-0.2965812758452847,-0.451057307066162,-0.2950451155216493,-0.30131596967647545,-0.6185058689799514,-0.29939914386830857,0.3373974549921968
-0.651964579640894,-0.5127797575784685,-0.3252156863343304,-0.6152155523078459,-0.5887911903435977,-0.5356367103550865,-0.07425376904834607,-0.5359120309700334,1.9972007397019274,-0.8547541938792792,1.9977459848162915,-0.8371526095895472,0.21286625312661184,-0.8378310697049158,-0.7650580930854779,0.20349644742112044,-0.7618239810641889,-1.2002121433141226
-1.8561474115715841,1.7498727599639314,-0.3252156863343304,-0.6152155523078459,-0.5887911903435977,0.9642126223344368,-0.9738472729847364,0.9644756622755616,0.20043593783560137,0.04535430416502335,0.20084749973745702,-0.7030108341789335,-0.6553414794331693,-0.7043591137582106,1.6963424080853802,0.6144976056216563,1.6956337251767741,2.643811852451676
0.7027411062811321,-0.5127797575784685,-0.3252156863343304,-0.6152155523078459,-0.5887911903435977,-0.3792107063322528,-0.024276352162991052,-0.37894506450494597,0.03601313898785574,-0.5047120001953838,0.03537435779115684,0.6524217322835316,-0.19570209160740282,0.6526057716999558,0.4478059219842203,0.6144976056216563,0.4536927338506961,0.3373974549921968
-1.1035331416149028,1.7498727599639314,-0.3252156863343304,-0.6152155523078459,-0.5887911903435977,-0.5595606874409313,-0.024276352162991052,-0.5597277086405986,-0.009549805271158267,0.49540855318717464,-0.008907187236726557,0.624392107570866,0.059653123851356335,0.6259113805106147,0.5904958061100672,-0.6185058689799514,0.585814115906662,0.3373974549921968
0.5020439676260171,-0.5127797575784685,3.074882430400277,1.6254465548679973,2.6314420151797786,1.369079926864124,1.3251139037415944,1.3693421826751668,-0.4057493205669303,0.3953964978489188,-0.4051104848546278,-0.08635909050029379,1.4896423304204076,-0.08593905120514467,-0.5510232668967078,-0.20750471077941549,-0.5504297697746435,1.1062022541453564
-2.207367404218035,-0.5127797575784685,-0.3252156863343304,-0.6152155523078459,-0.5887911903435977,0.2483336156887624,-0.5740279379018963,0.24784027055219687,-0.12444766470693182,-0.5047120001953838,-0.1254375688890505,-0.2805643474380471,0.21286625312661184,-0.2816979199269783,-0.1942985565820907,-1.0295070271804874,-0.19370203822353588,1.8750070532985164
-2.056844550226699,1.7498727599639314,-0.3252156863343304,-0.6152155523078459,-0.5887911903435977,1.4666161411371847,0.7753623180026893,1.4667699549638418,1.3672435103816496,0.4454025255180467,1.3661513162606964,-0.5048013451393706,1.5407133735121594,-0.5041511798381535,-0.26564349864501385,-0.6185058689799514,-0.2597627292515191,-0.4314073441609629
2.5842767811728353,1.7498727599639314,-0.3252156863343304,-0.6152155523078459,-0.5887911903435977,0.46917032725041,2.2247074076779847,0.4686765544065268,-0.9089227049925603,-0.2546818618497442,-0.9085217335926673,-0.18246066094371788,-1.1660519103506877,-0.18381848556606187,1.3752901688022245,0.20349644742112044,1.3785424082424567,1.1062022541453564
0.226085401975234,-0.5127797575784685,3.074882430400277,-0.6152155523078459,-0.5887911903435977,2.09047985129884,-1.0738021067554464,2.0903076976113617,-0.24132652171918467,-0.5047120001953838,-0.24196795054137443,1.3291369574893117,-0.451057307066162,1.328863681829927,1.5179800529280716,-0.20750471077941549,1.5238759285040189,-1.2002121433141226
-0.7021388643046729,-0.5127797575784685,-0.3252156863343304,-0.6152155523078459,-0.5887911903435977,1.1151177085682296,1.4750461543976596,1.1149474439214042,-0.7563858916036883,-0.8547541938792792,-0.7570322374446461,0.6283963396726757,1.8471396320626705,0.6303604457088381,0.5904958061100672,-0.6185058689799514,0.585814115906662,-1.2002121433141226
-1.1035331416149028,1.7498727599639314,-0.3252156863343304,-0.6152155523078459,-0.5887911903435977,-0.4693856968865923,-1.1237795236408015,-0.469877651974376,-0.07888472044791837,-0.7547421385410233,-0.07882541622812109,1.0608534066680855,-0.14463104851565098,1.0619197699365175,-0.05160867245624374,1.847501080223264,-0.04836851796197371,-0.4314073441609629
0.00030112098822963846,-0.5127797575784685,-0.3252156863343304,-0.6152155523078459,-0.5887911903435977,-1.0104356402126289,-1.7235085262650618,-1.0100605227749186,1.1196188133217921,-0.7547421385410233,1.1191069071577693,-0.14642257202743406,0.774647727135882,-0.14822596398027388,1.1255828715819929,-0.20750471077941549,1.1275117823361218,-1.2002121433141226
2.4086667848496095,-0.5127797575784685,3.074882430400277,-0.6152155523078459,-0.5887911903435977,-0.9644279919706189,-1.0238246898700913,-0.9645942290402035,0.4282506591306703,0.7454386915328143,0.42924704777601125,-0.5328309698520362,-0.24677313469915466,-0.5308455710274943,1.2326002846763777,0.20349644742112044,1.2332088879808945,2.643811852451676
-0.30074458699444284,-0.6795015220289611,-0.3252156863343304,-0.6152155523078459,-0.5887911903435977,0.32010554694629795,0.4754978166905591,0.32036983436709876,-0.689031974003407,0.7454386915328143,-0.6894446160862984,0.5362990013310608,0.3150083393101155,0.536930076546145,0.9115480453932228,-0.6185058689799514,0.9161175710465763,-0.4314073441609629
0.27625968663901274,-0.5127797575784685,-0.3252156863343304,-0.6152155523078459,-0.5887911903435977,-0.16941583034868746,0.6254300673466242,-0.1689340886826912,-0.1482196356246785,1.445523078900605,-0.1487436452195148,-0.25053260667447697,-0.451057307066162,-0.2505544635394137,0.3407885088898349,0.6144976056216563,0.3347834900003271,-1.2002121433141226
-0.5516160103133366,-0.5127797575784685,-0.3252156863343304,1.6254465548679973,0.6553898208813432,1.048866695099735,-0.27416343658976616,1.0489130649257468,1.2444216606399605,-2.204916940945733,1.2449597193422788,1.1829824857732711,0.3660793824018673,1.1820445302885518,0.6261682771415289,-0.20750471077941549,0.625450530523452,-0.4314073441609629
0.00030112098822963846,1.7498727599639314,-0.3252156863343304,1.6254465548679973,1.240886767340139,-0.6552565957843123,2.17472999079263,-0.6549904193228585,-0.6553550152032666,0.24537841484153503,-0.6544855015906011,0.7905677397959544,0.3660793824018673,0.7905267928448845,1.5179800529280716,-0.6185058689799514,1.5238759285040189,-0.4314073441609629
-0.9530102876235665,1.7498727599639314,-0.3252156863343304,-0.6152155523078459,-0.5887911903435977,0.10294944724401146,-0.6739827716726063,0.10278114292239149,0.4876805864250361,-0.6547300832027676,0.4875122386021732,-0.12439929546748217,-0.3489152208826583,-0.12598063798915607,0.5191508640471435,-0.6185058689799514,0.5197534248786793,-1.2002121433141226
-0.5265288679814473,-0.5127797575784685,-0.3252156863343304,-0.6152155523078459,-0.5887911903435977,-0.34240458773864485,-0.07425376904834607,-0.34213901719589096,-0.03728377134186186,-0.9547662492175351,-0.036874478833284534,0.5583222778910121,0.8257187702276338,0.5591754025372621,0.1267536827010648,-0.20750471077941549,0.12338927871078165,-0.4314073441609629
-0.8777488606278985,-0.5127797575784685,-0.3252156863343304,-0.6152155523078459,-0.5887911903435977,-0.6129295594016629,0.3255655660344941,-0.612771717997766,-0.08284671560087586,-0.054657751173232495,-0.08348663149421395,0.5923582507563914,0.3150083393101155,0.5903188589248266,-0.872075506179863,-1.0295070271804874,-0.8675210867089616,-0.4314073441609629
0.8532639602724683,-0.5127797575784685,-0.3252156863343304,-0.6152155523078459,-0.5887911903435977,-0.5153933451286022,-0.9238698560993814,-0.5153439457090911,-1.6181198373719925,0.24537841484153503,-1.617026454038797,-0.41070189074685104,0.008582080759604505,-0.4107208106754601,0.09108121166960323,0.6144976056216563,0.09696500229958847,-1.2002121433141226
0.7027411062811321,-0.5127797575784685,-0.3252156863343304,-0.6152155523078459,-0.5887911903435977,-0.7711958693541769,0.9752719855441093,-0.7708212152660611,0.4975855743074304,0.49540855318717464,0.49683466913435975,-1.1074382764616784,-0.24677313469915466,-1.1092240467965488,-0.015936201424782154,0.6144976056216563,-0.02194424155078053,-0.4314073441609629
-1.178794568610571,-0.5127797575784685,-0.3252156863343304,-0.6152155523078459,-0.5887911903435977,1.9671793540102536,-1.3736666080675766,1.9668991860457066,0.4460796373189796,0.3953964978489188,0.44556130120733667,0.06379961331755689,0.3660793824018673,0.06532916553445416,0.4478059219842203,0.20349644742112044,0.4536927338506961,-0.4314073441609629
-1.655450272916469,-0.6795015220289611,-0.3252156863343304,-0.6152155523078459,-0.5887911903435977,-0.7656749515651361,0.7253849011173342,-0.7654085612500235,-0.8415687873922796,-0.9047602215484072,-0.8409341122343196,0.30405353942611796,0.9278608564111375,0.3055786862385234,0.01973626960668006,-1.0295070271804874,0.017692173066008943,2.643811852451676
-0.9530102876235665,-0.6795015220289611,-0.3252156863343304,-0.6152155523078459,-0.5887911903435977,-0.5595606874409313,0.17563331537842902,-0.5597277086405986,1.4445024158643258,-1.2548024152323025,1.4453919757842768,0.1218609787937926,-1.4214071258094467,0.12316701311135997,-0.40833338277086084,-0.20750471077941549,-0.4050962495130813,-1.2002121433141226
-0.3509188716582216,-0.6795015220289611,-0.3252156863343304,-0.6152155523078459,-0.5887911903435977,2.6278491827655155,0.2755881491491391,2.628325506805489,0.0776140880939117,-0.35469391718800003,0.07732529518599339,-0.28657069559076137,1.4385712873286558,-0.2861469851252017,-0.30131596967647545,-0.20750471077941549,-0.29939914386830857,0.3373974549921968
-0.12513459067121724,-0.5127797575784685,-0.3252156863343304,-0.6152155523078459,-0.5887911903435977,-0.10684542873955385,0.5254752335759142,-0.10722983289986367,1.7178800814184076,0.24537841484153503,1.7180730688507144,0.08582288987750877,-0.451057307066162,0.08757449152557197,-0.40833338277086084,1.0254987638221924,-0.4050962495130813,-0.4314073441609629
0.35152111363468086,-0.5127797575784685,-0.3252156863343304,-0.6152155523078459,-0.5887911903435977,-0.8779336132756402,-0.5240505210165413,-0.8779917647836034,-0.06303673983608726,-1.2548024152323025,-0.06251116279679567,-0.4947907648848472,0.7235766840441301,-0.49525304944170634,-3.654528246633876,-1.8515093435815593,-3.655282248089839,1.1062022541453564
1.104135383591362,-0.6795015220289611,-0.3252156863343304,-0.6152155523078459,-0.5887911903435977,1.1408819915837547,1.8248880725951446,1.1409281831983844,-1.2853122445235439,-0.004651723504104576,-1.286080170146197,1.5433633749361129,1.1832160718698967,1.5424188113446553,1.0185654584876076,-0.6185058689799514,1.0218146766913492,-1.2002121433141226
-0.32583172932633225,-0.5127797575784685,-0.3252156863343304,-0.6152155523078459,-0.5887911903435977,-0.5798040526674161,-0.9238698560993814,-0.580295793901541,2.139832565208405,-1.654850636585326,2.139913050432127,0.6984704014543394,-1.063909824167184,0.6970964236821907,-1.3714901006203266,-0.20750471077941549,-1.3695823385216315,0.3373974549921968
1.1793968105870303,1.7498727599639314,3.074882430400277,-0.6152155523078459,-0.5887911903435977,-0.5798040526674161,1.8748654894804997,-0.580295793901541,-0.8138348213215754,1.1454869128858376,-0.8129668206377616,-0.06233369788943734,-1.932117556726965,-0.06369372521402686,-0.5866957379281693,-0.6185058689799514,-0.5900661843914335,0.3373974549921968
-1.0282717146192346,-0.6795015220289611,-0.3252156863343304,-0.6152155523078459,-0.5887911903435977,1.3433156438485985,-0.17420860281905612,1.3433614433981866,0.4044786882129236,1.0454748575475818,0.4036103638125001,-1.8141852424310285,0.008582080759604505,-1.8121763481158615,0.7688581612673758,-0.20750471077941549,0.7707840507850142,0.3373974549921968
0.4518696829622384,-0.6795015220289611,3.074882430400277,1.6254465548679973,0.5822027025739938,-0.59820711196422,0.12565589849307401,-0.5986988175560686,-0.8039298334391811,-0.20467583418061627,-0.8036443901055759,-0.330617248710664,1.030002942594641,-0.3306376371074373,-0.9077479772113245,-1.0295070271804874,-0.9071575013257511,-1.2002121433141226
-0.651964579640894,-0.5127797575784685,-0.3252156863343304,-0.6152155523078459,-0.5887911903435977,-1.0472417588062368,-0.5740279379018963,-1.0468665700839737,0.21034092571799567,0.1953723871724071,0.21016993026964276,1.2190205746895546,-0.451057307066162,1.2176370518743398,0.1624261537325264,-1.0295070271804874,0.16302569332757172,0.3373974549921968
0.4518696829622384,-0.6795015220289611,-0.3252156863343304,-0.6152155523078459,-0.5887911903435977,1.0930340374120646,-0.6240053547872513,1.093296827857254,0.8482221453441884,-1.054778304555791,0.8487564217243776,0.608375179163629,-0.39998626397441017,0.608115119717721,0.2337710957954502,-0.6185058689799514,0.22908638435555437,1.1062022541453564
0.12573683264767652,1.7498727599639314,3.074882430400277,-0.6152155523078459,-0.5887911903435977,0.44708665609424547,-0.8239150223286714,0.44702593834237647,-0.6375260370149567,-1.9548868026000936,-0.6381712481592757,-0.7310404588915991,0.11072416694310817,-0.7310535049475517,1.0899104005505313,-0.6185058689799514,1.0878753677193318,1.1062022541453564
-1.329317422601907,-0.5127797575784685,-0.3252156863343304,-0.6152155523078459,-0.5887911903435977,1.1095967907791882,-0.6240053547872513,1.1095347899053662,-1.1823003705466433,0.8454507468710701,-1.1812028266591053,-1.4337831927591402,1.8982106751544223,-1.4340058062668644,-1.121782803400095,1.847501080223264,-1.1185517126152964,-0.4314073441609629
0.8030896756086896,-0.6795015220289611,-0.3252156863343304,1.6254465548679973,2.6314420151797786,-0.10500512280987356,-1.0238246898700913,-0.10506477129344871,0.1727019717648972,0.6454266361945584,0.17288020814089905,0.4722312877021108,-0.6553414794331693,0.47019409857279243,1.3752901688022245,1.0254987638221924,1.3785424082424567,0.3373974549921968
-1.8059731269078052,-0.6795015220289611,-0.3252156863343304,-0.6152155523078459,-0.5887911903435977,0.3145846291572571,-0.9738472729847364,0.31495718035106157,-0.647431024897351,0.49540855318717464,-0.6474936786914618,-1.3597048988756675,-0.09356000542389915,-1.3583716978970648,0.8758755743617606,1.0254987638221924,0.8764811564297869,0.3373974549921968
0.6023925369535746,-0.5127797575784685,-0.3252156863343304,-0.6152155523078459,-0.5887911903435977,0.43604482051616317,0.4754978166905591,0.4362006303103013,-1.4259630724535433,-0.15466980651148834,-1.4259166281289857,-0.20047970540186008,0.6725056409523783,-0.2016147463589555,0.2694435668269118,-0.20750471077941549,0.2687227989723444,-0.4314073441609629
1.2797453799145877,-0.6795015220289611,-0.3252156863343304,-0.6152155523078459,-0.5887911903435977,-1.4447478396172024,1.0752268193148193,-1.4452379056643336,-1.1704143850877702,-0.6547300832027676,-1.169549788493873,-0.04031042132948602,1.2342871149616486,-0.041448399222909854,-0.979092919274248,-0.6185058689799514,-0.9732181923537343,0.3373974549921968
0.9034382449362471,1.7498727599639314,-0.3252156863343304,-0.6152155523078459,-0.5887911903435977,-1.2735993881569254,-1.0738021067554464,-1.2731155079543413,0.4460796373189796,0.5454145808563026,0.44556130120733667,-0.620924076091842,-1.8299754705434614,-0.6198268749919643,0.09108121166960323,-0.6185058689799514,0.09696500229958847,1.1062022541453564
0.5271311099579065,-0.5127797575784685,-0.3252156863343304,-0.6152155523078459,-0.5887911903435977,0.6605621439371714,-0.7239601885579613,0.6602845065742539,-0.6513930200503085,-2.0548988579383494,-0.6521548939575547,0.1298694429974114,-1.676762341268206,0.13206514350780676,-1.3714901006203266,1.4364999220227281,-1.3695823385216315,1.1062022541453564
-0.4512674409857791,-0.5127797575784685,3.074882430400277,1.6254465548679973,1.7531965954915851,-1.564367725046428,0.5254752335759142,-1.5643162940171584,-0.9168466952984758,-0.10466377884236042,-0.9178441641248534,-0.0022702163622970693,0.468221468585371,-0.001406812438898447,0.1267536827010648,0.6144976056216563,0.12338927871078165,0.3373974549921968
-0.30074458699444284,1.7498727599639314,3.074882430400277,-0.6152155523078459,-0.5887911903435977,-0.9957131927751857,0.3755429829198491,-0.9959876223332209,0.24401788451813605,-0.5047120001953838,0.24512904476533962,-0.37666591788147175,0.41715042549361914,-0.3751282890896721,-1.7282148109349438,0.20349644742112044,-1.726310070072739,-0.4314073441609629
-0.17530887533499598,1.7498727599639314,-0.3252156863343304,-0.6152155523078459,-0.5887911903435977,-0.04795563898978138,0.5754526504612691,-0.047690638723451084,-0.13237165501284737,0.5954206085254304,-0.13242939178819021,-1.0774065356981082,0.41715042549361914,-1.0780805904089847,-1.5498524557776352,-0.20750471077941549,-1.5545522733999833,-0.4314073441609629
0.828176817940579,-0.5127797575784685,-0.3252156863343304,1.6254465548679973,1.7531965954915851,0.6826458150933364,-1.1237795236408015,0.6830176534416115,-1.950927430220441,0.5454145808563026,-1.9503033455644434,-0.5308288538011315,-0.8596256518001767,-0.5308455710274943,-0.5866957379281693,-1.0295070271804874,-0.5900661843914335,-1.2002121433141226
-0.7774002913003409,-0.5127797575784685,-0.3252156863343304,-0.6152155523078459,-0.5887911903435977,0.6458396964997285,-0.6739827716726063,0.6462116061325569,-1.3804001281945293,0.6954326638636863,-1.379304475468056,0.3280789320369744,0.21286625312661184,0.3278240122296404,-0.30131596967647545,-0.6185058689799514,-0.29939914386830857,1.1062022541453564
1.2044839529189195,1.7498727599639314,-0.3252156863343304,1.6254465548679973,2.5582548968724295,0.4967749161956159,-1.0738021067554464,0.4968223552899216,-0.5166851848497463,1.0954808852167097,-0.5169796512408589,0.8205994805595245,-1.0128387810754322,0.8216702492324482,0.2337710957954502,-0.6185058689799514,0.22908638435555437,-0.4314073441609629
0.30134682897090215,-0.6795015220289611,-0.3252156863343304,-0.6152155523078459,-0.5887911903435977,-0.8760933073459599,-1.4236440249529316,-0.8758267031771885,0.9274620484033428,0.34539047017979085,0.9279970812479579,0.914698934952044,1.1832160718698967,0.9151006183951421,-1.193127745463018,0.6144976056216563,-1.1978245418488758,1.1062022541453564
-1.0031845722873454,-0.5127797575784685,-0.3252156863343304,1.6254465548679973,0.5090155842666443,1.3377947260595575,0.2755881491491391,1.3379487893821487,-0.2551935047545365,-1.5548385812470702,-0.25595159633965303,1.1829824857732711,1.8982106751544223,1.1820445302885518,-0.08728114348770531,-0.6185058689799514,-0.08800493257876318,0.3373974549921968
-0.47635458331766845,-0.6795015220289611,-0.3252156863343304,-0.6152155523078459,-0.5887911903435977,-1.448428451476563,-0.3741182703604762,-1.4484854980739559,-0.8930747243807298,0.1953723871724071,-0.8922074801613419,2.079930476578565,-0.3489152208826583,2.080755700329698,1.0899104005505313,-1.0295070271804874,1.0878753677193318,-1.2002121433141226
0.5773053946216853,1.7498727599639314,-0.3252156863343304,1.6254465548679973,2.1191321870283324,-0.3405642818089646,0.4255203998052041,-0.3410564863926837,0.06969009778799615,-1.054778304555791,0.07033347228685369,0.6203878754690569,-0.6553414794331693,0.6214623153123913,-0.479678324833784,-0.20750471077941549,-0.48436907874666085,-0.4314073441609629
-0.8275745759641198,-0.5127797575784685,-0.3252156863343304,-0.6152155523078459,-0.5887911903435977,0.9697335401234782,-1.2237343574115116,0.9698883162915988,-0.9386376686397433,0.1453663595032792,-0.9388196328222717,0.28203026286616667,0.3660793824018673,0.2833333602474056,0.09108121166960323,-1.0295070271804874,0.09696500229958847,-0.4314073441609629
-0.1502217330031066,-0.5127797575784685,-0.3252156863343304,-0.6152155523078459,-0.5887911903435977,0.06798363458008383,-0.1242311859337011,0.06814015721975146,1.5970392292531979,-0.2546818618497442,1.5968814719322975,-1.9082846968235483,0.6725056409523783,-1.910055782476778,-0.7293856220540164,1.4364999220227281,-0.7353997046529958,-0.4314073441609629
-0.9279231452916772,-0.6795015220289611,-0.3252156863343304,-0.6152155523078459,-0.5887911903435977,-1.0233177817203916,0.8253397348880442,-1.0230508924134085,-0.15614362593059347,0.3953964978489188,-0.1557354681186545,-0.7530637354515505,-0.8085546087084248,-0.7532988309386692,-1.3714901006203266,0.20349644742112044,-1.3695823385216315,1.1062022541453564
0.4518696829622384,1.7498727599639314,-0.3252156863343304,1.6254465548679973,1.09451253072544,-0.4730663087459529,0.6754074842319793,-0.47312524438399856,1.5316663092293952,1.8455713002536285,1.5316244582069958,0.5583222778910121,0.6214345978606265,0.5591754025372621,0.5548233350786057,-0.20750471077941549,0.5593898394954687,0.3373974549921968
0.050475405652008386,-0.5127797575784685,-0.3252156863343304,-0.6152155523078459,-0.5887911903435977,-0.11420665245827555,-0.8738924392140264,-0.11372501771910852,0.8640701259560195,-1.754862691923582,0.865070675155703,0.42217838642949396,-1.7278333843599578,0.42125438139233423,-0.1942985565820907,-1.0295070271804874,-0.19370203822353588,1.1062022541453564
0.7529153909449109,-0.5127797575784685,-0.3252156863343304,-0.6152155523078459,-0.5887911903435977,-0.8852948369943618,-0.27416343658976616,-0.885569480406056,-0.4235782987552396,0.4454025255180467,-0.42375534591899966,1.0148047374972777,1.4896423304204076,1.0129800527560593,1.8747047632426885,-0.6185058689799514,1.880603660055127,-0.4314073441609629
0.9536125296000258,1.7498727599639314,-0.3252156863343304,-0.6152155523078459,-0.5887911903435977,0.2998621817198137,1.7249332388244347,0.29980174910615653,-0.2908514611311562,2.2956255492757798,-0.2909107108353503,-0.9512732244911134,-0.39998626397441017,-0.9490576996605032,-0.1586260855506285,-1.4405081853810233,-0.15406562360674642,1.1062022541453564
-1.7056245575802478,1.7498727599639314,-0.3252156863343304,1.6254465548679973,1.9727579504136337,-0.32768214030120146,-0.7739376054433164,-0.32806611675419356,-0.9802386177457998,-0.9047602215484072,-0.9807705702171082,-0.1904691251473367,1.5917844166039112,-0.1927166159625087,-0.622368208959631,-1.0295070271804874,-0.6164904608026267,-0.4314073441609629
-0.3509188716582216,1.7498727599639314,-0.3252156863343304,-0.6152155523078459,-0.5887911903435977,0.08822699980656809,-0.9738472729847364,0.08870824248069409,-0.5681911218381966,0.1453663595032792,-0.5682530191678815,-0.34262994501609195,-0.19570209160740282,-0.3439848327021075,1.2326002846763777,-0.6185058689799514,1.2332088879808945,1.1062022541453564
0.7780025332768002,-0.6795015220289611,-0.3252156863343304,-0.6152155523078459,-0.5887911903435977,0.28329942835269,-0.024276352162991052,0.2835637870580442,-1.027782559581292,-0.2546818618497442,-1.0273827228780377,0.48023975190572965,0.8767898133193857,0.47909222896923925,-1.2644726875259416,-1.0295070271804874,-1.2638852328768586,-1.2002121433141226
0.30134682897090215,-0.5127797575784685,-0.3252156863343304,1.6254465548679973,1.09451253072544,-0.5650816052299727,0.17563331537842902,-0.5651403626566363,0.6956853319553165,-1.654850636585326,0.69493631794331,0.025759408350368503,-1.2171229534424395,0.025287578750442755,-0.26564349864501385,0.20349644742112044,-0.2597627292515191,1.8750070532985164
1.1543096682551408,-0.5127797575784685,3.074882430400277,-0.6152155523078459,-0.5887911903435977,0.8372315131864894,0.5254752335759142,0.8367370274970767,-0.3126424344724235,-0.10466377884236042,-0.31188617953276854,-1.147480597479772,2.3578500629801886,-1.1492656335805602,-0.12295361451916689,-1.4405081853810233,-0.12764134719555323,-1.2002121433141226
-0.22548315999877472,1.7498727599639314,-0.3252156863343304,1.6254465548679973,1.5336352405695368,-0.44730202573042727,0.4754978166905591,-0.44714450510701836,-0.24132652171918467,0.1953723871724071,-0.24196795054137443,1.0888830313807512,0.9278608564111375,1.0886141611258588,-0.8007305641169394,-0.20750471077941549,-0.8014603956809784,1.1062022541453564
0.17591111731145526,-0.5127797575784685,-0.3252156863343304,-0.6152155523078459,-0.5887911903435977,1.0967146492714257,0.07567848160771899,1.0965444202668766,0.4500416324719376,1.3455110235623493,0.45022251647342953,1.0188089695990874,0.21286625312661184,1.0174291179542827,0.1267536827010648,0.6144976056216563,0.12338927871078165,-1.2002121433141226
2.358492500185831,-0.5127797575784685,-0.3252156863343304,1.6254465548679973,2.0459450687209833,0.9568513986157151,0.4754978166905591,0.9568979466531091,0.48371859127207806,-0.6047240555336396,0.4828510233360804,0.023757292299463374,-0.5531993932496656,0.025287578750442755,0.6618407481729904,-1.0295070271804874,0.6650869451402415,-1.2002121433141226
0.4016953982984596,-0.6795015220289611,-0.3252156863343304,-0.6152155523078459,-0.5887911903435977,0.08822699980656809,-0.17420860281905612,0.08870824248069409,2.9896805255178367,-1.004772276886663,2.990584836494092,0.30605565547702307,-0.5021283501579138,0.3055786862385234,-0.5510232668967078,-0.20750471077941549,-0.5504297697746435,-0.4314073441609629
-0.2756574446625535,-0.6795015220289611,-0.3252156863343304,1.6254465548679973,1.6068223588768862,0.07534485829880552,-1.2237343574115116,0.07571787284220399,0.5748444797901054,-0.2546818618497442,0.5737447210248932,-1.1294615530216296,1.2342871149616486,-1.1314693727876663,-0.9077479772113245,-0.6185058689799514,-0.9071575013257511,-0.4314073441609629
0.00030112098822963846,-0.6795015220289611,-0.3252156863343304,1.6254465548679973,1.09451253072544,1.5181447071682361,0.025701064722363966,1.517648902714594,-0.8653407583100257,-1.004772276886663,-0.8642401885647842,-1.429778960657331,0.008582080759604505,-1.429556741068641,-1.0504378613371714,3.9025068712259436,-1.0524910215873136,-0.4314073441609629
0.30134682897090215,-0.6795015220289611,-0.3252156863343304,1.6254465548679973,1.899570832106284,-2.4808400780272657,-1.8734407769211268,-2.4812198843339113,-1.317008205747206,-0.9047602215484072,-1.3163780693758012,-0.6429473526517933,0.9278608564111375,-0.6420722009830817,1.0899104005505313,-0.6185058689799514,1.0878753677193318,-0.4314073441609629
0.8030896756086896,1.7498727599639314,3.074882430400277,-0.6152155523078459,-0.5887911903435977,-0.9644279919706189,0.3755429829198491,-0.9645942290402035,1.0027399563095398,-0.9547662492175351,1.0025765255054453,-1.311654113653955,-0.6042704363414175,-1.3094319807166064,0.01973626960668006,-0.6185058689799514,0.017692173066008943,-0.4314073441609629
0.5522182522897958,-0.5127797575784685,-0.3252156863343304,-0.6152155523078459,-0.5887911903435977,0.5464631762969869,-2.573124613316097,0.5466187722374667,0.727381293178978,0.8454507468710701,0.7275648248059609,0.7745508113887167,-0.09356000542389915,0.77273053205199,-0.1586260855506285,2.6695033966243362,-0.15406562360674642,-0.4314073441609629
-1.6805374152483585,-0.6795015220289611,-0.3252156863343304,-0.6152155523078459,-0.5887911903435977,-0.9368234030254127,-1.0238246898700913,-0.9364484281568087,0.15883498872954485,-0.35469391718800003,0.15889656234261965,0.031765756503082186,0.16179521003486,0.029736643948666156,1.339617697770763,1.0254987638221924,1.3389059936256666,-0.4314073441609629
1.9821853652074901,1.7498727599639314,-0.3252156863343304,-0.6152155523078459,-0.5887911903435977,-0.7491121981980124,-0.22418601970441113,-0.7491705992019112,0.4797565961191205,-1.8048687195927098,0.48052041570303433,-0.5948965674300809,0.9278608564111375,-0.5931324838026232,1.9460497053056118,0.20349644742112044,1.9466643510831096,0.3373974549921968
-0.20039601766688536,-0.5127797575784685,-0.3252156863343304,-0.6152155523078459,-0.5887911903435977,-0.00378829667745175,1.0252494024294643,-0.0033068757919435636,-0.17397260411890333,1.545535134238861,-0.17438032918302676,-0.701008718128029,1.2853581580534004,-0.6999100485599872,0.6261682771415289,-0.20750471077941549,0.625450530523452,-1.2002121433141226
0.17591111731145526,1.7498727599639314,-0.3252156863343304,1.6254465548679973,1.240886767340139,-0.16573521848932687,-0.6240053547872513,-0.16568649627306858,-1.7983906168315686,0.6454266361945584,-1.7988138494164223,-0.6970044860262199,-0.04248896233214733,-0.6954609833617638,-0.5510232668967078,-1.4405081853810233,-0.5504297697746435,1.1062022541453564
-0.12513459067121724,-0.5127797575784685,-0.3252156863343304,-0.6152155523078459,-0.5887911903435977,1.4850192004339888,0.7253849011173342,1.4851729786183694,-1.0832504917227002,-2.7049772176370124,-1.0833173060711532,1.3811919748128336,-0.6553414794331693,1.3822524642086096,0.4478059219842203,-0.20750471077941549,0.4536927338506961,2.643811852451676
-0.576703152645226,-0.5127797575784685,-0.3252156863343304,-0.6152155523078459,-0.5887911903435977,0.537261646648585,0.9252945686587544,0.5368759950085988,1.0245309296508072,1.595541161907989,1.0235519942028635,1.5954183922596337,1.030002942594641,1.595807593723337,0.9115480453932228,1.0254987638221924,0.9161175710465763,-1.2002121433141226
1.9069239382118222,-0.6795015220289611,-0.3252156863343304,-0.6152155523078459,-0.5887911903435977,0.1802422962905879,-0.07425376904834607,0.18072336075333137,-0.4830082260496054,0.8454507468710701,-0.4820205367451616,0.5082693766183952,0.6214345978606265,0.5102356853568039,1.410962639833686,-1.0295070271804874,1.40496668465365,-0.4314073441609629
0.5020439676260171,1.7498727599639314,-0.3252156863343304,-0.6152155523078459,-0.5887911903435977,1.3874829861609281,-0.3741182703604762,1.3877452063296938,1.3117755782402412,-0.15466980651148834,1.3125473407006274,-0.05632734973672365,0.9278608564111375,-0.05479559481758006,-0.5153507958652456,-0.6185058689799514,-0.510793355157854,1.1062022541453564
-0.3509188716582216,-0.5127797575784685,3.074882430400277,1.6254465548679973,2.338693541950381,0.7709804997179952,-1.0738021067554464,0.7707026485014192,-0.8633597607335469,-1.3048084429014306,-0.8642401885647842,0.4381953148367316,1.2342871149616486,0.4390506421852278,0.4478059219842203,-0.6185058689799514,0.4536927338506961,-0.4314073441609629
0.37660825596657027,-0.6795015220289611,-0.3252156863343304,-0.6152155523078459,-0.5887911903435977,-0.3736897885432114,-1.0738021067554464,-0.3735324104889084,-0.4196163036022821,-0.6047240555336396,-0.4190941306529068,-0.6549600489572213,-1.4724781689011985,-0.6554193965777524,-0.1942985565820907,-1.0295070271804874,-0.19370203822353588,3.4126166516048357
-0.5265288679814473,-0.6795015220289611,-0.3252156863343304,-0.6152155523078459,-0.5887911903435977,0.555664705945389,-1.3236891911822215,0.5552790186631265,-0.11058068167158003,-1.1547903598940468,-0.11145392309077193,0.15389483560826728,0.9789318995028893,0.15431046949892377,-0.5153507958652456,-0.20750471077941549,-0.510793355157854,0.3373974549921968
0.9034382449362471,1.7498727599639314,-0.3252156863343304,-0.6152155523078459,-0.5887911903435977,-1.5128391590153771,-0.27416343658976616,-1.5123548154631987,-0.09671369863622767,-0.9047602215484072,-0.09747027729249252,1.7676003726374363,-1.1149808672589359,1.7693211364540535,-3.654528246633876,-1.8515093435815593,-3.655282248089839,-0.4314073441609629
1.831662511216154,-0.5127797575784685,-0.3252156863343304,1.6254465548679973,0.5090155842666443,0.7746611115773563,2.124752573907275,0.7750327717142491,0.19647394268264332,0.7454386915328143,0.19618628447136335,0.4261826185313036,0.468221468585371,0.42570344659055764,0.7688581612673758,1.847501080223264,0.7707840507850142,-0.4314073441609629
-0.2756574446625535,-0.5127797575784685,3.074882430400277,1.6254465548679973,1.3140738856474885,-0.1970204192938934,0.17563331537842902,-0.197079889566086,-0.23538352898974788,0.1953723871724071,-0.23497612764223474,0.2560027542044062,-1.2171229534424395,0.2566389690580644,1.0899104005505313,-0.6185058689799514,1.0878753677193318,-1.2002121433141226
0.7780025332768002,1.7498727599639314,-0.3252156863343304,-0.6152155523078459,-0.5887911903435977,0.02565659819743449,1.0252494024294643,0.02592145589465889,2.2527494270677,0.4454025255180467,2.251782216818358,0.9247095152065674,-0.9617677379836803,0.9239987487915889,-2.1562844633124842,1.847501080223264,-2.162310630857426,0.3373974549921968
-0.5516160103133366,-0.5127797575784685,-0.3252156863343304,-0.6152155523078459,-0.5887911903435977,-2.5360492559176775,1.1751816530855295,-2.5364289552974935,0.20439793298855885,-0.2546818618497442,0.2055087150035499,0.7485233027269563,-2.289614858369228,0.7504852060608731,0.4121334509527587,0.20349644742112044,0.4140563192339066,-0.4314073441609629
0.5773053946216853,-0.6795015220289611,-0.3252156863343304,-0.6152155523078459,-0.5887911903435977,-0.5264351807066845,1.1252042362001744,-0.5261692537411659,-0.263117495060452,0.1953723871724071,-0.2629434192387927,1.0988936116352745,-0.3489152208826583,1.0975122915223054,-1.7638872819664058,-0.6185058689799514,-1.7659464846895288,-0.4314073441609629
0.6023925369535746,-0.5127797575784685,-0.3252156863343304,-0.6152155523078459,-0.5887911903435977,-0.8816142251350008,-0.17420860281905612,-0.8812393571932261,-1.2674832663352344,-0.004651723504104576,-1.2674353090818253,2.156010886512943,0.9789318995028893,2.1563898086994975,-0.9077479772113245,0.6144976056216563,-0.9071575013257511,0.3373974549921968
0.8783511026043578,-0.6795015220289611,3.074882430400277,-0.6152155523078459,-0.5887911903435977,0.06798363458008383,0.12565589849307401,0.06814015721975146,-1.1644713923583334,0.6454266361945584,-1.1648885732277798,-0.0022702163622970693,1.1321450287781447,-0.001406812438898447,0.05540874063814164,1.847501080223264,0.057328587682799005,0.3373974549921968
-0.5516160103133366,-0.5127797575784685,-0.3252156863343304,-0.6152155523078459,-0.5887911903435977,0.7838626412257582,-0.07425376904834607,0.7836930181399089,-1.0792884965697427,-0.9047602215484072,-1.0786560908050604,1.5033210539180193,-0.9106966948919285,1.5023772245606437,-0.479678324833784,-0.20750471077941549,-0.48436907874666085,1.1062022541453564
1.2546582375826985,1.7498727599639314,-0.3252156863343304,-0.6152155523078459,-0.5887911903435977,1.0341442476622922,0.17563331537842902,1.0337576336808416,-2.3788229067398747,-0.4547059725262559,-2.3791351500449958,0.24599217394988282,0.8257187702276338,0.24774083866161759,-1.5855249268090972,-1.0295070271804874,-1.5809765498111765,1.1062022541453564
0.35152111363468086,1.7498727599639314,-0.3252156863343304,-0.6152155523078459,-0.5887911903435977,-1.4723524285624083,0.3255655660344941,-1.4723011757445212,-1.10107946991101,-0.20467583418061627,-1.101962167135525,-1.0233494023236815,-0.04248896233214733,-1.0246918080303027,1.3752901688022245,-0.20750471077941549,1.3785424082424567,0.3373974549921968
-0.7021388643046729,-0.6795015220289611,-0.3252156863343304,-0.6152155523078459,-0.5887911903435977,0.6127141897654812,-0.27416343658976616,0.6126531512331241,-0.23538352898974788,0.1953723871724071,-0.23497612764223474,-1.2876287210430992,-0.5531993932496656,-1.2871866547254889,1.1612553426134544,-0.6185058689799514,1.1671481969529112,-1.2002121433141226
-1.7056245575802478,-0.5127797575784685,-0.3252156863343304,-0.6152155523078459,-0.5887911903435977,0.6292769431326048,-0.6240053547872513,0.6288911132812365,0.7749252350144709,0.9454628022093259,0.7741769774668902,-1.0373642146800146,-1.4724781689011985,-1.038039003624973,-0.1586260855506285,3.9025068712259436,-0.15406562360674642,0.3373974549921968
-1.7557988422440265,1.7498727599639314,-0.3252156863343304,-0.6152155523078459,-0.5887911903435977,-0.26327143276238757,-0.8239150223286714,-0.2631142685617434,0.05978510990560184,0.34539047017979085,0.05868043412162113,0.023757292299463374,-1.7789044274517096,0.025287578750442755,-0.7293856220540164,-1.4405081853810233,-0.7353997046529958,-0.4314073441609629
0.5020439676260171,-0.5127797575784685,-0.3252156863343304,-0.6152155523078459,-0.5887911903435977,-1.7226340349989424,-0.024276352162991052,-1.7223657912854535,1.1711247503102429,0.6454266361945584,1.1703802750847914,-1.0513790270363472,-1.063909824167184,-1.0513861992196434,-0.40833338277086084,1.847501080223264,-0.4050962495130813,0.3373974549921968
-1.2791431379381284,-0.5127797575784685,-0.3252156863343304,1.6254465548679973,1.9727579504136337,0.2372917801106801,-0.17420860281905612,0.23701496252012172,-1.2971982299824174,0.04535430416502335,-1.2977332083114292,0.31406411968064135,0.059653123851356335,0.3144768166349702,-0.8364030351484011,-1.0295070271804874,-0.8410968102977684,0.3373974549921968
0.7780025332768002,-0.6795015220289611,-0.3252156863343304,-0.6152155523078459,-0.5887911903435977,0.48757338654721394,-0.024276352162991052,0.4870795780610537,0.20835992814151635,0.895456774540198,0.2078393226365959,-0.08635909050029379,1.1321450287781447,-0.08593905120514467,-0.015936201424782154,0.6144976056216563,-0.02194424155078053,-0.4314073441609629
0.9285253872681365,-0.5127797575784685,-0.3252156863343304,-0.6152155523078459,-0.5887911903435977,0.9274065037408289,0.3255655660344941,0.9276696149665062,0.22420790875334745,0.9954688298784539,0.22415357606792133,-0.5128098093429894,0.9789318995028893,-0.5130493102346003,1.0542379295190691,-0.20750471077941549,1.0482389531025422,-0.4314073441609629
-0.20039601766688536,-0.6795015220289611,-0.3252156863343304,-0.6152155523078459,-0.5887911903435977,-0.5540397696518905,0.9752719855441093,-0.5543150546245611,0.00035518261123603374,-0.7547421385410233,0.0004152432954591597,-0.38667649813599514,0.3660793824018673,-0.38847548468434234,1.4466351108651483,1.847501080223264,1.4446030992704393,-1.2002121433141226
-0.978097429955456,-0.5127797575784685,-0.3252156863343304,-0.6152155523078459,-0.5887911903435977,-0.1344500176847598,1.5750009881683695,-0.13429310298005115,0.5906924604019366,-0.004651723504104576,0.5900589744562186,0.5543180457892024,0.468221468585371,0.5547263373390386,0.2694435668269118,0.20349644742112044,0.2687227989723444,-1.2002121433141226
-1.4045788495975753,-0.6795015220289611,-0.3252156863343304,1.6254465548679973,2.192319305335682,0.3145846291572571,-0.4240956872458312,0.31495718035106157,1.0601888860274262,0.3953964978489188,1.0608417163316073,1.227029038893174,-0.757483565616673,1.2265351822707866,-0.9077479772113245,-1.0295070271804874,-0.9071575013257511,-0.4314073441609629
-0.7523131489684516,1.7498727599639314,3.074882430400277,-0.6152155523078459,-0.5887911903435977,0.11767189468145432,0.6754074842319793,0.11793657416729655,-0.04124576649481992,1.9955893832610123,-0.04153569409937739,0.11985886274288803,-1.0128387810754322,0.11871794791313578,1.26827275570784,0.20349644742112044,1.272845302597684,1.8750070532985164
-0.1502217330031066,1.7498727599639314,-0.3252156863343304,-0.6152155523078459,-0.5887911903435977,-0.6847014906591985,0.4255203998052041,-0.6842187510094611,-0.48697022120256345,0.34539047017979085,-0.48668175201125446,-0.21849874986000226,-0.6042704363414175,-0.21941100715184989,-0.7293856220540164,-0.6185058689799514,-0.7353997046529958,0.3373974549921968
1.0790482412594726,1.7498727599639314,-0.3252156863343304,-0.6152155523078459,-0.5887911903435977,1.818114573706141,-0.27416343658976616,1.8185924660062793,0.7927542132027801,-0.5047120001953838,0.7928218385312624,-1.6119715212896564,-0.5021283501579138,-1.611968414195804,0.4834783930156819,0.20349644742112044,0.48011701026188924,-0.4314073441609629
-0.9530102876235665,-0.5127797575784685,-0.3252156863343304,-0.6152155523078459,-0.5887911903435977,1.808913044057739,0.07567848160771899,1.8088496887774113,1.301870590357847,0.6954326638636863,1.3008943025353947,0.4722312877021108,0.9278608564111375,0.47019409857279243,1.0185654584876076,-0.20750471077941549,1.0218146766913492,1.8750070532985164
-0.4512674409857791,-0.5127797575784685,-0.3252156863343304,1.6254465548679973,2.4118806602577303,-0.4381004960820253,1.0752268193148193,-0.43848425868135854,-0.7603478867566458,0.34539047017979085,-0.7593628450776925,-1.4598107014209012,0.26393729621836365,-1.460700197456205,1.0185654584876076,0.20349644742112044,1.0218146766913492,1.1062022541453564
-0.17530887533499598,-0.5127797575784685,-0.3252156863343304,-0.6152155523078459,-0.5887911903435977,0.1968050496577116,-0.47407310413118625,0.1969613228014437,-2.1529891830212846,0.34539047017979085,-2.153066209639487,0.4862461000584439,0.41715042549361914,0.487990359365686,1.196927813644916,5.1355103458275515,1.1935724733641044,0.3373974549921968
-0.6770517219727835,-0.5127797575784685,-0.3252156863343304,-0.6152155523078459,-0.5887911903435977,-1.0104356402126289,0.6754074842319793,-1.0100605227749186,-1.340780176664952,1.0454748575475818,-1.3396841457062658,-0.8051187527750718,-0.757483565616673,-0.8066876133173512,0.1267536827010648,1.0254987638221924,0.12338927871078165,1.1062022541453564
-0.7272260066365622,-0.6795015220289611,-0.3252156863343304,-0.6152155523078459,-0.5887911903435977,-0.04795563898978138,-0.17420860281905612,-0.047690638723451084,-0.3166044296253816,0.24537841484153503,-0.31654739479886185,-0.528826737750227,-0.2978441777909065,-0.5308455710274943,-0.8007305641169394,0.6144976056216563,-0.8014603956809784,-0.4314073441609629
-1.053358856951124,-0.6795015220289611,-0.3252156863343304,1.6254465548679973,1.4604481222621875,-1.0822075714701642,-0.17420860281905612,-1.082590086589821,0.24401788451813605,-0.40469994485712796,0.24512904476533962,-0.7490595033497414,0.8257187702276338,-0.7488497657404458,-0.622368208959631,0.20349644742112044,-0.6164904608026267,0.3373974549921968
-0.3509188716582216,1.7498727599639314,-0.3252156863343304,-0.6152155523078459,-0.5887911903435977,0.9494901748969939,0.22561073226378406,0.9493202310306565,-0.5741341145676334,0.3953964978489188,-0.5752448420670209,-2.6590782159128015,1.8471396320626705,-2.6574987357783257,0.982892987456146,0.6144976056216563,0.982178262074559,-0.4314073441609629
0.5020439676260171,1.7498727599639314,-0.3252156863343304,1.6254465548679973,1.1676996490327896,0.7084100981088616,-0.6240053547872513,0.7079158619153844,2.9282696006469915,0.3953964978489188,2.927658430401837,0.24198794184807312,0.9278608564111375,0.2432917734633942,-0.979092919274248,1.0254987638221924,-0.9732181923537343,1.1062022541453564
1.4804425185697028,-0.5127797575784685,-0.3252156863343304,-0.6152155523078459,-0.5887911903435977,-1.5128391590153771,0.6254300673466242,-1.5123548154631987,1.3355475491579885,-1.5548385812470702,1.3358534170310916,1.09689149558437,-1.932117556726965,1.0975122915223054,1.0542379295190691,-0.20750471077941549,1.0482389531025422,1.1062022541453564
0.8532639602724683,-0.5127797575784685,-0.3252156863343304,-0.6152155523078459,-0.5887911903435977,1.107756484849508,-0.47407310413118625,1.1073697282989516,-0.46716024543777485,0.1953723871724071,-0.4680368909468826,0.3340852801896881,0.9278608564111375,0.3322730774278638,-1.5498524557776352,-0.6185058689799514,-1.5545522733999833,0.3373974549921968
0.37660825596657027,-0.5127797575784685,-0.3252156863343304,-0.6152155523078459,-0.5887911903435977,0.6918473447417384,-0.47407310413118625,0.6916778998672712,0.3054288093889806,-0.2546818618497442,0.3057248432245484,-1.0493769109854427,-1.2171229534424395,-1.0513861992196434,0.3764609799212971,-0.6185058689799514,0.37441990461711655,0.3373974549921968
-0.04987316367554911,-0.5127797575784685,-0.3252156863343304,-0.6152155523078459,-0.5887911903435977,-0.7178269973934459,-0.6240053547872513,-0.7177772059088934,0.2024169354120801,-0.10466377884236042,0.20317810737050304,0.5883540186545823,1.2853581580534004,0.5903188589248266,0.7688581612673758,-0.20750471077941549,0.7707840507850142,0.3373974549921968
1.1793968105870303,-0.5127797575784685,-0.3252156863343304,-0.6152155523078459,-0.5887911903435977,-1.0177968639313502,-0.8738924392140264,-1.0176382383973712,-0.4156543084493246,-0.9547662492175351,-0.41676352301986036,1.0508428264135623,-0.04248896233214733,1.0530216395400707,0.3764609799212971,0.6144976056216563,0.37441990461711655,-1.2002121433141226
1.5807910878972602,1.7498727599639314,-0.3252156863343304,1.6254465548679973,1.3872610039548379,-0.3681688707541705,0.07567848160771899,-0.3681197564728712,-0.6315830442855199,0.6454266361945584,-0.6311794252601364,0.8726544978830459,1.387500244236904,0.8706099664129073,-0.2299710276135523,1.847501080223264,-0.23333845284032595,1.1062022541453564
-1.2289688532743497,1.7498727599639314,3.074882430400277,-0.6152155523078459,-0.5887911903435977,1.3193916667627537,0.8753171517733993,1.3195457657276217,-0.08086571802439713,-1.004772276886663,-0.0811560238611671,-0.17044796463828993,-2.3917569445527316,-0.17047128997139088,0.2694435668269118,-1.0295070271804874,0.2687227989723444,-1.2002121433141226
-2.0317574078948097,-0.5127797575784685,-0.3252156863343304,-0.6152155523078459,-0.5887911903435977,0.1894438259389899,0.4255203998052041,0.1893836071789912,1.1394287890865806,-0.8047481662101513,1.1400823758551875,-0.38067014998328086,0.11072416694310817,-0.3795773542878955,-1.4071625716517886,0.6144976056216563,-1.409218753138421,-1.2002121433141226
1.5306168032334815,-0.6795015220289611,-0.3252156863343304,-0.6152155523078459,-0.5887911903435977,0.08822699980656809,0.8753171517733993,0.08870824248069409,0.46192761793081066,-0.2546818618497442,0.4618755546386621,-0.40069131049232765,-0.9106966948919285,-0.4018226802790133,0.4834783930156819,-0.6185058689799514,0.48011701026188924,-0.4314073441609629
-0.576703152645226,-0.5127797575784685,-0.3252156863343304,-0.6152155523078459,-0.5887911903435977,-1.693189140124056,-1.3236891911822215,-1.693137459598851,0.2796758408947558,-2.1049048856074775,0.2800881592610373,0.015748828095845126,2.4089211060719404,0.01638944835399595,0.1980986247639886,0.6144976056216563,0.20266210794436118,-0.4314073441609629
0.9786996719319152,-0.5127797575784685,-0.3252156863343304,-0.6152155523078459,-0.5887911903435977,0.9605320104750762,0.025701064722363966,0.9601455390627317,-0.8039298334391811,-0.3046878895188721,-0.8036443901055759,-1.8041746621765051,-0.09356000542389915,-1.8032782177194147,1.4466351108651483,0.6144976056216563,1.4446030992704393,1.1062022541453564
2.2832310731901626,-0.5127797575784685,-0.3252156863343304,-0.6152155523078459,-0.5887911903435977,0.09742852945497008,-0.6240053547872513,0.09736848890635391,0.4797565961191205,-0.10466377884236042,0.48052041570303433,0.237983709746264,0.26393729621836365,0.2388427082651708,0.4121334509527587,-0.6185058689799514,0.4140563192339066,0.3373974549921968
2.0574467922031583,-0.5127797575784685,-0.3252156863343304,1.6254465548679973,1.6800094771842358,-0.1565336888409249,0.17563331537842902,-0.15702624984740837,-0.14029564531876293,-1.3048084429014306,-0.13942121468732907,-0.08035274234757954,-0.757483565616673,-0.08148998600692127,-0.015936201424782154,-0.20750471077941549,-0.02194424155078053,-0.4314073441609629
-0.37600601399011097,-0.5127797575784685,-0.3252156863343304,1.6254465548679973,1.8263837137989347,1.3506768675673202,0.5754526504612691,1.3509391590206392,0.18656895480024902,-0.3046878895188721,0.18686385393917762,-2.112500534015825,-0.09356000542389915,-2.1147127815950593,0.5904958061100672,-0.20750471077941549,0.585814115906662,1.1062022541453564
-1.2038817109424602,-0.5127797575784685,-0.3252156863343304,1.6254465548679973,1.7531965954915851,-0.8926560607130836,-1.8734407769211268,-0.8931471960285084,0.529281535531092,1.2454989682240936,0.5294631759970098,-0.4327251673068023,0.26393729621836365,-0.43296613666657713,0.9115480453932228,-1.0295070271804874,0.9161175710465763,0.3373974549921968
0.426782540630349,-0.5127797575784685,-0.3252156863343304,1.6254465548679973,1.1676996490327896,-1.1337361375012154,-0.8738924392140264,-1.1334690343405738,-1.8043336095610054,-1.4048204982396864,-1.803475064682515,0.9006841225957115,-1.370336082717695,0.9017534228004719,2.374119357683152,-1.0295070271804874,2.3694527736621995,-0.4314073441609629
-0.37600601399011097,-0.5127797575784685,-0.3252156863343304,-0.6152155523078459,-0.5887911903435977,0.8133075361006445,-1.2737117742968667,0.8129213498265118,-0.891093726804251,0.4454025255180467,-0.8922074801613419,-1.0073324739164446,2.204636933704933,-1.0068955472374086,-1.0504378613371714,1.847501080223264,-1.0524910215873136,-0.4314073441609629
0.7529153909449109,-0.5127797575784685,-0.3252156863343304,1.6254465548679973,2.2655064236430316,-2.03548604304461,1.0752268193148193,-2.035217193412421,-1.9687564084087508,1.7955652725845006,-1.9689482066288153,-1.9162931610271672,-0.2978441777909065,-1.914504847675002,-0.40833338277086084,-0.20750471077941549,-0.4050962495130813,-1.2002121433141226
-0.7021388643046729,-0.6795015220289611,-0.3252156863343304,1.6254465548679973,1.3140738856474885,-0.8926560607130836,-0.1242311859337011,-0.8931471960285084,-1.86574453443185,-0.15466980651148834,-1.86640147077477,0.4241805024803985,-0.19570209160740282,0.42570344659055764,-0.015936201424782154,0.6144976056216563,-0.02194424155078053,0.3373974549921968
-0.651964579640894,1.7498727599639314,-0.3252156863343304,1.6254465548679973,1.3872610039548379,-1.1447779730792977,0.07567848160771899,-1.1442943423726486,0.12119603477644696,1.3455110235623493,0.12160684021387597,-0.12239717941657761,0.7235766840441301,-0.12153157279093267,-2.1562844633124842,1.0254987638221924,-2.162310630857426,1.1062022541453564
-0.22548315999877472,-0.5127797575784685,3.074882430400277,-0.6152155523078459,-0.5887911903435977,-0.9018575903614856,0.6254300673466242,-0.9018074424541687,1.186972730922074,1.0954808852167097,1.1866945285161168,0.8746566139339506,-0.09356000542389915,0.8750590316111307,-0.30131596967647545,-1.0295070271804874,-0.29939914386830857,0.3373974549921968
-0.7272260066365622,-0.5127797575784685,-0.3252156863343304,-0.6152155523078459,-0.5887911903435977,0.3440295240321433,2.324662241448695,0.3441855120376637,0.3212767900008117,1.0454748575475818,0.3220390966558738,-1.756123876954793,1.2853581580534004,-1.754338500538956,1.0185654584876076,-0.20750471077941549,1.0218146766913492,-1.2002121433141226
2.0072725075393794,-0.5127797575784685,3.074882430400277,-0.6152155523078459,-0.5887911903435977,-0.33872397587928377,-0.8738924392140264,-0.3388914247862683,-1.511145968242134,-0.8547541938792792,-1.5121491105517053,1.231033270994983,-0.09356000542389915,1.23098424746901,1.3752901688022245,-0.6185058689799514,1.3785424082424567,-1.2002121433141226
-0.07496030600743848,1.7498727599639314,3.074882430400277,-0.6152155523078459,-0.5887911903435977,-0.39209284784001536,-1.4736214418382867,-0.39193543414343607,2.0982316161023498,-1.7048566642544538,2.09796211303729,-1.1274594369707251,-0.3489152208826583,-1.127020307589443,-2.9054063549731803,-0.20750471077941549,-2.9021903703708345,-0.4314073441609629
0.8030896756086896,-0.6795015220289611,-0.3252156863343304,-0.6152155523078459,-0.5887911903435977,-0.3240015284418409,-0.47407310413118625,-0.3237359935413637,0.22618890632982622,-0.3046878895188721,0.22648418370096818,1.1989994141805078,-1.1149808672589359,1.1998407910814461,0.697513219204452,0.20349644742112044,0.6915112215514346,-0.4314073441609629
0.7027411062811321,-0.6795015220289611,-0.3252156863343304,-0.6152155523078459,-0.5887911903435977,0.5022958339846574,-0.47407310413118625,0.5022350093059588,-0.9069417074160816,1.0454748575475818,-0.9061911259596208,0.8926756583920927,0.6214345978606265,0.8928552924040243,1.1255828715819929,0.20349644742112044,1.1275117823361218,1.1062022541453564
-2.508413112200708,-0.6795015220289611,-0.3252156863343304,-0.6152155523078459,-0.5887911903435977,-0.08292145165370902,-1.3236891911822215,-0.0834141552292984,-0.9703336298634054,-1.054778304555791,-0.971448139684922,0.6003667149600102,0.468221468585371,0.5992169893212734,-1.7638872819664058,-0.6185058689799514,-1.7659464846895288,-0.4314073441609629
0.7780025332768002,-0.6795015220289611,-0.3252156863343304,1.6254465548679973,2.0459450687209833,0.4084402315709572,-0.3741182703604762,0.4080548294269065,-0.8792077413453775,-1.2548024152323025,-0.8782238343630633,-1.3857324075374278,-0.39998626397441017,-1.3850660890864057,1.2326002846763777,0.20349644742112044,1.2332088879808945,-1.2002121433141226
-0.04987316367554911,-0.5127797575784685,-0.3252156863343304,-0.6152155523078459,-0.5887911903435977,-1.0141162520719897,-0.5240505210165413,-1.0143906459877485,-1.0753265014167848,-1.5048325535779423,-1.076325483172014,-0.6229261921427465,-0.24677313469915466,-0.6242759401901877,0.09108121166960323,0.6144976056216563,0.09696500229958847,-0.4314073441609629
-0.6017902949771153,1.7498727599639314,-0.3252156863343304,1.6254465548679973,1.4604481222621875,-0.8061616820181046,0.8253397348880442,-0.8065447317719084,0.868032121108977,0.09536033183415127,0.8674012827887498,0.1398800232519348,-1.319265039625943,0.1409632739042536,0.4478059219842203,-0.6185058689799514,0.4536927338506961,1.8750070532985164
0.47695682529412775,-0.5127797575784685,-0.3252156863343304,1.6254465548679973,1.1676996490327896,0.8795585495691387,-0.9738472729847364,0.8800382596253765,0.6778563537670066,-1.4548265259088142,0.6786220645119846,-0.6829896736698868,1.4385712873286558,-0.6821137877670932,-0.4440058538023224,3.4915057130254077,-0.4447326641298708,-0.4314073441609629
-0.9028360029597878,1.7498727599639314,-0.3252156863343304,1.6254465548679973,1.5336352405695368,-0.39761376562905676,0.17563331537842902,-0.39734808815947364,2.407267238033051,-0.9547662492175351,2.4079329282324724,0.18993292452455168,-0.19570209160740282,0.1899029910847118,-0.479678324833784,0.6144976056216563,-0.48436907874666085,-0.4314073441609629
0.7278282486130215,-0.6795015220289611,3.074882430400277,-0.6152155523078459,-0.5887911903435977,0.6716039795152536,0.2755881491491391,0.671109814606329,3.2293812322717783,-0.7047361108718955,3.228306815064833,-1.477829745879043,1.1832160718698967,-1.4784964582490991,2.374119357683152,-1.0295070271804874,2.3694527736621995,2.643811852451676
1.2044839529189195,-0.6795015220289611,-0.3252156863343304,-0.6152155523078459,-0.5887911903435977,1.0654294484668587,-1.0738021067554464,1.065151026973859,-0.16406761623650903,0.34539047017979085,-0.16505789865084022,0.13787790720103021,0.5703635547688747,0.13651420870603018,-0.40833338277086084,1.847501080223264,-0.4050962495130813,-1.2002121433141226
1.2044839529189195,-0.6795015220289611,-0.3252156863343304,1.6254465548679973,1.4604481222621875,0.0182953744787128,-0.4240956872458312,0.018343740272206362,-0.2551935047545365,-1.8048687195927098,-0.25595159633965303,1.3011073327766467,-2.3917569445527316,1.302169290640586,0.840203103330299,-0.6185058689799514,0.8368447418129968,1.1062022541453564
2.483928211845278,-0.6795015220289611,-0.3252156863343304,-0.6152155523078459,-0.5887911903435977,-0.9478652386034955,-0.6739827716726063,-0.9483562669920912,-1.3368181815119946,0.24537841484153503,-1.3373535380732193,-0.45875267596856334,1.1832160718698967,-0.4596605278559183,0.3407885088898349,-1.0295070271804874,0.3347834900003271,-0.4314073441609629
0.10064969031578713,-0.6795015220289611,-0.3252156863343304,-0.6152155523078459,-0.5887911903435977,0.6200754134842028,-0.024276352162991052,0.6202308668555766,0.0835570808233485,-2.4049410516222447,0.08431711808513309,-0.41670823889956526,-0.3489152208826583,-0.41516987587368354,-0.26564349864501385,0.6144976056216563,-0.2597627292515191,-0.4314073441609629
-0.8024874336322303,-0.5127797575784685,-0.3252156863343304,1.6254465548679973,2.1191321870283324,-0.45466324944914893,-0.1242311859337011,-0.4547222207294709,-1.1545664044759392,0.24537841484153503,-1.155566142695594,-1.1374700172252485,0.8767898133193857,-1.13591843798589,-1.5498524557776352,-0.20750471077941549,-1.5545522733999833,-0.4314073441609629
-0.5014417256495578,1.7498727599639314,-0.3252156863343304,-0.6152155523078459,-0.5887911903435977,-0.4638647790975509,-0.8239150223286714,-0.4633824671551311,0.3074098069654594,-0.4547059725262559,0.30805545085759445,0.5863519026036776,-0.9106966948919285,0.5858697937266033,1.2326002846763777,-0.6185058689799514,1.2332088879808945,-0.4314073441609629
0.050475405652008386,-0.5127797575784685,-0.3252156863343304,1.6254465548679973,1.4604481222621875,-1.080367265540484,0.22561073226378406,-1.080425024983406,1.3811104934170013,-0.004651723504104576,1.3801349620589751,-0.8011145206732627,-1.2171229534424395,-0.8022385481191278,-0.9077479772113245,-0.20750471077941549,-0.9071575013257511,0.3373974549921968
0.4518696829622384,-0.6795015220289611,-0.3252156863343304,-0.6152155523078459,-0.5887911903435977,2.107042604665963,-0.024276352162991052,2.106545659659474,0.6303124119315138,-2.354935023953117,0.6296793042180091,-0.11038448311114966,-1.8299754705434614,-0.10818437719626246,-0.4440058538023224,-1.4405081853810233,-0.4447326641298708,-1.2002121433141226
-0.6770517219727835,-0.5127797575784685,-0.3252156863343304,-0.6152155523078459,-0.5887911903435977,-0.1399709354738012,0.22561073226378406,-0.13970575699608836,0.21826491602391065,-0.054657751173232495,0.21716175316878164,-0.36665533762694835,0.26393729621836365,-0.3662301586932253,0.4834783930156819,0.6144976056216563,0.48011701026188924,-0.4314073441609629
-0.37600601399011097,-0.5127797575784685,-0.3252156863343304,-0.6152155523078459,-0.5887911903435977,0.26673667498556636,-0.1242311859337011,0.26624329420672377,-0.13633365016580487,-0.2546818618497442,-0.13709060705428305,-0.17044796463828993,1.1832160718698967,-0.17047128997139088,-0.33698844070793704,1.0254987638221924,-0.33903555848509864,1.1062022541453564
-1.8561474115715841,1.7498727599639314,-0.3252156863343304,-0.6152155523078459,-0.5887911903435977,-1.9692350295761154,-1.2737117742968667,-1.9691828144167636,0.1568539911530661,0.8454507468710701,0.15656595470957363,-2.697118420879991,-1.4724781689011985,-2.6975403225623373,-0.12295361451916689,-0.6185058689799514,-0.12764134719555323,-0.4314073441609629
-1.1035331416149028,-0.5127797575784685,-0.3252156863343304,-0.6152155523078459,-0.5887911903435977,1.7113768297846779,-1.3236891911822215,1.7114219164887365,0.4797565961191205,-0.7547421385410233,0.48052041570303433,-0.4467399796631354,0.21286625312661184,-0.44631333226124814,0.09108121166960323,-0.6185058689799514,0.09696500229958847,0.3373974549921968
-0.9530102876235665,-0.5127797575784685,-0.3252156863343304,1.6254465548679973,1.5336352405695368,-0.6883821025185591,0.3255655660344941,-0.6885488742222909,-1.624062830101429,-2.204916940945733,-1.6240182769379363,0.7925698558468589,-0.451057307066162,0.7905267928448845,-1.3001451585574035,1.4364999220227281,-1.3035216474936484,-0.4314073441609629
0.35152111363468086,-0.5127797575784685,3.074882430400277,-0.6152155523078459,-0.5887911903435977,0.005413232970950234,0.9252945686587544,0.005353370633716637,-0.03728377134186186,1.2955049958932214,-0.036874478833284534,0.3320831641387835,-1.5235492119929503,0.3322730774278638,0.7688581612673758,-0.6185058689799514,0.7707840507850142,-0.4314073441609629
0.30134682897090215,1.7498727599639314,-0.3252156863343304,-0.6152155523078459,-0.5887911903435977,-0.5448382400034885,0.9752719855441093,-0.5445722773956936,-0.011530802847637014,-0.7547421385410233,-0.011237794869772572,1.3251327253875025,0.26393729621836365,1.3244146166317037,0.2694435668269118,-0.6185058689799514,0.2687227989723444,0.3373974549921968
-0.1502217330031066,-0.5127797575784685,-0.3252156863343304,-0.6152155523078459,-0.5887911903435977,-2.0299651252555684,-1.0738021067554464,-2.0298045393963835,-0.19576357746017067,0.4454025255180467,-0.19535579788044502,0.38814241356411466,0.11072416694310817,0.3901109250047696,-0.479678324833784,0.20349644742112044,-0.48436907874666085,-1.2002121433141226
-0.17530887533499598,1.7498727599639314,3.074882430400277,1.6254465548679973,1.09451253072544,0.32010554694629795,1.2251590699708845,0.32036983436709876,0.27373284816531895,1.7955652725845006,0.27309633636189756,1.6354607132777272,0.16179521003486,1.6358491805073483,-0.26564349864501385,0.20349644742112044,-0.2597627292515191,1.8750070532985164
-1.2038817109424602,-0.5127797575784685,-0.3252156863343304,1.6254465548679973,1.3872610039548379,-2.830498204666541,0.9252945686587544,-2.8308773337699336,0.11525304204701015,-0.20467583418061627,0.11461501731473708,0.5523159297382979,-1.8299754705434614,0.5502772721408152,-1.335817629588865,1.0254987638221924,-1.3299459239048417,-0.4314073441609629
-1.2540559956062391,1.7498727599639314,-0.3252156863343304,-0.6152155523078459,-0.5887911903435977,-2.3538589688793183,0.3255655660344941,-2.3534812495554265,0.5847494676724998,0.1953723871724071,0.5853977591901257,0.5403032334328699,0.9278608564111375,0.5413791417443684,0.05540874063814164,-0.20750471077941549,0.057328587682799005,0.3373974549921968
-0.7021388643046729,-0.5127797575784685,-0.3252156863343304,-0.6152155523078459,-0.5887911903435977,0.22993055639195842,-0.7239601885579613,0.22943724689766917,-0.635545039438478,0.7954447192019422,-0.6358406405262292,-1.2155525432105303,-0.6553414794331693,-1.216001611553913,-0.30131596967647545,0.6144976056216563,-0.29939914386830857,-0.4314073441609629
0.6776539639492427,1.7498727599639314,-0.3252156863343304,-0.6152155523078459,-0.5887911903435977,0.360592277399267,-0.7239601885579613,0.3604234740857768,-0.11652367440101627,0.09536033183415127,-0.11611513835686478,1.9557992814224754,-0.9106966948919285,1.9561818747794404,1.4466351108651483,-1.0295070271804874,1.4446030992704393,1.8750070532985164
0.6023925369535746,-0.5127797575784685,3.074882430400277,-0.6152155523078459,-0.5887911903435977,0.13975556583761942,0.8753171517733993,0.13958719023144647,-0.792043847980308,0.5454145808563026,-0.7919913519403433,1.2670713599112673,0.6214345978606265,1.266576769054798,-0.2299710276135523,-1.0295070271804874,-0.23333845284032595,-1.2002121433141226
-1.5049274189251327,1.7498727599639314,-0.3252156863343304,1.6254465548679973,1.899570832106284,0.27041728684492744,-1.8734407769211268,0.2705734174195537,1.0740558690627786,0.49540855318717464,1.0748253621298867,-0.807120868825977,0.774647727135882,-0.8066876133173512,2.4811367707775376,1.847501080223264,2.475149879306972,0.3373974549921968
-1.5551017035889116,-0.6795015220289611,-0.3252156863343304,-0.6152155523078459,-0.5887911903435977,-0.3552867292464074,-1.6235536924943517,-0.35512938683438106,-1.9430034399145257,0.1453663595032792,-1.9433115226653037,0.6964682854034349,0.3150083393101155,0.6970964236821907,-0.40833338277086084,0.20349644742112044,-0.4050962495130813,0.3373974549921968
0.4016953982984596,-0.6795015220289611,-0.3252156863343304,-0.6152155523078459,-0.5887911903435977,1.107756484849508,-0.8239150223286714,1.1073697282989516,-0.5127231896967883,0.2953844425106629,-0.512318435974766,0.1799223442700283,-0.3489152208826583,0.181004860688265,-0.1586260855506285,-1.0295070271804874,-0.15406562360674642,-1.2002121433141226
-0.7021388643046729,-0.5127797575784685,-0.3252156863343304,-0.6152155523078459,-0.5887911903435977,-0.3608076470354488,0.4754978166905591,-0.36054204085041863,0.24996087724757288,-1.4048204982396864,0.24979026003143245,-0.528826737750227,-1.4214071258094467,-0.5308455710274943,0.982892987456146,-0.20750471077941549,0.982178262074559,-1.2002121433141226
0.6525668216173534,-0.6795015220289611,-0.3252156863343304,-0.6152155523078459,-0.5887911903435977,-0.6074086416126221,-0.47407310413118625,-0.6073590639817285,0.05582311475264434,-1.104784332224919,0.05634982648857512,0.0577932651648432,0.5192925116771229,0.05643103513800736,1.2326002846763777,-0.6185058689799514,1.2332088879808945,-0.4314073441609629
0.426782540630349,1.7498727599639314,-0.3252156863343304,-0.6152155523078459,-0.5887911903435977,0.46917032725041,0.7253849011173342,0.4686765544065268,-0.3146234320489023,1.8455713002536285,-0.31421678716581497,-0.48878441673213346,0.774647727135882,-0.4908039842434829,-1.1574552744315565,0.6144976056216563,-1.1581881272320862,-1.2002121433141226
-1.4798402765932435,-0.6795015220289611,-0.3252156863343304,-0.6152155523078459,-0.5887911903435977,1.1316804619353529,1.6749558219390797,1.1311854059695166,-1.667644776783964,0.6954326638636863,-1.6682998219658194,-0.9672901528983511,-0.451057307066162,-0.9668539604533972,0.1267536827010648,-0.20750471077941549,0.12338927871078165,-1.2002121433141226
0.426782540630349,1.7498727599639314,-0.3252156863343304,-0.6152155523078459,-0.5887911903435977,-1.2275917399149157,-1.0238246898700913,-1.227649214219626,-1.0020295910870671,-0.6547300832027676,-1.0017460389145265,0.0758123096229854,0.774647727135882,0.07422729593090097,0.1980986247639886,-0.20750471077941549,0.20266210794436118,0.3373974549921968
1.4051810915740346,-0.6795015220289611,-0.3252156863343304,-0.6152155523078459,-0.5887911903435977,1.1132774026385488,-1.6735311093797067,1.112782382314989,-0.9445806613691801,-0.10466377884236042,-0.9434808480883645,0.9707581843773752,-1.4214071258094467,0.9729384659720479,-0.015936201424782154,0.6144976056216563,-0.02194424155078053,0.3373974549921968
-0.04987316367554911,-0.5127797575784685,-0.3252156863343304,-0.6152155523078459,-0.5887911903435977,-2.149585010684794,-0.9738472729847364,-2.149965458552416,0.6005974482843309,-1.8048687195927098,0.6017120126214511,-0.6329367723972699,1.081073985686393,-0.633174070586635,-0.622368208959631,0.20349644742112044,-0.6164904608026267,-0.4314073441609629
-1.6805374152483585,-0.5127797575784685,-0.3252156863343304,-0.6152155523078459,-0.5887911903435977,0.2575351453371644,-1.3236891911822215,0.25758304778106395,-1.4616210288301625,-0.8047481662101513,-1.460875742624683,0.4141699222258751,3.3792709248152253,0.41235625099588663,-0.5153507958652456,-0.20750471077941549,-0.510793355157854,-1.2002121433141226
0.47695682529412775,1.7498727599639314,-0.3252156863343304,-0.6152155523078459,-0.5887911903435977,0.2372917801106801,1.1252042362001744,0.23701496252012172,0.11327204447053141,0.24537841484153503,0.11228440968169025,1.655481873786774,-0.3489152208826583,1.6536454413002426,0.1980986247639886,-0.6185058689799514,0.20266210794436118,-0.4314073441609629
1.6811396572248176,-0.5127797575784685,-0.3252156863343304,1.6254465548679973,1.0213254124180906,-0.07003931014594593,-1.5235988587236418,-0.07042378559080867,0.21826491602391065,0.24537841484153503,0.21716175316878164,-0.5208182735466081,-0.9617677379836803,-0.5219474406310476,-1.0504378613371714,0.20349644742112044,-1.0524910215873136,0.3373974549921968
0.00030112098822963846,1.7498727599639314,-0.3252156863343304,-0.6152155523078459,-0.5887911903435977,0.7470565226321503,1.1751816530855295,0.7468869708308543,-0.23934552414270593,0.04535430416502335,-0.2396373429083276,1.5593803033433493,-0.09356000542389915,1.5602150721375487,0.1267536827010648,-0.20750471077941549,0.12338927871078165,-0.4314073441609629
-2.0066702655629203,-0.5127797575784685,-0.3252156863343304,-0.6152155523078459,-0.5887911903435977,-0.6202907831203847,-1.1237795236408015,-0.6203494336202185,-1.8023526119845263,-1.054778304555791,-1.803475064682515,0.9387243275629005,0.41715042549361914,0.93734594438626,-1.22880021649448,1.0254987638221924,-1.2242488182600688,-1.2002121433141226
0.4016953982984596,-0.5127797575784685,-0.3252156863343304,-0.6152155523078459,-0.5887911903435977,-0.6699790432217552,0.12565589849307401,-0.6701458505677637,0.21034092571799567,0.3953964978489188,0.21016993026964276,-0.3065918560998081,-0.19570209160740282,-0.3083923111163195,0.4478059219842203,-0.6185058689799514,0.4536927338506961,-0.4314073441609629
0.15082397497956587,1.7498727599639314,3.074882430400277,-0.6152155523078459,-0.5887911903435977,1.0010187409280447,-0.47407310413118625,1.0012817095846163,-0.7444999061448153,0.24537841484153503,-0.7453791992794139,1.6414670614304414,0.008582080759604505,1.6402982457055724,-0.08728114348770531,-0.6185058689799514,-0.08800493257876318,-0.4314073441609629
-1.6052759882526904,-0.5127797575784685,-0.3252156863343304,-0.6152155523078459,-0.5887911903435977,0.21520810895451556,0.7753623180026893,0.2153643464559714,-0.659317010356224,-0.054657751173232495,-0.659146716856694,0.3200704678333556,0.6214345978606265,0.3189258818331936,1.339617697770763,0.20349644742112044,1.3389059936256666,1.1062022541453564
-0.5014417256495578,-0.5127797575784685,-0.3252156863343304,-0.6152155523078459,-0.5887911903435977,0.07166424643944441,0.7753623180026893,0.07138774962937408,-0.9525046516750956,-0.10466377884236042,-0.9528032786205503,0.23397947764445431,-0.04248896233214733,0.23439364306694738,0.697513219204452,0.6144976056216563,0.6915112215514346,1.1062022541453564
-0.9028360029597878,1.7498727599639314,-0.3252156863343304,-0.6152155523078459,-0.5887911903435977,0.2888203461417314,0.4754978166905591,0.2889764410740814,-0.3859393448021417,0.4454025255180467,-0.38646562379025595,-0.44073363151042116,0.26393729621836365,-0.44186426706302473,-0.479678324833784,-0.20750471077941549,-0.48436907874666085,-1.2002121433141226
-0.024786021343659734,-0.5127797575784685,-0.3252156863343304,-0.6152155523078459,-0.5887911903435977,0.22440963860291754,-0.27416343658976616,0.2240245928816312,0.004317177764194092,0.04535430416502335,0.005076458561552018,1.4292427600345454,-1.319265039625943,1.4311921813890678,2.8378614810921543,-0.6185058689799514,2.83187761085808,-0.4314073441609629
1.555703945565371,-0.6795015220289611,-0.3252156863343304,1.6254465548679973,1.09451253072544,0.8151478420303248,1.2751364868562394,0.8150864114329264,0.6501223876963024,-0.5547180278645117,0.6506547729154274,1.869708291233574,0.21286625312661184,1.871649636013194,-0.5153507958652456,-0.20750471077941549,-0.510793355157854,-0.4314073441609629
-1.8561474115715841,-0.6795015220289611,-0.3252156863343304,-0.6152155523078459,-0.5887911903435977,1.048866695099735,0.4754978166905591,1.0489130649257468,0.6184264264726408,-0.40469994485712796,0.6180262660527766,-0.7170256465352666,-0.757483565616673,-0.7177063093528812,0.8758755743617606,0.6144976056216563,0.8764811564297869,-0.4314073441609629
0.9034382449362471,-0.5127797575784685,3.074882430400277,-0.6152155523078459,-0.5887911903435977,-0.10500512280987356,1.1252042362001744,-0.10506477129344871,-0.7801578625214344,0.7454386915328143,-0.7803383137751108,1.205005762333222,-0.09356000542389915,1.2042898562796696,0.4121334509527587,-0.6185058689799514,0.4140563192339066,0.3373974549921968
1.4553553762378133,-0.5127797575784685,-0.3252156863343304,-0.6152155523078459,-0.5887911903435977,-0.18229797185645003,0.6754074842319793,-0.18192445832118093,-0.05907474468312977,0.24537841484153503,-0.060180555163748824,-0.1364119917729107,-0.9106966948919285,-0.13487876838560287,0.4834783930156819,-0.20750471077941549,0.48011701026188924,-0.4314073441609629
-1.0282717146192346,1.7498727599639314,-0.3252156863343304,-0.6152155523078459,-0.5887911903435977,0.7617789700695932,0.2755881491491391,0.7620424020757594,-0.43744528179059194,-2.6049651622987566,-0.43773899171727865,0.04377845280851013,-0.5021283501579138,0.04308383954333636,-1.0147653903057097,-0.6185058689799514,-1.0128546069705238,-0.4314073441609629
1.1543096682551408,-0.6795015220289611,-0.3252156863343304,-0.6152155523078459,-0.5887911903435977,-0.2043816430126151,-0.4240956872458312,-0.2046576051885385,-0.2571745023310158,0.34539047017979085,-0.25828220397269985,0.3200704678333556,-0.24677313469915466,0.3189258818331936,1.48230758189661,1.4364999220227281,1.4842395138872293,0.3373974549921968
-0.32583172932633225,-0.5127797575784685,-0.3252156863343304,1.6254465548679973,1.6800094771842358,0.03485812784583647,-0.47407310413118625,0.03458170232031909,0.24797987967109356,0.9954688298784539,0.24745965239838644,0.14588637140464905,0.21286625312661184,0.14541233910247697,0.4121334509527587,-0.20750471077941549,0.4140563192339066,-0.4314073441609629
1.104135383591362,-0.5127797575784685,-0.3252156863343304,-0.6152155523078459,-0.5887911903435977,1.2163345347006516,0.7753623180026893,1.216705339422909,1.7040130983830557,-0.4547059725262559,1.7040894230524357,0.8045825521522869,0.774647727135882,0.8038739884395547,-0.4440058538023224,3.4915057130254077,-0.4447326641298708,-0.4314073441609629
-1.2038817109424602,1.7498727599639314,-0.3252156863343304,1.6254465548679973,2.1191321870283324,-0.22830562009845995,-0.07425376904834607,-0.2284732828591034,-0.11850467197749558,-0.054657751173232495,-0.1184457459899108,0.7244979101160999,0.6214345978606265,0.7237908148715319,0.6261682771415289,1.847501080223264,0.625450530523452,0.3373974549921968
-0.4512674409857791,-0.6795015220289611,3.074882430400277,-0.6152155523078459,-0.5887911903435977,1.6892931586285131,-0.6739827716726063,1.6897713004245862,0.3093908045419387,1.2955049958932214,0.31038605849064127,-1.589948244729705,0.26393729621836365,-1.5897230882046864,0.5191508640471435,-0.20750471077941549,0.5197534248786793,-0.4314073441609629
-0.4512674409857791,-0.5127797575784685,-0.3252156863343304,-0.6152155523078459,-0.5887911903435977,-0.37553009447289165,0.17563331537842902,-0.3756974720953237,0.032051143834898245,-0.10466377884236042,0.033043750158109994,0.5703349741964401,-1.370336082717695,0.5725225981319331,-0.26564349864501385,-0.6185058689799514,-0.2597627292515191,0.3373974549921968
1.555703945565371,-0.5127797575784685,-0.3252156863343304,-0.6152155523078459,-0.5887911903435977,-1.054602982524958,1.4250687375123046,-1.0544442857064262,-1.7290557016548085,0.3953964978489188,-1.7288956204250276,-0.40669765864504187,-0.14463104851565098,-0.4062717454772367,0.8045306322988374,1.0254987638221924,0.8104204654018037,-0.4314073441609629
0.37660825596657027,-0.5127797575784685,-0.3252156863343304,-0.6152155523078459,-0.5887911903435977,-2.134862563247351,0.025701064722363966,-2.134810027307511,-0.09671369863622767,-0.2546818618497442,-0.09747027729249252,0.19193504057545624,-0.6553414794331693,0.1899029910847118,-0.08728114348770531,0.6144976056216563,-0.08800493257876318,-0.4314073441609629
-0.3509188716582216,1.7498727599639314,-0.3252156863343304,-0.6152155523078459,-0.5887911903435977,1.0139008824358078,-0.7739376054433164,1.0142720792231068,-1.1842813681231221,-0.4547059725262559,-1.1835334342921517,0.0758123096229854,-0.3489152208826583,0.07422729593090097,-0.26564349864501385,0.20349644742112044,-0.2597627292515191,-0.4314073441609629
2.3334053578539415,-0.6795015220289611,-0.3252156863343304,-0.6152155523078459,-0.5887911903435977,-2.416429370488452,0.025701064722363966,-2.416268036141461,1.5930772341002404,1.8955773279227563,1.5922202566662047,0.3601127888514491,-0.6553414794331693,0.358967468617205,2.8378614810921543,-1.4405081853810233,2.83187761085808,-0.4314073441609629
-0.10004744833932785,-0.5127797575784685,-0.3252156863343304,1.6254465548679973,1.4604481222621875,0.41580145528967893,-0.17420860281905612,0.4156325450493591,-2.6046566304584653,-0.8047481662101513,-2.605204090450504,1.1429401647551778,-1.8299754705434614,1.1420029435045405,-1.2644726875259416,-0.6185058689799514,-1.2638852328768586,-0.4314073441609629
0.27625968663901274,-0.5127797575784685,-0.3252156863343304,-0.6152155523078459,-0.5887911903435977,-1.2478351051413998,-0.4240956872458312,-1.2482172994805687,-1.7171697161959356,2.145607466268396,-1.7172425822597956,-1.075404419647203,-1.063909824167184,-1.0736315252107609,1.3752901688022245,-0.6185058689799514,1.3785424082424567,2.643811852451676
0.9285253872681365,1.7498727599639314,-0.3252156863343304,-0.6152155523078459,-0.5887911903435977,-0.6110892534719826,0.025701064722363966,-0.610606656391351,1.660431151700521,2.0956014385992683,1.6598078780245524,-0.490786532783038,-0.09356000542389915,-0.4908039842434829,1.339617697770763,0.6144976056216563,1.3389059936256666,1.1062022541453564
0.20099825964334464,-0.5127797575784685,-0.3252156863343304,-0.6152155523078459,-0.5887911903435977,0.0808657760878464,2.124752573907275,0.08113052685824157,0.21826491602391065,0.24537841484153503,0.21716175316878164,0.8506312213230947,0.8257187702276338,0.8483646404217895,-0.12295361451916689,-1.0295070271804874,-0.12764134719555323,-0.4314073441609629
1.505529660901592,-0.5127797575784685,-0.3252156863343304,-0.6152155523078459,-0.5887911903435977,2.8192409994522762,-1.6735311093797067,2.8188509281700096,2.3201033446679817,-0.15466980651148834,2.3193698381767063,-0.7991124046223582,1.4385712873286558,-0.797789482920904,-1.7282148109349438,1.847501080223264,-1.726310070072739,1.8750070532985164
0.050475405652008386,-0.5127797575784685,-0.3252156863343304,-0.6152155523078459,-0.5887911903435977,0.4636494094613691,0.3255655660344941,0.4632639003904888,-1.2971982299824174,0.09536033183415127,-1.2977332083114292,0.15389483560826728,0.3150083393101155,0.15431046949892377,0.05540874063814164,-0.6185058689799514,0.057328587682799005,2.643811852451676
-0.32583172932633225,-0.5127797575784685,-0.3252156863343304,-0.6152155523078459,-0.5887911903435977,-2.2839273435514635,-1.7734859431504169,-2.284199278150146,0.8323741647323573,1.0454748575475818,0.8324421682930522,-0.4847801846303238,1.744997545879167,-0.4863549190452595,0.3764609799212971,-0.20750471077941549,0.37441990461711655,-1.2002121433141226
-1.1537074262786815,-0.5127797575784685,-0.3252156863343304,-0.6152155523078459,-0.5887911903435977,1.2108136169116102,1.4750461543976596,1.2112926854068717,-0.1581246235070728,-2.304928996283989,-0.15806607575170134,-1.1775123382433421,-0.8596256518001767,-1.1759600247699014,-0.40833338277086084,-0.20750471077941549,-0.4050962495130813,-0.4314073441609629
0.7278282486130215,-0.5127797575784685,-0.3252156863343304,-0.6152155523078459,-0.5887911903435977,0.6145544956951614,0.22561073226378406,0.6148182128395386,0.10931004931757335,0.3953964978489188,0.10995380204864423,-0.7430531551970271,-0.3489152208826583,-0.7444007005422224,-0.479678324833784,-0.6185058689799514,-0.48436907874666085,-1.2002121433141226
-0.37600601399011097,1.7498727599639314,-0.3252156863343304,1.6254465548679973,2.2655064236430316,1.499741647871432,1.0752268193148193,1.4992458790600665,0.2677898554358822,0.04535430416502335,0.26843512109580475,-0.9132330195239244,0.059653123851356335,-0.9134651780747152,0.8758755743617606,0.20349644742112044,0.8764811564297869,0.3373974549921968
1.555703945565371,-0.6795015220289611,-0.3252156863343304,-0.6152155523078459,-0.5887911903435977,0.3182652410166177,0.4255203998052041,0.3182047727606842,0.03799413656433449,1.3955170512314772,0.03770496542420285,0.11785674669198347,-1.0128387810754322,0.11871794791313578,-0.40833338277086084,2.2585022384238003,-0.4050962495130813,-0.4314073441609629
0.27625968663901274,-0.5127797575784685,-0.3252156863343304,-0.6152155523078459,-0.5887911903435977,-0.22278470230941907,-0.024276352162991052,-0.2230606288430662,-0.9148656977219971,-0.5047120001953838,-0.9155135564918065,1.6194437848704897,0.3660793824018673,1.6180529197144546,2.516809241809,-0.6185058689799514,2.514786293923762,0.3373974549921968
0.5522182522897958,-0.6795015220289611,-0.3252156863343304,1.6254465548679973,1.4604481222621875,-1.0122759461423092,0.22561073226378406,-1.0122255843813337,0.9849109781212299,-1.104784332224919,0.9839316644410738,0.318068351782451,1.4385712873286558,0.3189258818331936,-0.872075506179863,1.4364999220227281,-0.8675210867089616,-0.4314073441609629
-0.07496030600743848,-0.6795015220289611,-0.3252156863343304,1.6254465548679973,0.9481382941107411,-2.1182998098802277,-0.1242311859337011,-2.1185720652593987,-0.48697022120256345,-0.7047361108718955,-0.48668175201125446,0.886669310239379,-0.8085546087084248,0.8884062272058009,-3.654528246633876,-1.8515093435815593,-3.655282248089839,0.3373974549921968
-0.978097429955456,-0.5127797575784685,-0.3252156863343304,-0.6152155523078459,-0.5887911903435977,-1.4668315107733672,-0.1242311859337011,-1.4668885217284835,-0.5384761581910137,-0.2546818618497442,-0.5379551199382772,0.3501022085969257,1.1321450287781447,0.3500693382207582,-0.05160867245624374,-0.20750471077941549,-0.04836851796197371,-1.2002121433141226
-1.1035331416149028,-0.5127797575784685,-0.3252156863343304,-0.6152155523078459,-0.5887911903435977,-1.726314646858303,-0.4240956872458312,-1.7266959144982836,-0.13435265258932613,1.3455110235623493,-0.1347599994212362,0.6203878754690569,-0.3489152208826583,0.6214623153123913,-0.05160867245624374,-1.0295070271804874,-0.04836851796197371,-1.2002121433141226
0.9536125296000258,-0.5127797575784685,-0.3252156863343304,-0.6152155523078459,-0.5887911903435977,-0.7656749515651361,0.12565589849307401,-0.7654085612500235,-0.7167659400741111,-0.004651723504104576,-0.7174119076828559,-1.3136562297048595,-1.8810465136352132,-1.3138810459148298,-0.6937131510225542,-1.0295070271804874,-0.6957632900362056,-0.4314073441609629
0.025388263320119012,-0.6795015220289611,-0.3252156863343304,-0.6152155523078459,-0.5887911903435977,1.0139008824358078,1.2251590699708845,1.0142720792231068,-0.02935978103594687,-0.054657751173232495,-0.029882655934144832,-0.7470573872988368,-0.6042704363414175,-0.7488497657404458,-0.08728114348770531,-1.4405081853810233,-0.08800493257876318,1.8750070532985164
-1.1035331416149028,-0.5127797575784685,-0.3252156863343304,1.6254465548679973,1.8263837137989347,0.2520142275481235,0.22561073226378406,0.25217039376502676,0.6124834337432039,-1.054778304555791,0.6133650507866837,0.5142757247711089,-0.5021283501579138,0.5146847505550273,0.3051160378583733,2.6695033966243362,0.3083592135891339,0.3373974549921968
-1.4296659919294648,-0.5127797575784685,-0.3252156863343304,-0.6152155523078459,-0.5887911903435977,0.4213223730787198,-0.5740279379018963,0.4210451990653963,-0.746480903721294,-0.20467583418061627,-0.7453791992794139,1.3531623501001686,2.613205278438948,1.351109007821045,-0.6937131510225542,-0.6185058689799514,-0.6957632900362056,-1.2002121433141226
0.025388263320119012,-0.5127797575784685,-0.3252156863343304,1.6254465548679973,1.240886767340139,-0.7785570930728987,-0.024276352162991052,-0.7783989308885136,-0.4750842357436904,-0.8547541938792792,-0.47502871384602235,-0.24652837457266785,-0.3489152208826583,-0.2461053983411903,-0.015936201424782154,0.6144976056216563,-0.02194424155078053,0.3373974549921968
0.07556254798389776,-0.5127797575784685,3.074882430400277,-0.6152155523078459,-0.5887911903435977,-0.5798040526674161,0.3755429829198491,-0.580295793901541,-0.7702528746390401,0.6454266361945584,-0.771015883242925,1.176976137620557,0.16179521003486,1.1775954650903284,0.2694435668269118,-0.20750471077941549,0.2687227989723444,-1.2002121433141226
1.0790482412594726,-0.5127797575784685,-0.3252156863343304,1.6254465548679973,1.8263837137989347,1.323072278622114,-0.6739827716726063,1.3227933581372444,-0.06105574225960852,0.895456774540198,-0.060180555163748824,0.17391599611731404,-0.14463104851565098,0.1721067302918182,0.697513219204452,-0.6185058689799514,0.6915112215514346,0.3373974549921968
-0.7272260066365622,1.7498727599639314,-0.3252156863343304,1.6254465548679973,1.8263837137989347,-1.5294019123825007,-2.073350444462547,-1.5296753083145185,2.2725594028324885,-0.10466377884236042,2.272757685515776,-0.7450552712479316,0.8767898133193857,-0.7444007005422224,-1.4428350426832501,-0.20750471077941549,-1.4488551677552108,1.8750070532985164
-1.1537074262786815,-0.6795015220289611,-0.3252156863343304,-0.6152155523078459,-0.5887911903435977,1.9506166006431294,1.1751816530855295,1.950661223997594,0.5986164507078522,0.2953844425106629,0.5993814049884043,0.6043709470618193,2.0514238044296778,0.6036660545194976,1.6249974660224569,1.0254987638221924,1.6295730341487915,-1.2002121433141226
-1.8059731269078052,1.7498727599639314,-0.3252156863343304,-0.6152155523078459,-0.5887911903435977,2.4567007313052383,0.12565589849307401,2.456203109095497,0.3093908045419387,2.5456556876214194,0.31038605849064127,0.35811067280054454,0.3150083393101155,0.358967468617205,0.9115480453932228,-0.20750471077941549,0.9161175710465763,0.3373974549921968
-2.2324545465499246,-0.6795015220289611,-0.3252156863343304,-0.6152155523078459,-0.5887911903435977,1.2862661600285064,0.8753171517733993,1.285987310828189,1.0245309296508072,0.9454628022093259,1.0235519942028635,1.5954183922596337,-0.5021283501579138,1.595807593723337,0.5548233350786057,-0.6185058689799514,0.5593898394954687,-0.4314073441609629
1.0539610989275834,1.7498727599639314,-0.3252156863343304,-0.6152155523078459,-0.5887911903435977,-1.2809606118756471,0.6254300673466242,-1.2806932235767936,-0.6276210491325624,-2.0548988579383494,-0.6265182099940435,-0.6769833255171731,-0.2978441777909065,-0.6776647225688698,-0.37266091173939925,-1.0295070271804874,-0.3786719731018881,-0.4314073441609629
0.6023925369535746,-0.6795015220289611,-0.3252156863343304,-0.6152155523078459,-0.5887911903435977,-0.9754698275487012,0.3755429829198491,-0.9754195370722787,0.10534805416461585,-0.5047120001953838,0.10529258678255136,0.9467327917665193,0.7235766840441301,0.9462440747827067,1.0899104005505313,1.0254987638221924,1.0878753677193318,-0.4314073441609629
-0.8275745759641198,-0.5127797575784685,3.074882430400277,1.6254465548679973,2.2655064236430316,-0.6939030203076005,1.9748203232512098,-0.6939615282383285,0.8105831913910899,-0.5547180278645117,0.8114666995956339,2.031879691356853,-1.4214071258094467,2.0318159831492397,0.3764609799212971,0.20349644742112044,0.37441990461711655,-0.4314073441609629
0.17591111731145526,-0.6795015220289611,3.074882430400277,-0.6152155523078459,-0.5887911903435977,-1.1889453153916274,0.6754074842319793,-1.188678105304156,0.21034092571799567,-1.5048325535779423,0.21016993026964276,-1.2896308370940037,-0.757483565616673,-1.2916357199237123,1.26827275570784,-0.6185058689799514,1.272845302597684,0.3373974549921968
0.3264339713027915,-0.5127797575784685,-0.3252156863343304,-0.6152155523078459,-0.5887911903435977,-1.7483983180144678,0.8753171517733993,-1.7483465305624333,0.9750059902388356,-0.7047361108718955,0.9746092339088872,-0.14241833992562436,-0.24677313469915466,-0.14377689878205047,1.5179800529280716,1.4364999220227281,1.5238759285040189,-0.4314073441609629
1.0539610989275834,-0.5127797575784685,-0.3252156863343304,-0.6152155523078459,-0.5887911903435977,-1.1153330782044115,0.8253397348880442,-1.1150660106860462,1.7238230741478444,1.7955652725845006,1.7227342841168072,0.4502080111421595,0.008582080759604505,0.45239783777989806,0.697513219204452,-0.20750471077941549,0.6915112215514346,-1.2002121433141226
0.30134682897090215,-0.6795015220289611,3.074882430400277,-0.6152155523078459,-0.5887911903435977,-1.0030744164939072,-0.3741182703604762,-1.0035653379556735,0.11327204447053141,0.9454628022093259,0.11228440968169025,-1.4257747285555213,2.000352761337926,-1.425107675870417,-0.6937131510225542,1.4364999220227281,-0.6957632900362056,-1.2002121433141226
1.229571095250809,1.7498727599639314,-0.3252156863343304,-0.6152155523078459,-0.5887911903435977,0.17656168443122733,-1.1737569405261565,0.17639323754050146,0.4005166930599661,0.24537841484153503,0.4012797561794541,0.7645402311341933,0.8767898133193857,0.7638324016555433,-0.37266091173939925,0.20349644742112044,-0.3786719731018881,1.8750070532985164
0.17591111731145526,1.7498727599639314,-0.3252156863343304,-0.6152155523078459,-0.5887911903435977,0.5703871533828319,0.5754526504612691,0.5704344499080315,0.7531342616732029,-1.3548144705705585,0.7532015087694719,1.0628555227189902,-0.5021283501579138,1.0619197699365175,-0.37266091173939925,0.20349644742112044,-0.3786719731018881,1.1062022541453564
1.0037868142638047,-0.5127797575784685,-0.3252156863343304,1.6254465548679973,1.4604481222621875,0.5004555280549771,1.2751364868562394,0.5000699476995442,1.2622506388282697,1.2955049958932214,1.2612739727736042,-0.5748754069210342,1.2342871149616486,-0.5753362230097292,-0.33698844070793704,2.6695033966243362,-0.33903555848509864,0.3373974549921968
-0.37600601399011097,-0.5127797575784685,-0.3252156863343304,1.6254465548679973,1.5336352405695368,0.8409121250458504,-1.0738021067554464,0.8410671507099066,-0.26906048778988884,0.5954206085254304,-0.269935242137932,1.6134374367177766,0.6214345978606265,1.6136038545162312,0.9472205164246843,-0.6185058689799514,0.9425418474577696,-0.4314073441609629
0.00030112098822963846,-0.5127797575784685,-0.3252156863343304,-0.6152155523078459,-0.5887911903435977,-0.39209284784001536,-0.4240956872458312,-0.39193543414343607,-0.251231509601579,0.8454507468710701,-0.25129038107356017,0.384138181462305,1.2853581580534004,0.3856618598065462,1.1612553426134544,-0.20750471077941549,1.1671481969529112,1.8750070532985164
-1.780885984575916,-0.5127797575784685,-0.3252156863343304,-0.6152155523078459,-0.5887911903435977,1.2457794295755378,0.3255655660344941,1.2459336711095117,-0.490932216355521,-1.2047963875631746,-0.4913429672773478,1.7395707479247702,-0.5021283501579138,1.7381776800664888,0.3764609799212971,-1.0295070271804874,0.37441990461711655,-1.2002121433141226
-0.8526617182960091,1.7498727599639314,-0.3252156863343304,1.6254465548679973,1.6068223588768862,0.11951220061113461,0.8253397348880442,0.11901910497050383,1.7040130983830557,-1.2047963875631746,1.7040894230524357,-0.7250341107388849,0.6725056409523783,-0.7266044397493284,0.9472205164246843,-0.6185058689799514,0.9425418474577696,0.3373974549921968
2.38357964251772,-0.5127797575784685,-0.3252156863343304,-0.6152155523078459,-0.5887911903435977,-0.857690248049156,-1.0238246898700913,-0.8574236795226612,0.11525304204701015,0.9954688298784539,0.11461501731473708,0.42217838642949396,-0.19570209160740282,0.42125438139233423,0.01973626960668006,1.4364999220227281,0.017692173066008943,-0.4314073441609629
-0.9530102876235665,-0.5127797575784685,3.074882430400277,-0.6152155523078459,-0.5887911903435977,-2.149585010684794,0.5754526504612691,-2.149965458552416,0.0439371292937713,0.5454145808563026,0.044696788323342555,1.1709697894678428,-2.1364017290939725,1.173146399892105,-0.479678324833784,1.4364999220227281,-0.48436907874666085,-0.4314073441609629
1.505529660901592,1.7498727599639314,-0.3252156863343304,-0.6152155523078459,-0.5887911903435977,2.1751339240641374,2.024797740136565,2.1747451002615468,0.7412482762143299,0.34539047017979085,0.7415484706042393,0.8005783200504778,-0.3489152208826583,0.7994249232413313,-0.479678324833784,0.20349644742112044,-0.48436907874666085,-0.4314073441609629
-0.1502217330031066,-0.5127797575784685,-0.3252156863343304,1.6254465548679973,1.7531965954915851,1.238418205856816,0.4255203998052041,1.2383559554870593,-1.4873739973243878,-0.4547059725262559,-1.4865124265881942,0.5202820729238231,-0.5021283501579138,0.5191338157532507,0.09108121166960323,-0.20750471077941549,0.09696500229958847,1.1062022541453564
1.2044839529189195,-0.5127797575784685,-0.3252156863343304,-0.6152155523078459,-0.5887911903435977,1.1556044390211981,-0.8738924392140264,1.1560836144432887,0.8858610992972868,-0.15466980651148834,0.8860461438531213,0.38213606541140044,-1.0128387810754322,0.3812127946083228,-0.08728114348770531,-0.6185058689799514,-0.08800493257876318,1.1062022541453564
0.7027411062811321,-0.6795015220289611,-0.3252156863343304,-0.6152155523078459,-0.5887911903435977,-0.33872397587928377,1.0752268193148193,-0.3388914247862683,0.3945737003305293,-0.2546818618497442,0.39428793328031436,0.48424398400753876,0.21286625312661184,0.48354129416746267,-0.2299710276135523,-0.6185058689799514,-0.23333845284032595,-0.4314073441609629
0.6525668216173534,-0.5127797575784685,-0.3252156863343304,1.6254465548679973,0.4358284659592948,-0.6718193491514359,-0.07425376904834607,-0.6723109121741786,-0.6097920709442526,-0.4547059725262559,-0.6102039565627181,0.42217838642949396,-1.1660519103506877,0.42125438139233423,0.4834783930156819,-1.4405081853810233,0.48011701026188924,-0.4314073441609629
0.00030112098822963846,-0.5127797575784685,-0.3252156863343304,1.6254465548679973,1.8263837137989347,0.37531472483670986,0.3755429829198491,0.37557890533068183,-0.23340253141326914,1.0954808852167097,-0.23264552000918873,0.09182923803022246,-0.5021283501579138,0.09202355672379536,1.8747047632426885,-0.20750471077941549,1.880603660055127,-1.2002121433141226
0.12573683264767652,-0.5127797575784685,-0.3252156863343304,-0.6152155523078459,-0.5887911903435977,-1.2018274568993899,0.17563331537842902,-1.201668474942646,-2.4243858509988887,0.04535430416502335,-2.4234166950728784,0.6444132680799128,-1.1149808672589359,0.6437076413035091,-3.654528246633876,-1.8515093435815593,-3.655282248089839,0.3373974549921968
1.630965372561039,-0.5127797575784685,-0.3252156863343304,-0.6152155523078459,-0.5887911903435977,0.7544177463508714,0.2755881491491391,0.7544646864533069,-0.4532932624024225,0.895456774540198,-0.45405324514860407,0.11185039853926922,0.11072416694310817,0.10981981751668897,0.7688581612673758,1.847501080223264,0.7707840507850142,-0.4314073441609629
-0.42618029865388973,-0.5127797575784685,-0.3252156863343304,-0.6152155523078459,-0.5887911903435977,2.0131870022522635,-0.024276352162991052,2.013448010583629,0.6560653804257393,-0.15466980651148834,0.6553159881815203,0.46021859139668286,2.4599921491636922,0.4612959681763456,0.8758755743617606,-1.0295070271804874,0.8764811564297869,0.3373974549921968
0.5773053946216853,1.7498727599639314,-0.3252156863343304,-0.6152155523078459,-0.5887911903435977,-0.6699790432217552,0.9752719855441093,-0.6701458505677637,0.594654455554894,0.5454145808563026,0.5947201897223114,0.27602391471345294,-0.451057307066162,0.2744352298509588,-0.872075506179863,-1.0295070271804874,-0.8675210867089616,1.8750070532985164
-1.0784459992830135,1.7498727599639314,-0.3252156863343304,1.6254465548679973,1.5336352405695368,1.1169580144979099,-1.0238246898700913,1.1171125055278188,-1.6201008349484713,-0.4547059725262559,-1.6193570616718436,-0.72703622678979,0.41715042549361914,-0.7266044397493284,0.3407885088898349,-0.6185058689799514,0.3347834900003271,-0.4314073441609629
-0.25057030233066413,1.7498727599639314,-0.3252156863343304,-0.6152155523078459,-0.5887911903435977,-0.38105101226193305,0.4255203998052041,-0.3811101261113609,1.078017864215736,2.0956014385992683,1.0771559697629327,-2.3647671564298145,-1.370336082717695,-2.363860432695575,-0.05160867245624374,-0.20750471077941549,-0.04836851796197371,-1.2002121433141226
0.35152111363468086,1.7498727599639314,3.074882430400277,-0.6152155523078459,-0.5887911903435977,3.047438934732646,-0.9738472729847364,3.047264927646792,0.0538421171761656,0.2953844425106629,0.054019218855528274,0.34009162834240236,0.3660793824018673,0.3411712078243106,0.5548233350786057,1.4364999220227281,0.5593898394954687,-0.4314073441609629
1.1793968105870303,1.7498727599639314,-0.3252156863343304,-0.6152155523078459,-0.5887911903435977,0.4286835967974415,-0.4240956872458312,0.4286229146878488,-0.986181610475236,1.2454989682240936,-0.9854317854832011,0.9006841225957115,1.5917844166039112,0.9017534228004719,1.5536525239595331,1.847501080223264,1.550300204915212,-0.4314073441609629
1.3048325222464772,1.7498727599639314,-0.3252156863343304,-0.6152155523078459,-0.5887911903435977,0.2888203461417314,0.3255655660344941,0.2889764410740814,-0.9128847001455184,-0.20467583418061627,-0.9131829488587602,-1.1554890616833902,-0.14463104851565098,-1.153714698778784,0.4834783930156819,0.6144976056216563,0.48011701026188924,-0.4314073441609629
1.831662511216154,-0.5127797575784685,-0.3252156863343304,-0.6152155523078459,-0.5887911903435977,-1.0196371698610307,-1.2237343574115116,-1.0198033000037863,1.513837331041086,0.5954206085254304,1.5129795971426243,1.0047941572427543,0.774647727135882,1.0040819223596118,1.8747047632426885,0.20349644742112044,1.880603660055127,1.1062022541453564
-2.508413112200708,-0.5127797575784685,-0.3252156863343304,1.6254465548679973,1.3140738856474885,-0.6092489475423024,-1.6235536924943517,-0.6095241255881434,-0.5523431412263655,-1.654850636585326,-0.5519387657365562,-0.5348330859029407,0.6725056409523783,-0.5352946362257177,-0.08728114348770531,-1.0295070271804874,-0.08800493257876318,-0.4314073441609629
-2.132105977222367,-0.6795015220289611,-0.3252156863343304,-0.6152155523078459,-0.5887911903435977,0.5483034822266672,-0.5740279379018963,0.5487838338438812,-0.5523431412263655,-0.7547421385410233,-0.5519387657365562,-2.1305195784739674,0.11072416694310817,-2.132509042387953,-0.5153507958652456,-0.20750471077941549,-0.510793355157854,-0.4314073441609629
-1.178794568610571,-0.6795015220289611,-0.3252156863343304,-0.6152155523078459,-0.5887911903435977,-0.8356065768929909,-1.3736666080675766,-0.8357730634585112,-0.8950557219572085,-0.004651723504104576,-0.8945380877943883,-1.9703502944015934,-1.6256912981764542,-1.9723426952519074,1.5893249949909947,-0.20750471077941549,1.5899366195320022,1.1062022541453564
-0.9279231452916772,-0.5127797575784685,-0.3252156863343304,-0.6152155523078459,-0.5887911903435977,-1.518360076804418,-1.0238246898700913,-1.5188500002824437,-0.2868894659781987,-0.5047120001953838,-0.28624949556925744,-0.2305114461654302,-0.39998626397441017,-0.2327582027465201,0.05540874063814164,0.6144976056216563,0.057328587682799005,0.3373974549921968
0.47695682529412775,-0.6795015220289611,-0.3252156863343304,1.6254465548679973,1.4604481222621875,0.6642427557965325,1.1252042362001744,0.6646146297870837,1.674298134735873,-1.2047963875631746,1.673791523822831,-0.16844584858738537,-1.1149808672589359,-0.17047128997139088,-1.193127745463018,-0.6185058689799514,-1.1978245418488758,-0.4314073441609629
-0.1502217330031066,-0.5127797575784685,-0.3252156863343304,-0.6152155523078459,-0.5887911903435977,0.274097898704288,0.6754074842319793,0.2738210098291763,0.6362554046609507,0.2953844425106629,0.636671127117148,-0.5428415501065595,-0.39998626397441017,-0.544192766622165,-2.2989743474383313,-1.0295070271804874,-2.2944320129133917,1.1062022541453564
1.831662511216154,1.7498727599639314,-0.3252156863343304,-0.6152155523078459,-0.5887911903435977,1.0267830239435705,0.3755429829198491,1.0272624488615965,-1.1565474020524178,2.145607466268396,-1.155566142695594,2.3261907508398405,1.5917844166039112,2.3254542862319907,0.8045306322988374,0.20349644742112044,0.8104204654018037,-1.2002121433141226
-1.8059731269078052,1.7498727599639314,-0.3252156863343304,-0.6152155523078459,-0.5887911903435977,0.292500958001092,-1.4736214418382867,0.292224033483704,-1.4715260167125568,-1.3048084429014306,-1.4725287807899152,-1.0393663307309193,-0.6553414794331693,-1.038039003624973,1.410962639833686,-0.20750471077941549,1.40496668465365,-0.4314073441609629
0.9285253872681365,-0.5127797575784685,-0.3252156863343304,1.6254465548679973,1.5336352405695368,0.1912841318686702,-0.6739827716726063,0.19154866878540652,0.4460796373189796,1.1454869128858376,0.44556130120733667,1.1149105400425117,1.5407133735121594,1.115308552315199,1.410962639833686,0.6144976056216563,1.40496668465365,-1.2002121433141226
1.028873956595694,1.7498727599639314,-0.3252156863343304,1.6254465548679973,1.0213254124180906,0.8225090657490465,0.6754074842319793,0.8226641270553788,-1.0832504917227002,0.2953844425106629,-1.0833173060711532,0.81859736450862,-0.09356000542389915,0.817221184034225,-0.5153507958652456,-1.0295070271804874,-0.510793355157854,-0.4314073441609629
-0.37600601399011097,-0.5127797575784685,3.074882430400277,-0.6152155523078459,-0.5887911903435977,1.5899166384257721,0.9752719855441093,1.5901784665294967,-0.3700913641903106,-0.40469994485712796,-0.37015137035893053,0.11985886274288803,0.16179521003486,0.11871794791313578,0.01973626960668006,-0.20750471077941549,0.017692173066008943,-0.4314073441609629
-0.4512674409857791,-0.5127797575784685,-0.3252156863343304,-0.6152155523078459,-0.5887911903435977,0.9494901748969939,-0.024276352162991052,0.9493202310306565,0.1925119475296858,-0.8047481662101513,0.1915250692052705,0.3380895122914978,0.3150083393101155,0.33672214262608724,0.7688581612673758,-1.0295070271804874,0.7707840507850142,1.1062022541453564
-0.9279231452916772,-0.6795015220289611,-0.3252156863343304,1.6254465548679973,0.8017640574960422,0.007253538900630525,0.2755881491491391,0.007518432240131591,-1.4497350433712894,-0.40469994485712796,-1.4492227044594503,0.7385127224724329,0.9278608564111375,0.7371380104662021,-0.979092919274248,-0.6185058689799514,-0.9732181923537343,-1.2002121433141226
0.20099825964334464,-0.6795015220289611,-0.3252156863343304,-0.6152155523078459,-0.5887911903435977,0.686326426952697,0.7253849011173342,0.686265245851234,0.12515802992940445,2.0956014385992683,0.12626805547996964,1.3511602340492634,0.3150083393101155,1.351109007821045,-0.7293856220540164,-0.20750471077941549,-0.7353997046529958,-0.4314073441609629
-0.4010931563220003,1.7498727599639314,-0.3252156863343304,-0.6152155523078459,-0.5887911903435977,-0.2559102090436659,-0.22418601970441113,-0.2555365529392909,-0.21161155807200177,2.04559541093014,-0.21167005131177044,-1.1314636690725342,0.8257187702276338,-1.1314693727876663,0.2337710957954502,-0.6185058689799514,0.22908638435555437,2.643811852451676
0.5271311099579065,-0.6795015220289611,-0.3252156863343304,1.6254465548679973,1.5336352405695368,0.2888203461417314,-0.8738924392140264,0.2889764410740814,1.3375285467344666,-0.35469391718800003,1.3381840246641385,-0.650955816855412,-0.24677313469915466,-0.650970331379529,-0.6580406799910925,0.6144976056216563,-0.6561268754194162,1.1062022541453564
-0.22548315999877472,-0.6795015220289611,-0.3252156863343304,1.6254465548679973,2.192319305335682,1.1500835212321567,-0.22418601970441113,1.1495884296240442,-0.8118538237450966,2.195613493937524,-0.8129668206377616,0.18993292452455168,0.41715042549361914,0.1899029910847118,-0.479678324833784,-1.4405081853810233,-0.48436907874666085,-0.4314073441609629
-1.6303631305845796,-0.5127797575784685,-0.3252156863343304,-0.6152155523078459,-0.5887911903435977,1.0194218002248487,-0.17420860281905612,1.0196847332391439,-0.07690372287143907,0.1953723871724071,-0.07649480859507425,1.1849846018241752,0.5192925116771229,1.1864935954867752,-1.1574552744315565,1.0254987638221924,-1.1581881272320862,1.1062022541453564
-0.5265288679814473,1.7498727599639314,-0.3252156863343304,-0.6152155523078459,-0.5887911903435977,-1.446588145546883,1.0252494024294643,-1.446320436467541,1.2384786679105237,0.49540855318717464,1.23796789644314,-1.257596980279529,-1.319265039625943,-1.2560431983379243,-1.0504378613371714,0.20349644742112044,-1.0524910215873136,-1.2002121433141226
-1.5801888459208009,1.7498727599639314,-0.3252156863343304,-0.6152155523078459,-0.5887911903435977,-0.07371992200530704,0.4255203998052041,-0.07367137800043091,0.22024591360038998,-0.15466980651148834,0.21949236080182846,-1.2535927481777194,0.468221468585371,-1.251594133139701,-0.37266091173939925,-0.6185058689799514,-0.3786719731018881,2.643811852451676
-0.47635458331766845,1.7498727599639314,-0.3252156863343304,1.6254465548679973,1.5336352405695368,0.5059764458440179,0.5254752335759142,0.5054826017155813,1.0582078884509474,1.8455713002536285,1.0585111086985612,-0.6249283081936511,-0.39998626397441017,-0.6242759401901877,-0.26564349864501385,0.20349644742112044,-0.2597627292515191,0.3373974549921968
0.35152111363468086,-0.5127797575784685,-0.3252156863343304,-0.6152155523078459,-0.5887911903435977,-0.24302806753590334,0.5254752335759142,-0.24254618330080116,0.7036093222612314,-0.10466377884236042,0.7042587484754956,0.10183981828474584,-0.39998626397441017,0.10092168712024217,1.9103772342741503,-1.0295070271804874,1.9070279364663196,-0.4314073441609629
0.7278282486130215,-0.6795015220289611,-0.3252156863343304,-0.6152155523078459,-0.5887911903435977,-0.06267808642722424,1.9748203232512098,-0.06284606996835615,0.006298175340672839,0.1953723871724071,0.007407066194598862,-0.7730848959605972,1.1832160718698967,-0.7710950917315632,0.3764609799212971,0.20349644742112044,0.37441990461711655,-0.4314073441609629
-0.4010931563220003,-0.6795015220289611,3.074882430400277,-0.6152155523078459,-0.5887911903435977,-0.26327143276238757,0.3255655660344941,-0.2631142685617434,-0.09275170348327016,1.2955049958932214,-0.09280906202639966,2.9768784673838597,0.5192925116771229,2.9750178051726213,-0.2299710276135523,1.0254987638221924,-0.23333845284032595,0.3373974549921968
1.430268233905924,-0.5127797575784685,-0.3252156863343304,-0.6152155523078459,-0.5887911903435977,0.2980218757901334,0.12565589849307401,0.2976366874997412,-2.2104381127391717,-0.2546818618497442,-2.211331400465649,2.0358839234586625,-0.9106966948919285,2.036265048347463,0.01973626960668006,-0.6185058689799514,0.017692173066008943,-0.4314073441609629
1.3550068069102559,-0.5127797575784685,-0.3252156863343304,-0.6152155523078459,-0.5887911903435977,0.43604482051616317,-0.024276352162991052,0.4362006303103013,-0.19378257988369194,0.1953723871724071,-0.1930251902473982,-0.0903633226021029,0.9789318995028893,-0.09038811640336807,-0.479678324833784,-0.20750471077941549,-0.48436907874666085,-1.2002121433141226
0.8783511026043578,-0.5127797575784685,-0.3252156863343304,1.6254465548679973,1.6800094771842358,-0.6736596550811162,-0.6240053547872513,-0.6733934429773862,0.7115333125671469,-1.754862691923582,0.7112505713746354,0.5463095815855842,1.030002942594641,0.5458282069425918,0.4121334509527587,0.20349644742112044,0.4140563192339066,0.3373974549921968
-0.4010931563220003,-0.5127797575784685,-0.3252156863343304,-0.6152155523078459,-0.5887911903435977,1.052547306959096,-0.3741182703604762,1.0521606573353695,-0.05907474468312977,0.6454266361945584,-0.060180555163748824,2.1740299309710855,-1.1149808672589359,2.1741860694923916,0.4121334509527587,1.0254987638221924,0.4140563192339066,0.3373974549921968
-1.2289688532743497,1.7498727599639314,-0.3252156863343304,-0.6152155523078459,-0.5887911903435977,-0.5779637467377353,-0.8738924392140264,-0.5781307322951259,-0.37801535449622614,-1.054778304555791,-0.3771431932580702,-0.8992182071675919,0.21286625312661184,-0.9001179824800446,-0.6937131510225542,0.6144976056216563,-0.6957632900362056,1.1062022541453564
1.2044839529189195,1.7498727599639314,-0.3252156863343304,-0.6152155523078459,-0.5887911903435977,0.5078167517736988,0.7253849011173342,0.5076476633219967,-0.045207761647777414,-0.9047602215484072,-0.04619690936547025,-1.7300963682930324,-0.8596256518001767,-1.7320931745478385,-0.5866957379281693,-0.20750471077941549,-0.5900661843914335,-0.4314073441609629
1.1292225259232516,-0.5127797575784685,-0.3252156863343304,-0.6152155523078459,-0.5887911903435977,0.4728509391097711,0.025701064722363966,0.4730066776193567,-1.3031412227118537,-1.1547903598940468,-1.302394423577522,2.202059555683751,-0.8596256518001767,2.200880460681733,0.01973626960668006,-1.0295070271804874,0.017692173066008943,1.1062022541453564
0.426782540630349,1.7498727599639314,3.074882430400277,-0.6152155523078459,-0.5887911903435977,0.8041060064522425,-0.1242311859337011,0.8042611034008512,0.3945737003305293,0.04535430416502335,0.39428793328031436,0.06780384541936658,0.9278608564111375,0.06977823073267757,-1.4071625716517886,0.6144976056216563,-1.409218753138421,-1.2002121433141226
-0.10004744833932785,-0.5127797575784685,3.074882430400277,-0.6152155523078459,-0.5887911903435977,-0.662617819503034,0.8253397348880442,-0.6625681349453111,1.4326164304054523,-0.9047602215484072,1.4337389376190441,-0.4447378636122303,-0.9617677379836803,-0.44631333226124814,0.2337710957954502,-0.6185058689799514,0.22908638435555437,-1.2002121433141226
0.4016953982984596,-0.6795015220289611,3.074882430400277,-0.6152155523078459,-0.5887911903435977,-0.23198623195782106,-0.7239601885579613,-0.231720875268726,-0.4592362551318593,-0.6547300832027676,-0.45871446041469693,0.978766648580994,1.642855459695663,0.9773875311702713,1.3752901688022245,1.0254987638221924,1.3785424082424567,0.3373974549921968
0.7027411062811321,1.7498727599639314,-0.3252156863343304,1.6254465548679973,1.6068223588768862,-0.044275027130420266,-0.27416343658976616,-0.044443046313828456,0.22024591360038998,0.09536033183415127,0.21949236080182846,0.7945719718977635,0.41715042549361914,0.7949758580431079,-0.33698844070793704,1.0254987638221924,-0.33903555848509864,1.1062022541453564
1.1543096682551408,1.7498727599639314,-0.3252156863343304,1.6254465548679973,1.8263837137989347,1.321231972692434,0.3255655660344941,1.3217108273340363,0.6620083731551755,0.49540855318717464,0.6623078110806592,0.25800487025531077,-0.6553414794331693,0.2566389690580644,0.05540874063814164,0.6144976056216563,0.057328587682799005,1.1062022541453564
-1.1537074262786815,1.7498727599639314,3.074882430400277,-0.6152155523078459,-0.5887911903435977,-1.354572849062863,-1.1737569405261565,-1.3543053181949036,-1.5289749464304438,-0.004651723504104576,-1.5284633639830307,-2.08447090930316,-0.39998626397441017,-2.083569325207495,0.9472205164246843,-0.6185058689799514,0.9425418474577696,-1.2002121433141226
1.7564010842204858,1.7498727599639314,-0.3252156863343304,-0.6152155523078459,-0.5887911903435977,0.1857632140796293,1.0752268193148193,0.18613601476936933,-0.5345141630380562,-0.7547421385410233,-0.5356245123052308,1.1329295845006544,-0.8085546087084248,1.1331048131080936,0.01973626960668006,-1.4405081853810233,0.017692173066008943,-1.2002121433141226
0.2511725443071234,-0.5127797575784685,-0.3252156863343304,-0.6152155523078459,-0.5887911903435977,-1.2754396940866057,0.12565589849307401,-1.275280569560756,-1.255597280876361,0.09536033183415127,-1.2557822709165927,-0.21849874986000226,0.26393729621836365,-0.21941100715184989,-0.9077479772113245,0.6144976056216563,-0.9071575013257511,0.3373974549921968
-0.651964579640894,1.7498727599639314,-0.3252156863343304,1.6254465548679973,1.3140738856474885,-1.1263749137824937,-0.7239601885579613,-1.1258913187181212,0.2618468627064459,0.895456774540198,0.261443298196665,-1.3597048988756675,-0.04248896233214733,-1.3583716978970648,1.1255828715819929,-0.6185058689799514,1.1275117823361218,0.3373974549921968
0.37660825596657027,-0.6795015220289611,-0.3252156863343304,1.6254465548679973,1.1676996490327896,0.07166424643944441,1.8748654894804997,0.07138774962937408,0.061766107482081146,-0.5047120001953838,0.061011041754667976,-0.6729790934153634,-0.5531993932496656,-0.6732156573706464,-1.5141799847461737,-0.6185058689799514,-1.5149158587831935,0.3373974549921968
-0.7021388643046729,-0.5127797575784685,-0.3252156863343304,-0.6152155523078459,-0.5887911903435977,0.8225090657490465,-0.5240505210165413,0.8226641270553788,-0.8158158188980541,-0.6047240555336396,-0.815297428270808,-0.1544310362310523,-1.319265039625943,-0.15267502917849726,0.982892987456146,-1.0295070271804874,0.982178262074559,-0.4314073441609629
0.10064969031578713,-0.5127797575784685,-0.3252156863343304,1.6254465548679973,2.338693541950381,1.0451860832403743,0.5254752335759142,1.045665472516124,-1.6577397889015697,0.49540855318717464,-1.6566467838005872,0.41216780617497056,0.774647727135882,0.41235625099588663,-0.7650580930854779,-0.6185058689799514,-0.7618239810641889,0.3373974549921968
-1.655450272916469,-0.5127797575784685,-0.3252156863343304,-0.6152155523078459,-0.5887911903435977,-1.363774378711265,1.4250687375123046,-1.3640480954237713,1.1394287890865806,1.445523078900605,1.1400823758551875,0.2519985221025965,-1.1660519103506877,0.25218990385984097,-0.5510232668967078,-0.6185058689799514,-0.5504297697746435,-1.2002121433141226
-0.30074458699444284,-0.6795015220289611,3.074882430400277,-0.6152155523078459,-0.5887911903435977,0.5004555280549771,1.6749558219390797,0.5000699476995442,-0.6533740176267878,0.24537841484153503,-0.6544855015906011,-0.8972160911166874,-0.7064125225249211,-0.8956689172818212,0.2337710957954502,-0.20750471077941549,0.22908638435555437,-1.2002121433141226
1.1543096682551408,1.7498727599639314,-0.3252156863343304,-0.6152155523078459,-0.5887911903435977,1.2678631007317023,-0.8738924392140264,1.2675842871736613,-1.025801562004813,-0.7547421385410233,-1.0250521152449912,-0.5608605945647017,0.468221468585371,-0.561989027415059,-0.8007305641169394,-0.20750471077941549,-0.8014603956809784,1.1062022541453564
-0.4010931563220003,-0.5127797575784685,-0.3252156863343304,-0.6152155523078459,-0.5887911903435977,0.5630259296641107,-1.7235085262650618,0.562856734285579,-0.09671369863622767,-1.2047963875631746,-0.09747027729249252,0.42217838642949396,-0.9106966948919285,0.42125438139233423,0.3407885088898349,1.0254987638221924,0.3347834900003271,-0.4314073441609629
0.30134682897090215,-0.5127797575784685,3.074882430400277,-0.6152155523078459,-0.5887911903435977,0.4526075738832868,-0.9238698560993814,0.45243859235841366,-0.23538352898974788,0.7454386915328143,-0.23497612764223474,-1.2235610074141492,-0.14463104851565098,-1.22489974195036,-0.37266091173939925,1.0254987638221924,-0.3786719731018881,-0.4314073441609629
0.15082397497956587,-0.6795015220289611,-0.3252156863343304,1.6254465548679973,2.0459450687209833,-1.5349228301715419,-0.8738924392140264,-1.535087962330556,-0.41763530602580334,-0.4547059725262559,-0.41676352301986036,-0.6849917897207913,1.081073985686393,-0.6865628529653166,0.01973626960668006,-1.0295070271804874,0.017692173066008943,-0.4314073441609629
1.630965372561039,-0.5127797575784685,-0.3252156863343304,-0.6152155523078459,-0.5887911903435977,0.43604482051616317,-0.9738472729847364,0.4362006303103013,-0.6533740176267878,0.49540855318717464,-0.6544855015906011,-1.3717175951810954,1.2342871149616486,-1.371718893491735,-0.37266091173939925,0.20349644742112044,-0.3786719731018881,0.3373974549921968
-0.576703152645226,-0.5127797575784685,-0.3252156863343304,-0.6152155523078459,-0.5887911903435977,-0.45466324944914893,0.2755881491491391,-0.4547222207294709,-0.502818201814394,0.04535430416502335,-0.5029960054425799,-0.8992182071675919,1.2853581580534004,-0.9001179824800446,0.5548233350786057,0.20349644742112044,0.5593898394954687,0.3373974549921968
0.9034382449362471,-0.6795015220289611,-0.3252156863343304,-0.6152155523078459,-0.5887911903435977,-0.09764389909115188,0.9752719855441093,-0.09748705567099618,-0.8792077413453775,-0.10466377884236042,-0.8782238343630633,-1.2816223728903848,1.081073985686393,-1.2827375895272655,-0.015936201424782154,0.20349644742112044,-0.02194424155078053,-1.2002121433141226
-0.9028360029597878,-0.5127797575784685,3.074882430400277,-0.6152155523078459,-0.5887911903435977,1.8070727381280582,1.1252042362001744,1.8066846271709969,-0.8891127292277717,0.5954206085254304,-0.8898768725282954,1.128925352398844,-1.4724781689011985,1.1286557479098702,-0.37266091173939925,2.2585022384238003,-0.3786719731018881,-1.2002121433141226
-0.024786021343659734,1.7498727599639314,-0.3252156863343304,-0.6152155523078459,-0.5887911903435977,1.808913044057739,-1.2237343574115116,1.8088496887774113,-0.4750842357436904,-1.3048084429014306,-0.47502871384602235,0.3801339493604959,1.3364292011451522,0.3812127946083228,-0.6937131510225542,-0.20750471077941549,-0.6957632900362056,-1.2002121433141226
0.00030112098822963846,-0.5127797575784685,-0.3252156863343304,-0.6152155523078459,-0.5887911903435977,-0.8006407642290637,-0.4240956872458312,-0.8011320777558713,0.4005166930599661,0.49540855318717464,0.4012797561794541,-0.07234427814396072,0.8257187702276338,-0.07259185561047446,1.0899104005505313,1.0254987638221924,1.0878753677193318,1.1062022541453564
0.47695682529412775,-0.5127797575784685,-0.3252156863343304,-0.6152155523078459,-0.5887911903435977,-0.780397399002579,-0.024276352162991052,-0.7805639924949286,0.22816990390630495,1.445523078900605,0.2288147913340142,-0.9572795726438277,-0.39998626397441017,-0.9579558300569501,0.09108121166960323,-1.0295070271804874,0.09696500229958847,-0.4314073441609629
-0.22548315999877472,1.7498727599639314,-0.3252156863343304,-0.6152155523078459,-0.5887911903435977,0.6016723541873988,0.22561073226378406,0.601827843201049,0.47381360338968376,0.895456774540198,0.47352859280389464,0.41617203827678023,0.26393729621836365,0.4168053161941108,-0.4440058538023224,-0.20750471077941549,-0.4447326641298708,-0.4314073441609629
-0.07496030600743848,-0.5127797575784685,-0.3252156863343304,-0.6152155523078459,-0.5887911903435977,-0.3111193869340778,-1.7734859431504169,-0.3107456239028736,-0.3106614368959448,0.4454025255180467,-0.30955557189972216,0.3801339493604959,0.21286625312661184,0.3812127946083228,-1.5141799847461737,-0.6185058689799514,-1.5149158587831935,0.3373974549921968
1.430268233905924,1.7498727599639314,-0.3252156863343304,-0.6152155523078459,-0.5887911903435977,-0.4381004960820253,1.1252042362001744,-0.43848425868135854,0.4658896130837682,0.5954206085254304,0.46653676990475496,0.410165690124066,0.8257187702276338,0.41235625099588663,-0.5866957379281693,1.4364999220227281,-0.5900661843914335,0.3373974549921968
0.20099825964334464,-0.6795015220289611,-0.3252156863343304,-0.6152155523078459,-0.5887911903435977,0.7820223352960775,0.6254300673466242,0.7815279565334944,0.35297275122447336,1.0954808852167097,0.35233699588547784,1.31111791303117,-0.6042704363414175,1.3110674210370337,0.2337710957954502,0.20349644742112044,0.22908638435555437,-0.4314073441609629
-0.8777488606278985,-0.6795015220289611,-0.3252156863343304,-0.6152155523078459,-0.5887911903435977,-1.6950294460537365,-1.2237343574115116,-1.6953025212052661,1.2147066969927776,0.5454145808563026,1.2146618201126749,-0.31860455240523605,1.2853581580534004,-0.3172904415127663,-0.37266091173939925,0.20349644742112044,-0.3786719731018881,-0.4314073441609629
-0.10004744833932785,1.7498727599639314,-0.3252156863343304,-0.6152155523078459,-0.5887911903435977,0.5759080711718733,-1.2237343574115116,0.5758471039240687,-0.23142153383679037,-0.004651723504104576,-0.23031491237614188,-1.5519080397625162,0.11072416694310817,-1.549681501420675,-1.9779221081551759,-0.20750471077941549,-1.9773406959790738,1.1062022541453564
0.4016953982984596,1.7498727599639314,3.074882430400277,-0.6152155523078459,-0.5887911903435977,-2.309691626566989,-0.024276352162991052,-2.310180017427126,2.0308776985020676,-0.8047481662101513,2.0303744916789426,-0.5748754069210342,-0.8085546087084248,-0.5753362230097292,-0.5866957379281693,-1.0295070271804874,-0.5900661843914335,-0.4314073441609629
0.4016953982984596,-0.5127797575784685,-0.3252156863343304,-0.6152155523078459,-0.5887911903435977,0.09374791759560948,-0.8738924392140264,0.09412089649673168,0.9492530217446101,0.04535430416502335,0.9489725499453762,-1.349694318621144,0.6725056409523783,-1.3494735675006178,-0.2299710276135523,1.4364999220227281,-0.23333845284032595,-0.4314073441609629
-0.12513459067121724,-0.5127797575784685,-0.3252156863343304,1.6254465548679973,2.1191321870283324,-0.12892909989571893,-0.3741182703604762,-0.12888044896401357,-1.5963288640307252,0.7954447192019422,-1.5960509853413785,0.3120620036297368,-0.7064125225249211,0.3100277514367468,0.01973626960668006,0.20349644742112044,0.017692173066008943,2.643811852451676
0.9285253872681365,-0.5127797575784685,-0.3252156863343304,-0.6152155523078459,-0.5887911903435977,-0.16941583034868746,-0.6739827716726063,-0.1689340886826912,-1.6339678179838233,0.7954447192019422,-1.633340707470122,-0.2525347227253815,0.5703635547688747,-0.2505544635394137,0.3407885088898349,1.0254987638221924,0.3347834900003271,0.3373974549921968
-0.5014417256495578,1.7498727599639314,3.074882430400277,-0.6152155523078459,-0.5887911903435977,0.8777182436394584,0.22561073226378406,0.8778731980189611,0.21430292087095315,0.9954688298784539,0.21483114553573562,1.154952861060605,0.6725056409523783,1.1553501390992105,0.5904958061100672,-0.6185058689799514,0.585814115906662,-1.2002121433141226
-2.508413112200708,-0.6795015220289611,-0.3252156863343304,1.6254465548679973,1.3140738856474885,0.5206988932814614,0.7253849011173342,0.5206380329604865,-0.3106614368959448,0.6454266361945584,-0.30955557189972216,-0.4567505599176588,2.255707976796685,-0.4552114626576949,-0.7650580930854779,1.847501080223264,-0.7618239810641889,-0.4314073441609629
-1.454753134261354,-0.6795015220289611,-0.3252156863343304,1.6254465548679973,1.9727579504136337,0.3771550307663902,0.22561073226378406,0.37666143613388914,0.8660511235324982,-0.6047240555336396,0.865070675155703,0.13387367509922055,-0.14463104851565098,0.13206514350780676,0.4834783930156819,-0.20750471077941549,0.48011701026188924,1.1062022541453564
0.27625968663901274,1.7498727599639314,-0.3252156863343304,1.6254465548679973,2.0459450687209833,-1.2147095984071528,0.8253397348880442,-1.2146588445811362,-0.8554357704276313,-0.9047602215484072,-0.8549177580325982,-0.45875267596856334,0.9278608564111375,-0.4596605278559183,-0.08728114348770531,-0.6185058689799514,-0.08800493257876318,0.3373974549921968
1.505529660901592,-0.5127797575784685,-0.3252156863343304,-0.6152155523078459,-0.5887911903435977,-1.3674549905706257,-1.5235988587236418,-1.3672956878333935,0.2796758408947558,1.0954808852167097,0.2800881592610373,0.4622207074475875,1.3364292011451522,0.4612959681763456,-0.872075506179863,0.20349644742112044,-0.8675210867089616,-1.2002121433141226
2.860235346823618,1.7498727599639314,-0.3252156863343304,-0.6152155523078459,-0.5887911903435977,-1.7686416832409524,2.37463965833405,-1.768914615823376,-1.5804808834188941,-0.4547059725262559,-1.5797367319100533,0.5222841889747277,0.5192925116771229,0.5235828809514741,0.1624261537325264,1.847501080223264,0.16302569332757172,-1.2002121433141226
-0.4512674409857791,1.7498727599639314,-0.3252156863343304,-0.6152155523078459,-0.5887911903435977,-1.8698585093733742,-1.5235988587236418,-1.8695899805216738,0.7650202471320765,0.7454386915328143,0.7648545469347044,-1.1234552048689155,0.6214345978606265,-1.1225712423912195,0.7331856902359142,-0.20750471077941549,0.7311476361682241,-0.4314073441609629
0.20099825964334464,-0.5127797575784685,-0.3252156863343304,1.6254465548679973,1.5336352405695368,-1.2607172466491627,-0.5240505210165413,-1.2612076691190588,1.2444216606399605,-0.10466377884236042,1.2449597193422788,0.48424398400753876,1.4385712873286558,0.48354129416746267,-0.4440058538023224,0.6144976056216563,-0.4447326641298708,3.4126166516048357
0.30134682897090215,-0.5127797575784685,-0.3252156863343304,-0.6152155523078459,-0.5887911903435977,0.6587218380074911,1.4250687375123046,0.6592019757710466,0.3569347463774309,0.8454507468710701,0.3569982111515707,0.13187155904831596,-0.451057307066162,0.13206514350780676,-1.3001451585574035,1.847501080223264,-1.3035216474936484,1.8750070532985164
-0.37600601399011097,-0.5127797575784685,-0.3252156863343304,1.6254465548679973,1.7531965954915851,-2.0023605363103623,3.1243009116143754,-2.002741269316196,-0.6731839933915764,1.0454748575475818,-0.673130362654973,0.8886714262902836,0.26393729621836365,0.8884062272058009,0.3051160378583733,0.20349644742112044,0.3083592135891339,1.1062022541453564
-0.024786021343659734,-0.6795015220289611,-0.3252156863343304,-0.6152155523078459,-0.5887911903435977,0.5740677652421929,-0.7739376054433164,0.5736820423176542,2.5479180659630507,-1.5548385812470702,2.5477693862152604,-1.4698212816754246,-1.1149808672589359,-1.4695983278526523,-0.30131596967647545,0.20349644742112044,-0.29939914386830857,1.8750070532985164
-1.5801888459208009,-0.5127797575784685,-0.3252156863343304,1.6254465548679973,1.6800094771842358,0.32194585287597827,0.8753171517733993,0.32145236517030684,0.9750059902388356,-1.5048325535779423,0.9746092339088872,1.9698140937788078,0.21286625312661184,1.9695290703741104,-2.2633018764068695,-1.0295070271804874,-2.2680077365021987,-1.2002121433141226
-0.7774002913003409,-0.5127797575784685,-0.3252156863343304,-0.6152155523078459,-0.5887911903435977,-0.07924083979434791,1.4750461543976596,-0.07908403201646849,-0.8158158188980541,1.4955291065697331,-0.815297428270808,1.203003646282318,-0.19570209160740282,1.2042898562796696,0.4834783930156819,-0.20750471077941549,0.48011701026188924,-1.2002121433141226
1.7564010842204858,1.7498727599639314,-0.3252156863343304,1.6254465548679973,0.6553898208813432,0.13239434211889772,-0.32414085347512117,0.13200947460899395,0.7788872301674283,1.8955773279227563,0.778838192732983,0.0077403638922263086,-1.8299754705434614,0.0074913179575483565,-1.5855249268090972,-0.6185058689799514,-1.5809765498111765,-0.4314073441609629
0.627479679285464,-0.5127797575784685,-0.3252156863343304,-0.6152155523078459,-0.5887911903435977,0.20600657930611357,2.124752573907275,0.2056215692271043,-1.0099535813929827,-1.4048204982396864,-1.0110684694467122,-0.18246066094371788,-0.6553414794331693,-0.18381848556606187,0.982892987456146,-0.6185058689799514,0.982178262074559,-0.4314073441609629
-0.9279231452916772,1.7498727599639314,3.074882430400277,1.6254465548679973,1.8263837137989347,-0.9662682979002992,-0.3741182703604762,-0.9667592906466185,-0.7484619012977728,0.1953723871724071,-0.7477098069124604,0.9387243275629005,0.468221468585371,0.93734594438626,-0.7650580930854779,3.4915057130254077,-0.7618239810641889,-1.2002121433141226
-0.024786021343659734,-0.5127797575784685,-0.3252156863343304,1.6254465548679973,1.7531965954915851,-1.0030744164939072,1.1252042362001744,-1.0035653379556735,0.5986164507078522,0.04535430416502335,0.5993814049884043,-0.17044796463828993,0.3150083393101155,-0.17047128997139088,0.840203103330299,1.847501080223264,0.8368447418129968,1.1062022541453564
-1.0031845722873454,-0.5127797575784685,-0.3252156863343304,1.6254465548679973,0.8749511758033917,1.3746008446531655,1.6249784050537246,1.3747548366912041,-0.7722338722155194,-0.20467583418061627,-0.7733464908759715,1.0188089695990874,-0.451057307066162,1.0174291179542827,0.09108121166960323,-0.20750471077941549,0.09696500229958847,-1.2002121433141226
-0.42618029865388973,1.7498727599639314,-0.3252156863343304,-0.6152155523078459,-0.5887911903435977,0.20784688523579387,-0.6240053547872513,0.20778663083351886,2.3399133204327702,0.9454628022093259,2.3403453068741245,0.936722211511996,-1.063909824167184,0.93734594438626,-1.335817629588865,-0.20750471077941549,-1.3299459239048417,-1.2002121433141226
-0.1502217330031066,-0.5127797575784685,-0.3252156863343304,-0.6152155523078459,-0.5887911903435977,1.6432855103865034,0.9752719855441093,1.6432224758866638,0.6540843828492598,0.9954688298784539,0.6529853805484734,-0.4247167031031835,-1.9831885998187169,-0.4240680062701303,-1.0504378613371714,-0.20750471077941549,-1.0524910215873136,0.3373974549921968
-0.9028360029597878,1.7498727599639314,-0.3252156863343304,-0.6152155523078459,-0.5887911903435977,-0.4749066146756332,0.8253397348880442,-0.47529030599041355,0.384668712448135,1.0954808852167097,0.3849655027481287,1.601424740412348,2.4089211060719404,1.6002566589215603,-0.622368208959631,-0.6185058689799514,-0.6164904608026267,0.3373974549921968
-0.04987316367554911,-0.5127797575784685,-0.3252156863343304,-0.6152155523078459,-0.5887911903435977,0.3734744189070296,-1.7235085262650618,0.3734138437242665,-1.8380105683611458,0.1953723871724071,-1.8384341791782124,0.6644344285889596,-0.9106966948919285,0.665952967294626,0.4121334509527587,-1.0295070271804874,0.4140563192339066,1.1062022541453564
-0.32583172932633225,-0.5127797575784685,-0.3252156863343304,-0.6152155523078459,-0.5887911903435977,2.2413849375326325,1.7749106557097896,2.2418620100604114,1.1295238012041864,-1.4048204982396864,1.1284293376899548,-1.353698550722953,0.9278608564111375,-1.3539226326988412,1.1255828715819929,-1.0295070271804874,1.1275117823361218,1.8750070532985164
-0.8777488606278985,1.7498727599639314,-0.3252156863343304,1.6254465548679973,1.8263837137989347,-1.6729457748975716,0.17563331537842902,-1.6725693743379086,-1.8043336095610054,-0.3046878895188721,-1.803475064682515,-0.5568563624628926,0.3660793824018673,-0.5575399622168355,-1.121782803400095,1.847501080223264,-1.1185517126152964,1.1062022541453564
-1.2540559956062391,-0.5127797575784685,3.074882430400277,-0.6152155523078459,-0.5887911903435977,-0.4804275324646746,0.3755429829198491,-0.48070296000645113,0.6382364022374294,-0.7547421385410233,0.6390017347501948,0.27402179866254783,-0.39998626397441017,0.2744352298509588,1.3752901688022245,-0.20750471077941549,1.3785424082424567,-1.2002121433141226
-1.1286202839467923,-0.6795015220289611,-0.3252156863343304,-0.6152155523078459,-0.5887911903435977,-0.6184504771907043,-2.173305278233257,-0.6181843720138036,-0.08878970833031267,-0.15466980651148834,-0.0881478467603068,2.1940510914801323,0.5192925116771229,2.191982330285285,-0.37266091173939925,-0.6185058689799514,-0.3786719731018881,-1.2002121433141226
0.20099825964334464,-0.6795015220289611,-0.3252156863343304,-0.6152155523078459,-0.5887911903435977,0.7212922396166247,0.22561073226378406,0.7209062315538741,1.965504778478265,-0.6547300832027676,1.9651174779536407,-0.8391547256404517,0.5192925116771229,-0.8378310697049158,0.3764609799212971,-0.20750471077941549,0.37441990461711655,0.3373974549921968
0.226085401975234,1.7498727599639314,-0.3252156863343304,-0.6152155523078459,-0.5887911903435977,0.09926883538465037,-0.024276352162991052,0.09953355051276887,-0.7048799546152381,-0.6047240555336396,-0.7057588695176238,-1.7801492695656493,0.21286625312661184,-1.7810328917282972,-1.4071625716517886,-0.20750471077941549,-1.409218753138421,1.1062022541453564
-0.30074458699444284,-0.5127797575784685,-0.3252156863343304,1.6254465548679973,1.240886767340139,0.6513606142887693,1.9748203232512098,0.6516242601485941,-0.06501773741256602,-1.5548385812470702,-0.06484177042984168,-0.769080663858788,0.8767898133193857,-0.7710950917315632,0.1267536827010648,2.2585022384238003,0.12338927871078165,-0.4314073441609629
0.5271311099579065,1.7498727599639314,-0.3252156863343304,1.6254465548679973,1.6068223588768862,0.9274065037408289,0.3755429829198491,0.9276696149665062,1.7218420765713662,-1.2047963875631746,1.7227342841168072,-0.46876325622308673,-0.757483565616673,-0.46855865825236553,-1.193127745463018,-0.6185058689799514,-1.1978245418488758,0.3373974549921968
-1.1035331416149028,1.7498727599639314,-0.3252156863343304,-0.6152155523078459,-0.5887911903435977,0.24097239197004122,-1.6235536924943517,0.24134508573295163,-0.8455307825452371,-0.7047361108718955,-0.8455953275004124,0.700472517505244,0.26393729621836365,0.7015454888804141,0.8758755743617606,0.6144976056216563,0.8764811564297869,-0.4314073441609629
0.9034382449362471,-0.5127797575784685,3.074882430400277,-0.6152155523078459,-0.5887911903435977,-0.820884129455548,-0.27416343658976616,-0.8206176322136062,-1.3189892033236847,0.09536033183415127,-1.3187086770088474,0.4522101271930641,-0.9617677379836803,0.45239783777989806,0.7331856902359142,-1.0295070271804874,0.7311476361682241,0.3373974549921968
0.17591111731145526,-0.5127797575784685,-0.3252156863343304,-0.6152155523078459,-0.5887911903435977,2.0591946504942733,-0.07425376904834607,2.058914304318344,0.4044786882129236,-0.35469391718800003,0.4036103638125001,0.5743392062982492,0.5192925116771229,0.5725225981319331,1.339617697770763,1.847501080223264,1.3389059936256666,0.3373974549921968
-0.42618029865388973,-0.5127797575784685,-0.3252156863343304,-0.6152155523078459,-0.5887911903435977,-0.9110591200098875,0.22561073226378406,-0.9115502196830362,1.5316663092293952,-2.0048928302692213,1.5316244582069958,2.099951637087612,-1.319265039625943,2.0985519611225922,1.339617697770763,0.6144976056216563,1.3389059936256666,0.3373974549921968
-0.17530887533499598,-0.6795015220289611,3.074882430400277,-0.6152155523078459,-0.5887911903435977,-1.660063633389809,-0.32414085347512117,-1.6595790046994185,2.757903809069809,0.2953844425106629,2.757524073189444,-0.5528521303610828,-1.2171229534424395,-0.5530908970186117,-0.8364030351484011,-1.4405081853810233,-0.8410968102977684,-0.4314073441609629
-0.10004744833932785,-0.6795015220289611,-0.3252156863343304,1.6254465548679973,1.4604481222621875,1.9027686464714397,-0.3741182703604762,1.9030298686564644,-0.3027374465900292,-0.10466377884236042,-0.30256374900058286,2.2481082248545583,-1.1149808672589359,2.2498201778621914,-1.4785075137147121,1.4364999220227281,-1.475279444166404,-0.4314073441609629
-0.37600601399011097,-0.5127797575784685,-0.3252156863343304,-0.6152155523078459,-0.5887911903435977,-0.997553498704866,1.9248429063658548,-0.9970701531364285,1.369224507958129,-0.35469391718800003,1.3684819238937425,0.7064788656579583,0.5192925116771229,0.7059945540786374,-0.479678324833784,1.4364999220227281,-0.48436907874666085,-0.4314073441609629
0.20099825964334464,1.7498727599639314,-0.3252156863343304,-0.6152155523078459,-0.5887911903435977,-0.4583438613085095,-0.9238698560993814,-0.4579698131390935,1.7238230741478444,0.4454025255180467,1.7227342841168072,0.15789906771007697,-1.0128387810754322,0.15875953469714799,-1.5498524557776352,1.847501080223264,-1.5545522733999833,1.1062022541453564
1.8065753688842645,1.7498727599639314,-0.3252156863343304,-0.6152155523078459,-0.5887911903435977,2.062875262353634,2.124752573907275,2.063244427531174,0.2697708530123615,1.6955532172462449,0.27076572872885074,-0.9873113134073979,0.9789318995028893,-0.9890992864445146,-0.12295361451916689,-1.0295070271804874,-0.12764134719555323,-1.2002121433141226
-1.7557988422440265,-0.5127797575784685,-0.3252156863343304,1.6254465548679973,1.6800094771842358,-1.4649912048436868,-2.323237528889322,-1.4647234601220687,0.9036900774855967,-0.15466980651148834,0.9046910049174935,1.0908851474316557,1.5917844166039112,1.093063226324082,-1.5498524557776352,-0.6185058689799514,-1.5545522733999833,-1.2002121433141226
-0.30074458699444284,-0.5127797575784685,-0.3252156863343304,1.6254465548679973,0.2894542293445959,0.15263770734538198,0.22561073226378406,0.1525775598699366,-0.9782576201693205,0.34539047017979085,-0.9784399625840619,0.027761524401273066,1.642855459695663,0.029736643948666156,0.09108121166960323,-0.6185058689799514,0.09696500229958847,0.3373974549921968
0.15082397497956587,-0.5127797575784685,-0.3252156863343304,1.6254465548679973,1.0213254124180906,1.8659625278778318,-0.8738924392140264,1.866223821347409,-1.1288134359817144,1.4955291065697331,-1.1299294587320825,0.7785550434905264,1.4385712873286558,0.7771795972502135,0.3407885088898349,1.847501080223264,0.3347834900003271,-0.4314073441609629
-1.6303631305845796,-0.5127797575784685,-0.3252156863343304,-0.6152155523078459,-0.5887911903435977,1.3561977853563616,-1.1737569405261565,1.3563518130366763,-0.362167373884395,2.5456556876214194,-0.36315954745979123,1.5073252860198285,0.16179521003486,1.5068262897588671,-0.6580406799910925,-1.0295070271804874,-0.6561268754194162,-0.4314073441609629
-0.9530102876235665,-0.5127797575784685,-0.3252156863343304,-0.6152155523078459,-0.5887911903435977,-0.6847014906591985,-0.4240956872458312,-0.6842187510094611,0.15091099842362987,0.09536033183415127,0.1519047394434808,0.5683328581455355,1.030002942594641,0.5680735329337097,-0.979092919274248,-1.0295070271804874,-0.9732181923537343,0.3373974549921968
-0.9279231452916772,-0.5127797575784685,-0.3252156863343304,1.6254465548679973,1.3872610039548379,0.39739839599287496,0.025701064722363966,0.39722952139483136,-1.126832438405235,-0.5547180278645117,-1.1275988510990362,-1.0073324739164446,1.387500244236904,-1.0068955472374086,0.7331856902359142,-0.6185058689799514,0.7311476361682241,-0.4314073441609629
-2.458238827536929,-0.5127797575784685,-0.3252156863343304,-0.6152155523078459,-0.5887911903435977,0.09742852945497008,0.9752719855441093,0.09736848890635391,0.05978510990560184,1.445523078900605,0.05868043412162113,-0.6009029155827952,-0.5531993932496656,-0.6020306141990703,1.3752901688022245,-0.6185058689799514,1.3785424082424567,1.1062022541453564
-0.30074458699444284,-0.5127797575784685,-0.3252156863343304,-0.6152155523078459,-0.5887911903435977,-0.018510744114895134,-0.9738472729847364,-0.018462307036848626,0.6540843828492598,-1.3048084429014306,0.6529853805484734,-1.3737197112319999,1.030002942594641,-1.371718893491735,-0.40833338277086084,-0.20750471077941549,-0.4050962495130813,-0.4314073441609629
-0.5265288679814473,-0.5127797575784685,-0.3252156863343304,-0.6152155523078459,-0.5887911903435977,0.7415356048431089,0.6754074842319793,0.7414743168148163,0.13902501296475625,-1.2047963875631746,0.1379210936452014,-0.6429473526517933,1.8982106751544223,-0.6420722009830817,0.6618407481729904,-0.6185058689799514,0.6650869451402415,0.3373974549921968
1.1793968105870303,-0.6795015220289611,-0.3252156863343304,-0.6152155523078459,-0.5887911903435977,1.1648059686696002,0.7253849011173342,1.1647438608689493,-0.17595360169538207,-0.4547059725262559,-0.17671093681607278,-1.6560180744095594,-0.3489152208826583,-1.6564590661780392,1.1255828715819929,0.20349644742112044,1.1275117823361218,0.3373974549921968
-0.5014417256495578,-0.6795015220289611,-0.3252156863343304,-0.6152155523078459,-0.5887911903435977,-1.1852647035322665,-0.07425376904834607,-1.1854305128945335,0.4757946009661625,0.8454507468710701,0.47585920043694147,-0.9612838047456368,-0.09356000542389915,-0.9624048952551735,2.7665165390292312,-1.0295070271804874,2.7658169198300975,-0.4314073441609629
-0.7021388643046729,-0.6795015220289611,-0.3252156863343304,-0.6152155523078459,-0.5887911903435977,-1.5754095606245107,1.7749106557097896,-1.5751416020492337,1.5772292534884091,1.0954808852167097,1.5782366108679253,0.0898271219793179,-1.1660519103506877,0.09202355672379536,-0.1586260855506285,-0.20750471077941549,-0.15406562360674642,-1.2002121433141226
0.47695682529412775,-0.5127797575784685,-0.3252156863343304,-0.6152155523078459,-0.5887911903435977,-0.8834545310646816,-0.07425376904834607,-0.883404418799641,-0.7444999061448153,0.4454025255180467,-0.7453791992794139,0.011744595994035432,0.8257187702276338,0.01194038315577255,0.1624261537325264,-0.6185058689799514,0.16302569332757172,-0.4314073441609629
0.2511725443071234,-0.6795015220289611,-0.3252156863343304,-0.6152155523078459,-0.5887911903435977,0.8317105953974485,0.8253397348880442,0.8313243734810387,-0.17397260411890333,1.3455110235623493,-0.17438032918302676,0.5883540186545823,-0.14463104851565098,0.5903188589248266,0.01973626960668006,-0.6185058689799514,0.017692173066008943,-1.2002121433141226
-0.17530887533499598,-0.5127797575784685,-0.3252156863343304,-0.6152155523078459,-0.5887911903435977,-0.7767167871432183,0.8753171517733993,-0.7762338692820987,0.04988012202320754,-0.6047240555336396,0.049358003589435415,-1.0113367060182537,1.5917844166039112,-1.011344612435632,1.1255828715819929,-1.0295070271804874,1.1275117823361218,-1.2002121433141226
-2.0066702655629203,-0.5127797575784685,-0.3252156863343304,-0.6152155523078459,-0.5887911903435977,-1.6158962910774792,0.4255203998052041,-1.6162777725711186,-0.045207761647777414,0.5454145808563026,-0.04619690936547025,-0.5768775229719393,1.2853581580534004,-0.5753362230097292,0.982892987456146,1.0254987638221924,0.982178262074559,0.3373974549921968
1.6560525148929284,-0.6795015220289611,3.074882430400277,-0.6152155523078459,-0.5887911903435977,0.7249728514759852,-0.024276352162991052,0.725236354766704,0.8363361598853154,-0.5047120001953838,0.837103383559145,-0.6329367723972699,0.059653123851356335,-0.633174070586635,-0.05160867245624374,-0.20750471077941549,-0.04836851796197371,0.3373974549921968
1.2546582375826985,-0.6795015220289611,-0.3252156863343304,-0.6152155523078459,-0.5887911903435977,-0.0810811457240282,0.2755881491491391,-0.08124909362288345,-1.1169274505228406,-0.6547300832027676,-1.115945812933804,-0.807120868825977,-0.6042704363414175,-0.8066876133173512,0.5548233350786057,0.20349644742112044,0.5593898394954687,-1.2002121433141226
-1.0784459992830135,-0.5127797575784685,-0.3252156863343304,-0.6152155523078459,-0.5887911903435977,1.089353425552704,0.3255655660344941,1.088966704644424,-0.2670794902134101,-0.6047240555336396,-0.2676046345048856,-0.3886786141868997,-0.8085546087084248,-0.38847548468434234,0.5548233350786057,-0.6185058689799514,0.5593898394954687,0.3373974549921968
0.2511725443071234,1.7498727599639314,-0.3252156863343304,-0.6152155523078459,-0.5887911903435977,-1.0417208410171956,-0.6240053547872513,-1.0414539160679361,0.2618468627064459,-0.8047481662101513,0.261443298196665,-0.31259820425252177,-0.6042704363414175,-0.3128413763145429,0.6261682771415289,-1.0295070271804874,0.625450530523452,2.643811852451676
0.7278282486130215,-0.5127797575784685,-0.3252156863343304,-0.6152155523078459,-0.5887911903435977,-1.0895687951888857,1.3251139037415944,-1.0890852714090662,-0.2175545508014386,-2.4049410516222447,-0.21866187421090932,1.3932046711182622,0.3660793824018673,1.3911505946050564,1.4466351108651483,-1.0295070271804874,1.4446030992704393,-0.4314073441609629
1.505529660901592,-0.6795015220289611,-0.3252156863343304,-0.6152155523078459,-0.5887911903435977,-1.3288085660473374,1.0252494024294643,-1.3283245789179234,1.103770832709961,-2.7049772176370124,1.1027926537264439,0.9347200954610908,1.5917844166039112,0.9328968791880358,0.840203103330299,-0.6185058689799514,0.8368447418129968,0.3373974549921968
-1.9063216962353629,-0.5127797575784685,-0.3252156863343304,-0.6152155523078459,-0.5887911903435977,-1.1116524663450507,-0.6739827716726063,-1.1118184182764235,0.21430292087095315,0.04535430416502335,0.21483114553573562,1.3691792785074053,-0.7064125225249211,1.3689052686139387,0.09108121166960323,-0.20750471077941549,0.09696500229958847,1.1062022541453564
1.0037868142638047,1.7498727599639314,-0.3252156863343304,1.6254465548679973,2.0459450687209833,0.14343617769698,-0.07425376904834607,0.14391731344427638,0.8066211962381324,0.7954447192019422,0.806805484329541,0.5803455544509635,0.26393729621836365,0.5814207285283799,0.09108121166960323,0.20349644742112044,0.09696500229958847,1.1062022541453564
-0.04987316367554911,-0.6795015220289611,-0.3252156863343304,-0.6152155523078459,-0.5887911903435977,-0.3681688707541705,-0.8738924392140264,-0.3681197564728712,-0.8970367195336872,1.0454748575475818,-0.8968686954274347,1.1048999597879883,0.7235766840441301,1.1064104219187523,-0.6580406799910925,-0.6185058689799514,-0.6561268754194162,-0.4314073441609629
0.17591111731145526,-0.5127797575784685,3.074882430400277,1.6254465548679973,2.48506777856508,-0.9128994259395679,-0.5240505210165413,-0.9126327504862435,-0.6672410006621396,1.3955170512314772,-0.6661385397558337,0.884667194188474,-1.0128387810754322,0.8839571620075775,1.196927813644916,0.20349644742112044,1.1935724733641044,1.1062022541453564
-1.8561474115715841,1.7498727599639314,-0.3252156863343304,-0.6152155523078459,-0.5887911903435977,-0.03875410934137939,1.0252494024294643,-0.03903039229779088,1.9040938536074212,-0.40469994485712796,1.9045216794944329,-0.15242892018014775,0.3150083393101155,-0.15267502917849726,-0.9434204482427865,-0.6185058689799514,-0.9467939159425411,1.1062022541453564
0.4518696829622384,-0.6795015220289611,-0.3252156863343304,1.6254465548679973,1.1676996490327896,0.6900070388120576,-0.32414085347512117,0.6895128382608567,-1.2278633148056572,-2.4049410516222447,-1.227814979320035,-1.2255631234650537,-0.757483565616673,-1.22489974195036,0.3764609799212971,-0.20750471077941549,0.37441990461711655,-1.2002121433141226
0.37660825596657027,1.7498727599639314,-0.3252156863343304,-0.6152155523078459,-0.5887911903435977,-0.3497658114573665,-1.5735762756089966,-0.3497167328183435,-1.0674025111108691,0.2953844425106629,-1.0670030526398278,1.7475792121283895,2.255707976796685,1.7470758104629356,-0.7293856220540164,0.20349644742112044,-0.7353997046529958,-1.2002121433141226
-0.6268774373090047,-0.5127797575784685,-0.3252156863343304,1.6254465548679973,1.0213254124180906,-0.3608076470354488,0.3255655660344941,-0.36054204085041863,-0.6335640418619992,1.7955652725845006,-0.6335100328931829,-3.5500198585653826,0.11072416694310817,-3.551760840621249,-0.26564349864501385,-0.20750471077941549,-0.2597627292515191,1.1062022541453564
0.6023925369535746,-0.5127797575784685,-0.3252156863343304,-0.6152155523078459,-0.5887911903435977,-0.9754698275487012,0.6254300673466242,-0.9754195370722787,-0.8950557219572085,1.545535134238861,-0.8945380877943883,0.11385251459017377,0.6214345978606265,0.11426888271491238,1.48230758189661,1.0254987638221924,1.4842395138872293,0.3373974549921968
1.0539610989275834,1.7498727599639314,-0.3252156863343304,-0.6152155523078459,-0.5887911903435977,-0.8521693302601145,0.3255655660344941,-0.8520110255066236,0.4599466203543319,0.8454507468710701,0.45954494700561604,-0.4026934265432322,-0.757483565616673,-0.4018226802790133,-0.015936201424782154,3.4915057130254077,-0.02194424155078053,-0.4314073441609629
1.8818367958799327,-0.5127797575784685,-0.3252156863343304,-0.6152155523078459,-0.5887911903435977,0.8004253945928814,-1.2237343574115116,0.7999309801880212,0.2717518505888402,1.545535134238861,0.27076572872885074,-0.9232435997784478,-1.0128387810754322,-0.922363308471162,-0.05160867245624374,-1.0295070271804874,-0.04836851796197371,1.1062022541453564
0.15082397497956587,-0.6795015220289611,-0.3252156863343304,-0.6152155523078459,-0.5887911903435977,-0.8411274946820323,0.17563331537842902,-0.8411857174745484,-0.5186661824262251,-0.3046878895188721,-0.5193102588739054,2.214072251989179,-1.063909824167184,2.214227656276403,-1.0504378613371714,-0.6185058689799514,-1.0524910215873136,1.1062022541453564
-1.329317422601907,-0.5127797575784685,-0.3252156863343304,1.6254465548679973,2.1191321870283324,0.5887902126796358,0.7253849011173342,0.5888374735625592,-0.8078918285921386,-0.8047481662101513,-0.8083056053716687,-1.1294615530216296,-1.0128387810754322,-1.1314693727876663,0.697513219204452,-1.4405081853810233,0.6915112215514346,-0.4314073441609629
-0.8275745759641198,-0.6795015220289611,3.074882430400277,-0.6152155523078459,-0.5887911903435977,-0.5742831348783747,1.2751364868562394,-0.573800609082296,0.3708017294127832,1.2454989682240936,0.37098185694984925,-0.04031042132948602,1.081073985686393,-0.041448399222909854,1.5179800529280716,1.0254987638221924,1.5238759285040189,-0.4314073441609629
-0.576703152645226,-0.5127797575784685,-0.3252156863343304,-0.6152155523078459,-0.5887911903435977,0.9439692571079525,0.7253849011173342,0.9439075770146194,0.5887114628254578,1.9955893832610123,0.5877283668231718,1.2190205746895546,1.030002942594641,1.2176370518743398,-0.26564349864501385,-0.6185058689799514,-0.2597627292515191,-0.4314073441609629
0.4016953982984596,-0.6795015220289611,-0.3252156863343304,1.6254465548679973,0.9481382941107411,-0.4877887561833963,0.5754526504612691,-0.48828067562890365,1.240459665487003,0.49540855318717464,1.240298504076186,-1.311654113653955,-0.757483565616673,-1.3094319807166064,0.5904958061100672,1.0254987638221924,0.585814115906662,-0.4314073441609629
-0.576703152645226,-0.5127797575784685,-0.3252156863343304,-0.6152155523078459,-0.5887911903435977,-0.6000474178939004,-1.0238246898700913,-0.5997813483592759,-0.019454793153552568,-0.004651723504104576,-0.020560225401959117,-0.7971102885714536,0.3150083393101155,-0.797789482920904,1.2326002846763777,1.0254987638221924,1.2332088879808945,-1.2002121433141226
0.12573683264767652,-0.5127797575784685,-0.3252156863343304,1.6254465548679973,1.6800094771842358,0.32562646473533935,1.2251590699708845,0.3257824883831367,-1.5309559440069225,0.49540855318717464,-1.530793971616077,-1.7000646275294622,0.059653123851356335,-1.700949718160274,0.7331856902359142,-0.20750471077941549,0.7311476361682241,1.1062022541453564
-1.6052759882526904,-0.6795015220289611,-0.3252156863343304,-0.6152155523078459,-0.5887911903435977,-0.8245647413149085,-0.1242311859337011,-0.8249477554264361,0.9452910265916526,1.4955291065697331,0.9443113346792833,0.7144873298615765,0.6725056409523783,0.714892684475085,1.5893249949909947,-1.0295070271804874,1.5899366195320022,1.1062022541453564
1.104135383591362,-0.5127797575784685,-0.3252156863343304,-0.6152155523078459,-0.5887911903435977,0.15079740141570167,0.4754978166905591,0.15041249826352163,-0.07294172771848156,0.8454507468710701,-0.07183359332898138,-0.6709769773644588,0.41715042549361914,-0.668766592172423,-1.9422496371237141,-0.20750471077941549,-1.937704281362284,0.3373974549921968
0.226085401975234,1.7498727599639314,-0.3252156863343304,-0.6152155523078459,-0.5887911903435977,0.5206988932814614,-1.5735762756089966,0.5206380329604865,-2.0915782581504403,-0.3046878895188721,-2.0924704111802788,-0.44073363151042116,1.4896423304204076,-0.44186426706302473,-0.8007305641169394,2.6695033966243362,-0.8014603956809784,-0.4314073441609629
-0.5014417256495578,-0.5127797575784685,-0.3252156863343304,1.6254465548679973,1.8263837137989347,-0.33320305809024287,0.8253397348880442,-0.33347877077023114,-1.538879934312838,-0.5047120001953838,-1.5377857945152165,1.2170184586386505,0.059653123851356335,1.2176370518743398,0.697513219204452,0.20349644742112044,0.6915112215514346,-0.4314073441609629
1.0037868142638047,1.7498727599639314,-0.3252156863343304,1.6254465548679973,1.4604481222621875,2.361004822961858,1.1252042362001744,2.3609403984132364,0.9334050411327797,1.3955170512314772,0.9326582965140507,-0.953275340542018,0.16179521003486,-0.9535067648587267,-1.0147653903057097,-0.6185058689799514,-1.0128546069705238,-0.4314073441609629
-0.32583172932633225,-0.5127797575784685,-0.3252156863343304,1.6254465548679973,0.6553898208813432,0.732334075194707,-1.1237795236408015,0.7328140703891566,0.4242886639777122,-0.3046878895188721,0.4245858325099184,-0.2445262585217627,-0.39998626397441017,-0.2461053983411903,2.0887395894314595,0.20349644742112044,2.091997871344671,-0.4314073441609629
-1.0784459992830135,1.7498727599639314,-0.3252156863343304,-0.6152155523078459,-0.5887911903435977,1.0139008824358078,-0.5740279379018963,1.0142720792231068,-1.8598015417024134,1.545535134238861,-1.8594096478756306,-0.44073363151042116,1.1321450287781447,-0.44186426706302473,-0.12295361451916689,0.6144976056216563,-0.12764134719555323,-1.2002121433141226
1.831662511216154,-0.5127797575784685,-0.3252156863343304,-0.6152155523078459,-0.5887911903435977,1.094874343341745,-1.4236440249529316,1.094379358660461,-0.24132652171918467,1.1954929405549655,-0.24196795054137443,-1.9002762326199298,0.8257187702276338,-1.9011576520803315,-0.5153507958652456,-0.6185058689799514,-0.510793355157854,-0.4314073441609629
0.2511725443071234,1.7498727599639314,-0.3252156863343304,1.6254465548679973,1.1676996490327896,0.47469124503945137,0.6754074842319793,0.4751717392257713,0.3688207318363045,-0.054657751173232495,0.36865124931680326,0.3080577715279277,-0.24677313469915466,0.3100277514367468,1.339617697770763,-0.20750471077941549,1.3389059936256666,-0.4314073441609629
0.35152111363468086,-0.5127797575784685,-0.3252156863343304,-0.6152155523078459,-0.5887911903435977,0.5685468474531515,0.9752719855441093,0.5682693883016162,-0.9425996637927013,-0.8047481662101513,-0.9434808480883645,1.2350375030967922,-1.063909824167184,1.235433312667234,0.2694435668269118,0.20349644742112044,0.2687227989723444,-1.2002121433141226
-0.576703152645226,-0.6795015220289611,-0.3252156863343304,-0.6152155523078459,-0.5887911903435977,-1.308565200820853,0.3755429829198491,-1.3088390244601884,0.1826069596472915,1.2955049958932214,0.18220263867308478,0.4421995469385407,0.8767898133193857,0.44349970738345124,-0.8364030351484011,0.20349644742112044,-0.8410968102977684,-0.4314073441609629
-1.178794568610571,-0.5127797575784685,-0.3252156863343304,1.6254465548679973,1.8263837137989347,-0.3295224462308818,-1.3736666080675766,-0.32914864755740086,1.4326164304054523,-2.1049048856074775,1.4337389376190441,-0.9332541800329712,-1.2171229534424395,-0.9312614388676093,1.2326002846763777,-0.20750471077941549,1.2332088879808945,-1.2002121433141226
-0.8024874336322303,-0.6795015220289611,-0.3252156863343304,-0.6152155523078459,-0.5887911903435977,0.10294944724401146,-0.47407310413118625,0.10278114292239149,0.3648587366833464,-0.6047240555336396,0.3639900340507104,0.8626439176285225,0.3660793824018673,0.8617118360164605,-1.6925423399034822,0.20349644742112044,-1.6866736554559492,-1.2002121433141226
1.3550068069102559,-0.6795015220289611,3.074882430400277,-0.6152155523078459,-0.5887911903435977,1.3083498311846713,2.27468482456334,1.3087204576955467,-0.9544856492515743,0.24537841484153503,-0.9551338862535966,-1.0493769109854427,0.21286625312661184,-1.0513861992196434,-0.08728114348770531,0.20349644742112044,-0.08800493257876318,0.3373974549921968
1.3800939492421451,-0.6795015220289611,-0.3252156863343304,-0.6152155523078459,-0.5887911903435977,-0.09948420502083218,-0.27416343658976616,-0.09965211727741113,-0.27896547567228314,1.3955170512314772,-0.27925767267011814,1.154952861060605,0.26393729621836365,1.1553501390992105,0.9472205164246843,0.20349644742112044,0.9425418474577696,1.1062022541453564
-1.379491707265686,1.7498727599639314,-0.3252156863343304,-0.6152155523078459,-0.5887911903435977,-1.6435008800226851,0.3755429829198491,-1.6433410426513062,1.4960083528527754,-1.1547903598940468,1.496665343711299,-1.0814107677999174,0.5703635547688747,-1.082529655607208,0.8758755743617606,-1.0295070271804874,0.8764811564297869,-0.4314073441609629
-1.5049274189251327,1.7498727599639314,-0.3252156863343304,-0.6152155523078459,-0.5887911903435977,0.04405965749423846,-0.5740279379018963,0.04432447954918658,0.21430292087095315,0.1953723871724071,0.21483114553573562,0.13787790720103021,1.2342871149616486,0.13651420870603018,-1.22880021649448,-1.4405081853810233,-1.2242488182600688,-0.4314073441609629
-0.8275745759641198,-0.5127797575784685,3.074882430400277,1.6254465548679973,1.5336352405695368,0.29066065207141173,0.6254300673466242,0.2911415026804967,-0.5761151121441122,-0.20467583418061627,-0.5752448420670209,0.06980596147027114,-0.757483565616673,0.06977823073267757,1.1612553426134544,1.847501080223264,1.1671481969529112,-0.4314073441609629
-1.053358856951124,1.7498727599639314,-0.3252156863343304,-0.6152155523078459,-0.5887911903435977,0.05142088121296015,0.17563331537842902,0.05190219517163911,0.07959508567039045,-0.2546818618497442,0.0796559028190394,0.5883540186545823,0.008582080759604505,0.5903188589248266,0.3764609799212971,1.4364999220227281,0.37441990461711655,1.8750070532985164
-0.651964579640894,1.7498727599639314,-0.3252156863343304,-0.6152155523078459,-0.5887911903435977,0.853794266553613,0.22561073226378406,0.8540575203483963,0.01620316322306714,0.34539047017979085,0.016729496726784577,0.914698934952044,-0.09356000542389915,0.9151006183951421,0.01973626960668006,0.20349644742112044,0.017692173066008943,-0.4314073441609629
1.430268233905924,-0.6795015220289611,-0.3252156863343304,-0.6152155523078459,-0.5887911903435977,0.41028053750063753,1.2751364868562394,0.41021989103332185,-0.7365759158388997,-0.7047361108718955,-0.7360567687472278,-0.10237601890753086,-0.8085546087084248,-0.10373531199803906,0.05540874063814164,0.6144976056216563,0.057328587682799005,-0.4314073441609629
1.555703945565371,-0.5127797575784685,-0.3252156863343304,-0.6152155523078459,-0.5887911903435977,0.21336780302483527,-0.5740279379018963,0.21319928484955683,-0.13435265258932613,-0.6547300832027676,-0.1347599994212362,1.359168698252882,1.081073985686393,1.3600071382174919,0.9115480453932228,-0.20750471077941549,0.9161175710465763,-0.4314073441609629
-0.5265288679814473,-0.5127797575784685,-0.3252156863343304,-0.6152155523078459,-0.5887911903435977,1.637764592597462,0.9752719855441093,1.6378098218706265,1.987295751819533,2.345631576944908,1.988423554284106,-0.6709769773644588,2.0514238044296778,-0.668766592172423,-1.5855249268090972,-1.4405081853810233,-1.5809765498111765,0.3373974549921968
0.4518696829622384,-0.5127797575784685,3.074882430400277,1.6254465548679973,1.7531965954915851,-0.12340818210667753,0.025701064722363966,-0.12346779494797601,0.1727019717648972,-0.35469391718800003,0.17288020814089905,0.6123794112654382,-0.451057307066162,0.6125641849159444,0.697513219204452,-0.20750471077941549,0.6915112215514346,-1.2002121433141226
1.505529660901592,-0.5127797575784685,-0.3252156863343304,-0.6152155523078459,-0.5887911903435977,2.624168570906155,-0.024276352162991052,2.623995383592659,0.5887114628254578,1.7455592449153727,0.5877283668231718,0.8205994805595245,0.21286625312661184,0.8216702492324482,-0.872075506179863,0.20349644742112044,-0.8675210867089616,0.3373974549921968
0.5020439676260171,1.7498727599639314,-0.3252156863343304,-0.6152155523078459,-0.5887911903435977,-0.046115333060101085,2.0747751570219197,-0.04660810792024341,-1.5289749464304438,-0.6047240555336396,-1.5284633639830307,0.25400063815350105,-2.493899030736235,0.25218990385984097,-0.6580406799910925,0.6144976056216563,-0.6561268754194162,-0.4314073441609629
0.35152111363468086,1.7498727599639314,3.074882430400277,-0.6152155523078459,-0.5887911903435977,-1.0619642062436798,0.4754978166905591,-1.0620220013288788,0.3866497100246138,-0.004651723504104576,0.3872961103811747,-0.41670823889956526,1.2342871149616486,-0.41516987587368354,0.1980986247639886,-1.0295070271804874,0.20266210794436118,0.3373974549921968
-1.7307116999121372,-0.6795015220289611,-0.3252156863343304,-0.6152155523078459,-0.5887911903435977,-0.40129437748841734,-0.6240053547872513,-0.40167821137230353,-0.3938633351080567,1.595541161907989,-0.39345744668939564,-1.361707014926572,0.11072416694310817,-1.3628207630952882,0.9115480453932228,-0.6185058689799514,0.9161175710465763,-0.4314073441609629
0.6525668216173534,-0.5127797575784685,-0.3252156863343304,-0.6152155523078459,-0.5887911903435977,0.7599386641399128,-0.024276352162991052,0.7598773404693441,-0.792043847980308,0.6454266361945584,-0.7919913519403433,0.6524217322835316,-0.19570209160740282,0.6526057716999558,-1.22880021649448,-0.20750471077941549,-1.2242488182600688,0.3373974549921968
1.3800939492421451,-0.5127797575784685,-0.3252156863343304,-0.6152155523078459,-0.5887911903435977,-0.09580359316147159,-1.7734859431504169,-0.09532199406458083,-0.06501773741256602,0.7954447192019422,-0.06484177042984168,0.7605359990323842,-0.7064125225249211,0.7593833364573199,0.1267536827010648,-1.0295070271804874,0.12338927871078165,-1.2002121433141226
-0.8275745759641198,1.7498727599639314,-0.3252156863343304,-0.6152155523078459,-0.5887911903435977,0.2888203461417314,0.7753623180026893,0.2889764410740814,0.22618890632982622,0.04535430416502335,0.22648418370096818,-1.243582167923196,1.744997545879167,-1.2426960027432536,1.7320148791168417,2.6695033966243362,1.7352701397935644,-0.4314073441609629
-1.6303631305845796,-0.6795015220289611,-0.3252156863343304,1.6254465548679973,1.6068223588768862,-0.6147698653313433,1.3750913206269495,-0.6149367796041809,-0.7563858916036883,-1.004772276886663,-0.7570322374446461,-1.4257747285555213,0.468221468585371,-1.425107675870417,1.5179800529280716,0.6144976056216563,1.5238759285040189,-1.2002121433141226
0.07556254798389776,-0.5127797575784685,-0.3252156863343304,1.6254465548679973,1.3140738856474885,0.17288107257186622,0.5754526504612691,0.17314564513087885,-0.4453692720965075,-0.15466980651148834,-0.44473081461641795,-0.02429349292224839,0.21286625312661184,-0.023652138430015457,0.3051160378583733,-0.20750471077941549,0.3083592135891339,-0.4314073441609629
-0.651964579640894,1.7498727599639314,-0.3252156863343304,-0.6152155523078459,-0.5887911903435977,-1.3012039771021315,-0.6240053547872513,-1.301261308837736,1.1612197624278486,0.9954688298784539,1.1610578445526056,-0.36865745367785296,0.9789318995028893,-0.3706792238914487,1.0899104005505313,-0.6185058689799514,1.0878753677193318,1.8750070532985164
0.9034382449362471,-0.5127797575784685,-0.3252156863343304,-0.6152155523078459,-0.5887911903435977,0.6660830617262128,-1.2237343574115116,0.6656971605902918,-1.0951364771815733,0.895456774540198,-1.0949703442363858,-0.27255588323442825,1.4896423304204076,-0.2727997895305315,0.6618407481729904,-0.20750471077941549,0.6650869451402415,-0.4314073441609629
-1.379491707265686,-0.6795015220289611,-0.3252156863343304,-0.6152155523078459,-0.5887911903435977,0.3127443232275763,-0.7739376054433164,0.31279211874464624,0.10336705658813711,-1.3048084429014306,0.10296197914950453,0.32207258388426013,0.6214345978606265,0.323374947031417,0.3407885088898349,0.20349644742112044,0.3347834900003271,1.1062022541453564
0.07556254798389776,-0.5127797575784685,-0.3252156863343304,-0.6152155523078459,-0.5887911903435977,0.058782104931681844,0.6254300673466242,0.05839737999088397,0.7709632398615127,-0.7547421385410233,0.7718463698338442,0.5863519026036776,0.21286625312661184,0.5858697937266033,-1.6925423399034822,-0.20750471077941549,-1.6866736554559492,0.3373974549921968
-0.2756574446625535,-0.5127797575784685,-0.3252156863343304,-0.6152155523078459,-0.5887911903435977,0.2575351453371644,-0.8738924392140264,0.25758304778106395,-0.920808690451434,-1.054778304555791,-0.9201747717578999,1.971816209829713,-2.034259642910469,1.9739781355723347,0.8758755743617606,-0.6185058689799514,0.8764811564297869,-0.4314073441609629
0.07556254798389776,-0.6795015220289611,-0.3252156863343304,-0.6152155523078459,-0.5887911903435977,-0.7546331159870538,0.3255655660344941,-0.7545832532179487,1.1136758205923551,0.6454266361945584,1.1144456918916763,0.6884598211998161,-1.319265039625943,0.6881982932857439,-0.08728114348770531,-0.6185058689799514,-0.08800493257876318,-1.2002121433141226
0.4518696829622384,-0.5127797575784685,-0.3252156863343304,-0.6152155523078459,-0.5887911903435977,-1.4889151819295319,-0.17420860281905612,-1.4885391377926336,-1.0654215135343905,-1.604844608916198,-1.0646724450067813,-0.19647547330005094,0.26393729621836365,-0.19716568116073208,-0.08728114348770531,-0.20750471077941549,-0.08800493257876318,1.1062022541453564
0.20099825964334464,-0.5127797575784685,-0.3252156863343304,-0.6152155523078459,-0.5887911903435977,-0.07556022793498733,-1.0238246898700913,-0.07583643960684587,0.7392672786378511,-0.3046878895188721,0.7392178629711934,-0.042312537380390584,0.16179521003486,-0.041448399222909854,-0.015936201424782154,0.6144976056216563,-0.02194424155078053,-0.4314073441609629
-0.6268774373090047,-0.5127797575784685,-0.3252156863343304,-0.6152155523078459,-0.5887911903435977,0.8225090657490465,1.0252494024294643,0.8226641270553788,-1.0456115377696018,-0.15466980651148834,-1.0460275839424096,-0.3346214808124731,-1.319265039625943,-0.33508670230566073,-1.2644726875259416,-1.0295070271804874,-1.2638852328768586,0.3373974549921968
1.9821853652074901,-0.5127797575784685,-0.3252156863343304,-0.6152155523078459,-0.5887911903435977,0.8317105953974485,0.22561073226378406,0.8313243734810387,0.9769869878153143,0.04535430416502335,0.9769398415419341,0.3120620036297368,-1.370336082717695,0.3100277514367468,-1.2644726875259416,0.20349644742112044,-1.2638852328768586,1.1062022541453564
-1.1537074262786815,-0.5127797575784685,-0.3252156863343304,1.6254465548679973,1.4604481222621875,-1.3692952965003062,-0.9238698560993814,-1.3694607494398088,-0.06501773741256602,0.4454025255180467,-0.06484177042984168,-0.26054318692900036,-0.451057307066162,-0.2594525939358613,-0.5866957379281693,0.6144976056216563,-0.5900661843914335,0.3373974549921968
0.8030896756086896,-0.5127797575784685,-0.3252156863343304,-0.6152155523078459,-0.5887911903435977,0.6716039795152536,-1.6735311093797067,0.671109814606329,0.426269661554191,1.6455471895771168,0.4269164401429652,-0.17044796463828993,-0.24677313469915466,-0.17047128997139088,-2.548681644658563,-1.4405081853810233,-2.545462638819727,0.3373974549921968
-1.7056245575802478,-0.5127797575784685,3.074882430400277,-0.6152155523078459,-0.5887911903435977,0.20048566151707217,-0.024276352162991052,0.20020891521106635,-0.7722338722155194,0.1953723871724071,-0.7733464908759715,-0.212492401707288,1.8471396320626705,-0.21051287675540228,0.982892987456146,0.6144976056216563,0.982178262074559,-0.4314073441609629
0.27625968663901274,-0.5127797575784685,-0.3252156863343304,1.6254465548679973,0.6553898208813432,0.06430302272072272,-0.27416343658976616,0.06381003400692155,1.0324549199567226,1.2454989682240936,1.0328744247350492,-0.8771949306076406,-0.24677313469915466,-0.8778726564889272,-0.1942985565820907,-0.6185058689799514,-0.19370203822353588,-1.2002121433141226
-1.5049274189251327,-0.5127797575784685,-0.3252156863343304,-0.6152155523078459,-0.5887911903435977,-0.6644581254327143,0.8253397348880442,-0.664733196551726,-0.956466646828053,0.3953964978489188,-0.9574644938866436,-0.12239717941657761,0.5192925116771229,-0.12153157279093267,-0.5866957379281693,-0.6185058689799514,-0.5900661843914335,-0.4314073441609629
0.9034382449362471,-0.6795015220289611,-0.3252156863343304,-0.6152155523078459,-0.5887911903435977,0.4820524687581731,-0.6240053547872513,0.4816669240450165,0.17072097418841847,-0.7047361108718955,0.17054960050785223,1.7896236491973871,-0.8085546087084248,1.7915664624451713,1.5179800529280716,-0.20750471077941549,1.5238759285040189,0.3373974549921968
-0.17530887533499598,-0.6795015220289611,-0.3252156863343304,-0.6152155523078459,-0.5887911903435977,1.6469661222458638,0.17563331537842902,1.6464700682962863,-0.13633365016580487,2.195613493937524,-0.13709060705428305,1.1429401647551778,-1.9831885998187169,1.1420029435045405,-0.479678324833784,-1.0295070271804874,-0.48436907874666085,1.1062022541453564
1.3299196645783664,-0.6795015220289611,-0.3252156863343304,1.6254465548679973,1.9727579504136337,-2.1127788920911863,-1.2237343574115116,-2.1131594112433616,-0.32849041508425464,-0.4547059725262559,-0.32820043296409396,-0.979302849203779,-1.2681939965341913,-0.9802011560480675,1.5536525239595331,-1.4405081853810233,1.550300204915212,-0.4314073441609629
-0.04987316367554911,-0.5127797575784685,-0.3252156863343304,1.6254465548679973,1.6800094771842358,1.1850493338960844,-1.4736214418382867,1.1853119461298915,0.0538421171761656,-2.1049048856074775,0.054019218855528274,0.6704407767416738,0.774647727135882,0.6704020324928495,-0.9077479772113245,-0.20750471077941549,-0.9071575013257511,1.1062022541453564
1.2797453799145877,-0.6795015220289611,-0.3252156863343304,1.6254465548679973,0.8749511758033917,1.0930340374120646,0.22561073226378406,1.093296827857254,0.16675897903546041,0.5454145808563026,0.16588838524175936,1.3551644661510727,1.5407133735121594,1.3555580730192685,1.0899104005505313,-0.6185058689799514,1.0878753677193318,2.643811852451676
0.47695682529412775,-0.5127797575784685,-0.3252156863343304,-0.6152155523078459,-0.5887911903435977,-0.5614009933706121,-0.1242311859337011,-0.5618927702470136,-0.14029564531876293,-0.6047240555336396,-0.13942121468732907,0.9687560683264707,0.9789318995028893,0.9684894007738237,0.3051160378583733,0.20349644742112044,0.3083592135891339,-0.4314073441609629
-0.2756574446625535,-0.5127797575784685,-0.3252156863343304,-0.6152155523078459,-0.5887911903435977,1.5107834834495149,1.3750913206269495,1.511153717895349,0.3945737003305293,0.1953723871724071,0.39428793328031436,-1.2796202568394803,-0.451057307066162,-1.2782885243290416,-0.2299710276135523,0.20349644742112044,-0.23333845284032595,-0.4314073441609629
0.7278282486130215,-0.6795015220289611,-0.3252156863343304,-0.6152155523078459,-0.5887911903435977,-0.96994890975966,0.07567848160771899,-0.970006883056241,0.12317703235292571,0.34539047017979085,0.1239374478469228,0.624392107570866,-0.04248896233214733,0.6259113805106147,-1.4785075137147121,0.6144976056216563,-1.475279444166404,-1.2002121433141226
-0.22548315999877472,-0.5127797575784685,-0.3252156863343304,-0.6152155523078459,-0.5887911903435977,0.09190761166592867,-2.023373027577192,0.09195583489031633,1.2147066969927776,-1.3548144705705585,1.2146618201126749,0.780557159541431,1.030002942594641,0.7816286624484369,0.7331856902359142,0.6144976056216563,0.7311476361682241,0.3373974549921968
1.0037868142638047,-0.5127797575784685,-0.3252156863343304,-0.6152155523078459,-0.5887911903435977,-0.5190739569879629,0.17563331537842902,-0.5185915381187134,0.822469176849963,0.6954326638636863,0.8231197377608664,2.075926244476756,0.468221468585371,2.0763066351314747,0.1980986247639886,-1.0295070271804874,0.20266210794436118,-0.4314073441609629
-0.2756574446625535,-0.6795015220289611,-0.3252156863343304,-0.6152155523078459,-0.5887911903435977,-2.179029905559681,-0.47407310413118625,-2.179193790239019,-0.12444766470693182,-0.3046878895188721,-0.1254375688890505,-1.1494827135306764,-1.0128387810754322,-1.1492656335805602,0.4121334509527587,1.847501080223264,0.4140563192339066,-0.4314073441609629
-0.04987316367554911,-0.5127797575784685,-0.3252156863343304,-0.6152155523078459,-0.5887911903435977,-0.6276520068391064,0.2755881491491391,-0.627927149242671,-2.0281863357031167,0.2953844425106629,-2.027213397454977,0.6063730631127244,-0.8596256518001767,0.608115119717721,0.2337710957954502,0.20349644742112044,0.22908638435555437,-0.4314073441609629
0.12573683264767652,-0.5127797575784685,-0.3252156863343304,-0.6152155523078459,-0.5887911903435977,-0.3884122359806548,0.5754526504612691,-0.38868784173381343,0.38268771487165626,0.6954326638636863,0.3826348951150818,1.0488407103626576,0.3150083393101155,1.0485725743418473,-0.40833338277086084,-0.6185058689799514,-0.4050962495130813,-1.2002121433141226
0.37660825596657027,-0.5127797575784685,-0.3252156863343304,1.6254465548679973,1.1676996490327896,0.9789350697718802,-0.5240505210165413,0.9785485627172594,-0.9624096395574899,-0.3046878895188721,-0.9621257091527364,2.878774780889531,-0.9106966948919285,2.8771383708117044,0.1624261537325264,0.6144976056216563,0.16302569332757172,-0.4314073441609629
1.4804425185697028,-0.5127797575784685,-0.3252156863343304,-0.6152155523078459,-0.5887911903435977,0.48941369247689476,-1.7235085262650618,0.48924463966746906,0.8006782035086957,0.4454025255180467,0.7998136614304013,0.5463095815855842,0.11072416694310817,0.5458282069425918,0.5191508640471435,0.6144976056216563,0.5197534248786793,-1.2002121433141226
-0.7021388643046729,-0.5127797575784685,-0.3252156863343304,-0.6152155523078459,-0.5887911903435977,0.34218921810246306,-0.32414085347512117,0.34202045043124907,1.5574192777236207,0.04535430416502335,1.557261142170507,-1.0874171159526316,-0.6553414794331693,-1.0869787208054313,1.6249974660224569,1.4364999220227281,1.6295730341487915,1.1062022541453564
-0.2756574446625535,-0.6795015220289611,-0.3252156863343304,-0.6152155523078459,-0.5887911903435977,-0.6865417965888788,1.2751364868562394,-0.686383812615876,-1.4754880118655145,0.895456774540198,-1.4748593884229615,1.4752914292053532,-1.4724781689011985,1.4756828333713026,-2.0135945791866376,-0.20750471077941549,-2.016977110595864,-0.4314073441609629
1.706226799556707,-0.5127797575784685,3.074882430400277,-0.6152155523078459,-0.5887911903435977,-2.2563227546062574,-0.1242311859337011,-2.256053477266751,-0.019454793153552568,-1.104784332224919,-0.020560225401959117,1.4853020094598766,0.16179521003486,1.4845809637677494,-1.335817629588865,0.6144976056216563,-1.3299459239048417,1.1062022541453564
-0.978097429955456,-0.5127797575784685,-0.3252156863343304,-0.6152155523078459,-0.5887911903435977,-1.7189534231395815,-0.8239150223286714,-1.719118198875831,0.7531342616732029,-0.054657751173232495,0.7532015087694719,0.7585338829814797,-1.063909824167184,0.7593833364573199,0.8045306322988374,-1.4405081853810233,0.8104204654018037,0.3373974549921968
0.5271311099579065,1.7498727599639314,-0.3252156863343304,-0.6152155523078459,-0.5887911903435977,-0.653416289854632,-0.6739827716726063,-0.6539078885196509,0.22816990390630495,-1.3048084429014306,0.2288147913340142,-0.6249283081936511,-0.6553414794331693,-0.6242759401901877,-0.26564349864501385,-0.20750471077941549,-0.2597627292515191,-1.2002121433141226
2.358492500185831,-0.5127797575784685,-0.3252156863343304,-0.6152155523078459,-0.5887911903435977,-2.144064092895753,0.3755429829198491,-2.144552804536379,0.3866497100246138,-0.6047240555336396,0.3872961103811747,-0.330617248710664,-0.04248896233214733,-0.3306376371074373,-1.835232224029329,-0.6185058689799514,-1.8320071757175116,-1.2002121433141226
-1.2289688532743497,1.7498727599639314,-0.3252156863343304,1.6254465548679973,0.8749511758033917,-0.8540096361897949,-1.8734407769211268,-0.8541760871130385,-0.32849041508425464,1.1454869128858376,-0.32820043296409396,1.4492639205435922,0.3660793824018673,1.4489884421819614,1.1612553426134544,-1.0295070271804874,1.1671481969529112,-0.4314073441609629
1.630965372561039,-0.6795015220289611,-0.3252156863343304,-0.6152155523078459,-0.5887911903435977,1.7408217246595645,0.4754978166905591,1.7406502481753394,-2.927559235424519,0.4454025255180467,-2.926827943810918,0.9126968189011395,0.9789318995028893,0.9106515531969187,0.2337710957954502,0.20349644742112044,0.22908638435555437,-1.2002121433141226
1.9069239382118222,-0.5127797575784685,-0.3252156863343304,-0.6152155523078459,-0.5887911903435977,0.9770947638422,0.2755881491491391,0.9774660319140513,-0.5047991993908734,-0.15466980651148834,-0.5053266130756263,0.23397947764445431,-1.1660519103506877,0.23439364306694738,0.8045306322988374,1.0254987638221924,0.8104204654018037,0.3373974549921968
0.9536125296000258,1.7498727599639314,-0.3252156863343304,1.6254465548679973,1.09451253072544,-0.40681529527745874,1.4250687375123046,-0.4070908653883411,0.9175570605209485,-0.20467583418061627,0.9186746507157721,1.1749740215696518,0.6214345978606265,1.173146399892105,1.2326002846763777,-1.0295070271804874,1.2332088879808945,-1.2002121433141226
-1.4798402765932435,-0.5127797575784685,-0.3252156863343304,1.6254465548679973,1.7531965954915851,-0.29271632763727384,-1.0238246898700913,-0.29234260024834585,-0.4532932624024225,1.1454869128858376,-0.45405324514860407,-0.20248182145276464,0.3150083393101155,-0.2016147463589555,-0.7650580930854779,0.20349644742112044,-0.7618239810641889,-1.2002121433141226
0.12573683264767652,-0.5127797575784685,-0.3252156863343304,-0.6152155523078459,-0.5887911903435977,-0.9405040148847738,-0.8738924392140264,-0.9407785513696386,-1.3209702009001636,0.6954326638636863,-1.321039284641894,0.2019456208299796,0.6725056409523783,0.20325018667938277,0.4121334509527587,-1.0295070271804874,0.4140563192339066,-1.2002121433141226
1.1292225259232516,1.7498727599639314,-0.3252156863343304,-0.6152155523078459,-0.5887911903435977,-1.1797437857432254,-1.1737569405261565,-1.1800178588784962,0.2559038699770091,-0.004651723504104576,0.25678208293057214,0.35811067280054454,-1.4214071258094467,0.358967468617205,0.1624261537325264,0.6144976056216563,0.16302569332757172,-0.4314073441609629
-0.04987316367554911,1.7498727599639314,-0.3252156863343304,-0.6152155523078459,-0.5887911903435977,-0.9460249326738147,-1.1237795236408015,-0.9461912053856762,0.2895808287771501,0.9954688298784539,0.289410589793223,-1.1374700172252485,2.0514238044296778,-1.13591843798589,1.4466351108651483,1.847501080223264,1.4446030992704393,0.3373974549921968
0.7278282486130215,-0.5127797575784685,-0.3252156863343304,-0.6152155523078459,-0.5887911903435977,-0.05163625084914196,0.4255203998052041,-0.05202076193628099,-2.17874215151551,0.1953723871724071,-2.178702893602998,0.7505254187778608,-1.5746202550847024,0.7504852060608731,-0.26564349864501385,-1.0295070271804874,-0.2597627292515191,-0.4314073441609629
0.37660825596657027,-0.5127797575784685,-0.3252156863343304,1.6254465548679973,1.899570832106284,1.6359242866677821,-0.8738924392140264,1.6356447602642112,-0.4453692720965075,2.0956014385992683,-0.44473081461641795,-0.6849917897207913,0.3150083393101155,-0.6865628529653166,0.4834783930156819,-0.6185058689799514,0.48011701026188924,0.3373974549921968
0.6525668216173534,-0.6795015220289611,-0.3252156863343304,1.6254465548679973,1.0213254124180906,-0.2522295971843053,0.6754074842319793,-0.25228896052966865,-0.5186661824262251,0.1453663595032792,-0.5193102588739054,0.8886714262902836,-1.6256912981764542,0.8884062272058009,-0.015936201424782154,0.6144976056216563,-0.02194424155078053,-0.4314073441609629
0.5020439676260171,-0.5127797575784685,-0.3252156863343304,1.6254465548679973,1.6800094771842358,1.5347074605353603,-1.5235988587236418,1.5349693955659138,1.5574192777236207,0.895456774540198,1.557261142170507,-1.4698212816754246,2.204636933704933,-1.4695983278526523,-0.1942985565820907,-0.20750471077941549,-0.19370203822353588,2.643811852451676
-0.10004744833932785,1.7498727599639314,3.074882430400277,-0.6152155523078459,-0.5887911903435977,1.052547306959096,0.3255655660344941,1.0521606573353695,-0.8534547728511526,0.24537841484153503,-0.8525871503995517,0.8105889003050011,1.030002942594641,0.8127721188360015,-1.0504378613371714,-1.0295070271804874,-1.0524910215873136,-1.2002121433141226
0.426782540630349,-0.6795015220289611,3.074882430400277,-0.6152155523078459,-0.5887911903435977,-0.3626479529651291,1.1252042362001744,-0.36270710245683363,-0.5008372042379152,-0.20467583418061627,-0.5006653978095335,-0.31460032030342633,-0.04248896233214733,-0.3128413763145429,-0.12295361451916689,-0.6185058689799514,-0.12764134719555323,0.3373974549921968
-0.25057030233066413,1.7498727599639314,-0.3252156863343304,-0.6152155523078459,-0.5887911903435977,-1.0288386995094327,0.3255655660344941,-1.028463546429446,2.343875315585728,1.2454989682240936,2.3450065221402174,0.742516954574242,-1.1149808672589359,0.7415870756644255,-1.0504378613371714,-0.20750471077941549,-1.0524910215873136,0.3373974549921968
-0.25057030233066413,-0.5127797575784685,-0.3252156863343304,-0.6152155523078459,-0.5887911903435977,-0.46570508502723124,3.224255745385085,-0.46554752876154604,-0.6414880321679142,1.0454748575475818,-0.6405018557923221,0.7885656237450498,-0.9617677379836803,0.7905267928448845,0.5191508640471435,-0.20750471077941549,0.5197534248786793,2.643811852451676
0.15082397497956587,1.7498727599639314,-0.3252156863343304,1.6254465548679973,1.3872610039548379,1.90828956426048,0.17563331537842902,1.9084425226725015,0.46390861550728946,2.5956617152905475,0.4642061622717089,0.8165952484577154,-1.8810465136352132,0.817221184034225,1.48230758189661,1.0254987638221924,1.4842395138872293,0.3373974549921968
-0.20039601766688536,-0.5127797575784685,-0.3252156863343304,1.6254465548679973,2.0459450687209833,-0.018510744114895134,1.6749558219390797,-0.018462307036848626,-0.43744528179059194,0.09536033183415127,-0.43773899171727865,-1.4758276298281385,-0.9106966948919285,-1.4740473930508757,-0.8007305641169394,-0.20750471077941549,-0.8014603956809784,0.3373974549921968
-0.7523131489684516,-0.5127797575784685,-0.3252156863343304,-0.6152155523078459,-0.5887911903435977,0.5795886830312338,-1.5235988587236418,0.5790946963336914,1.0304739223802433,1.0954808852167097,1.0305438171020032,0.5062672605674906,0.21286625312661184,0.5057866201585804,0.7331856902359142,-0.6185058689799514,0.7311476361682241,-1.2002121433141226
1.2044839529189195,-0.5127797575784685,-0.3252156863343304,1.6254465548679973,0.7285769391886927,-0.5742831348783747,0.2755881491491391,-0.573800609082296,-1.7072647283135411,0.2953844425106629,-1.7079201517276095,-0.4447378636122303,-0.09356000542389915,-0.44631333226124814,-1.335817629588865,-0.20750471077941549,-1.3299459239048417,-1.2002121433141226
0.2511725443071234,-0.5127797575784685,-0.3252156863343304,1.6254465548679973,2.0459450687209833,-0.2485489853249447,-2.323237528889322,-0.24904136812004604,0.7551152592496823,0.4454025255180467,0.7555321164025188,-1.83620851899098,-0.39998626397441017,-1.8344216741069788,0.3407885088898349,-1.0295070271804874,0.3347834900003271,1.1062022541453564
0.4518696829622384,-0.6795015220289611,-0.3252156863343304,1.6254465548679973,1.7531965954915851,-0.6828611847295183,-1.1737569405261565,-0.6831362202062538,0.14893000084715055,1.2955049958932214,0.14957413181043394,-0.5908923353282718,0.11072416694310817,-0.5931324838026232,0.6261682771415289,-1.0295070271804874,0.625450530523452,1.1062022541453564
1.2797453799145877,-0.6795015220289611,-0.3252156863343304,-0.6152155523078459,-0.5887911903435977,-0.7215076092528064,-0.4240956872458312,-0.721024798318516,-0.2750034805193251,-0.20467583418061627,-0.2745964574040249,0.5302926531783465,-0.5531993932496656,0.5324810113479217,-0.26564349864501385,0.20349644742112044,-0.2597627292515191,0.3373974549921968
0.5773053946216853,1.7498727599639314,-0.3252156863343304,-0.6152155523078459,-0.5887911903435977,0.2446530038294018,-0.17420860281905612,0.24459267814257424,-2.1965711297038197,-0.054657751173232495,-2.1973477546673705,-0.5548542464119874,0.21286625312661184,-0.5530908970186117,1.8033598211797655,-0.6185058689799514,1.801330830821547,-0.4314073441609629
-2.1070188348904777,-0.5127797575784685,-0.3252156863343304,-0.6152155523078459,-0.5887911903435977,-0.3350433640199232,1.1252042362001744,-0.33456130157343844,0.2677898554358822,-0.9547662492175351,0.26843512109580475,2.292154777974461,0.3150083393101155,2.294310829844426,-0.5866957379281693,0.20349644742112044,-0.5900661843914335,-0.4314073441609629
1.028873956595694,-0.6795015220289611,-0.3252156863343304,-0.6152155523078459,-0.5887911903435977,0.6826458150933364,1.6749558219390797,0.6830176534416115,-0.2551935047545365,0.2953844425106629,-0.25595159633965303,-1.2495885160759101,0.41715042549361914,-1.251594133139701,-0.6937131510225542,-1.0295070271804874,-0.6957632900362056,-1.2002121433141226
-0.1502217330031066,1.7498727599639314,-0.3252156863343304,1.6254465548679973,1.3872610039548379,-0.9239412615176501,0.2755881491491391,-0.9234580585183186,0.955196014474047,-0.5047120001953838,0.9559643728445159,1.3511602340492634,0.774647727135882,1.351109007821045,0.5904958061100672,-0.6185058689799514,0.585814115906662,-0.4314073441609629
1.7814882265523753,-0.5127797575784685,-0.3252156863343304,-0.6152155523078459,-0.5887911903435977,0.6624024498668517,1.9748203232512098,0.6624495681806692,-1.0773074989932634,-0.8047481662101513,-1.076325483172014,1.283088288318505,-0.8596256518001767,1.2843730298476923,-1.121782803400095,-1.4405081853810233,-1.1185517126152964,1.1062022541453564
1.4051810915740346,-0.5127797575784685,-0.3252156863343304,-0.6152155523078459,-0.5887911903435977,1.7757875373234917,-0.27416343658976616,1.7752912338779794,-0.6910129715798857,0.9454628022093259,-0.6917752237193447,-0.979302849203779,-1.063909824167184,-0.9802011560480675,-2.869733883941718,-0.20750471077941549,-2.8757660939596414,1.1062022541453564
0.20099825964334464,-0.5127797575784685,-0.3252156863343304,1.6254465548679973,2.7778162517944778,0.695527956601099,1.1252042362001744,0.6960080230801012,0.6540843828492598,-0.8047481662101513,0.6529853805484734,-0.7330425749425037,-0.04248896233214733,-0.7310535049475517,-0.4440058538023224,-0.6185058689799514,-0.4447326641298708,1.8750070532985164
0.7278282486130215,1.7498727599639314,-0.3252156863343304,-0.6152155523078459,-0.5887911903435977,-0.7472718922683321,-1.4236440249529316,-0.7470055375954963,0.8977470847561599,0.5954206085254304,0.8976991820183539,0.13387367509922055,1.081073985686393,0.13206514350780676,0.4121334509527587,1.847501080223264,0.4140563192339066,2.643811852451676
-1.4045788495975753,1.7498727599639314,-0.3252156863343304,-0.6152155523078459,-0.5887911903435977,-1.8606569797249721,0.2755881491491391,-1.8609297340960136,-0.2650984926369308,0.49540855318717464,-0.26527402687183915,-0.3266130166088549,0.5703635547688747,-0.3261885719092139,-1.0147653903057097,0.20349644742112044,-1.0128546069705238,-0.4314073441609629
2.2079696461944947,-0.6795015220289611,-0.3252156863343304,-0.6152155523078459,-0.5887911903435977,0.8777182436394584,-0.8239150223286714,0.8778731980189611,-0.4889512187790422,-0.9547662492175351,-0.4890123596443009,0.11185039853926922,1.030002942594641,0.10981981751668897,-1.4071625716517886,-0.20750471077941549,-1.409218753138421,0.3373974549921968
-0.5265288679814473,-0.5127797575784685,-0.3252156863343304,-0.6152155523078459,-0.5887911903435977,0.27777851056364916,0.7753623180026893,0.2781511330420062,0.1826069596472915,-0.35469391718800003,0.18220263867308478,-0.12840352756929185,0.008582080759604505,-0.13042970318737948,0.9115480453932228,-0.6185058689799514,0.9161175710465763,-1.2002121433141226
-0.7774002913003409,1.7498727599639314,-0.3252156863343304,-0.6152155523078459,-0.5887911903435977,-0.6000474178939004,0.22561073226378406,-0.5997813483592759,-0.013511800424115763,1.7455592449153727,-0.013568402502819415,0.6884598211998161,-1.7789044274517096,0.6881982932857439,0.8045306322988374,1.847501080223264,0.8104204654018037,1.1062022541453564
0.627479679285464,-0.5127797575784685,-0.3252156863343304,-0.6152155523078459,-0.5887911903435977,-0.33688366994960345,0.4754978166905591,-0.3367263631798534,0.3945737003305293,1.2454989682240936,0.39428793328031436,0.9747624164791843,-1.1149808672589359,0.9729384659720479,-1.835232224029329,-1.0295070271804874,-1.8320071757175116,-1.2002121433141226
-2.458238827536929,-0.6795015220289611,-0.3252156863343304,-0.6152155523078459,-0.5887911903435977,-0.7491121981980124,-0.07425376904834607,-0.7491705992019112,0.9908539708506662,0.3953964978489188,0.9909234873402126,1.7155453553139144,-0.6553414794331693,1.715932354075372,-1.4785075137147121,-0.6185058689799514,-1.475279444166404,1.8750070532985164
-0.25057030233066413,-0.5127797575784685,-0.3252156863343304,-0.6152155523078459,-0.5887911903435977,0.17656168443122733,-0.024276352162991052,0.17639323754050146,0.7650202471320765,0.34539047017979085,0.7648545469347044,-2.218612684713773,-0.5531993932496656,-2.2170412811541995,-0.12295361451916689,-0.6185058689799514,-0.12764134719555323,1.1062022541453564
0.6525668216173534,1.7498727599639314,-0.3252156863343304,1.6254465548679973,2.0459450687209833,0.06430302272072272,0.8253397348880442,0.06381003400692155,-1.4636020264066414,-1.2047963875631746,-1.4632063502577295,1.2570607796567441,-1.4724781689011985,1.2576786386583512,0.3407885088898349,1.4364999220227281,0.3347834900003271,-0.4314073441609629
0.27625968663901274,-0.5127797575784685,-0.3252156863343304,1.6254465548679973,1.09451253072544,1.9671793540102536,-1.0738021067554464,1.9668991860457066,2.27057840525601,0.09536033183415127,2.2704270778827302,-0.132407759671101,0.059653123851356335,-0.13042970318737948,0.01973626960668006,0.6144976056216563,0.017692173066008943,-0.4314073441609629
-0.6770517219727835,1.7498727599639314,-0.3252156863343304,1.6254465548679973,1.8263837137989347,0.2575351453371644,-0.47407310413118625,0.25758304778106395,0.8997280823326387,-0.20467583418061627,0.9000297896514007,-1.2515906321268149,-0.39998626397441017,-1.251594133139701,1.5536525239595331,-0.6185058689799514,1.550300204915212,0.3373974549921968
0.5522182522897958,-0.5127797575784685,-0.3252156863343304,1.6254465548679973,1.899570832106284,2.309476256930807,-1.0238246898700913,2.308978919859277,-0.8752457461924199,0.4454025255180467,-0.8758932267300165,1.5914141601578247,-0.9617677379836803,1.5913585285251135,1.0542379295190691,1.0254987638221924,1.0482389531025422,-0.4314073441609629
0.27625968663901274,1.7498727599639314,-0.3252156863343304,-0.6152155523078459,-0.5887911903435977,0.48757338654721394,1.0752268193148193,0.4870795780610537,-0.7167659400741111,-0.3046878895188721,-0.7174119076828559,-1.205541962956007,0.059653123851356335,-1.2071034811574661,0.840203103330299,1.0254987638221924,0.8368447418129968,1.1062022541453564
1.555703945565371,-0.6795015220289611,-0.3252156863343304,1.6254465548679973,1.240886767340139,0.7341743811243873,-0.07425376904834607,0.7338966011923639,0.1925119475296858,-0.054657751173232495,0.1915250692052705,0.8446248731703804,-0.6042704363414175,0.8439155752235661,1.26827275570784,1.4364999220227281,1.272845302597684,0.3373974549921968
-1.379491707265686,-0.5127797575784685,-0.3252156863343304,1.6254465548679973,1.899570832106284,0.21520810895451556,0.07567848160771899,0.2153643464559714,3.19174227831868,-0.20467583418061627,3.191017092936089,-1.0613896072908706,1.642855459695663,-1.0602843296160906,-1.086110332368633,-1.0295070271804874,-1.0921274362041034,-0.4314073441609629
0.4518696829622384,-0.5127797575784685,-0.3252156863343304,-0.6152155523078459,-0.5887911903435977,-1.2975233652427707,-0.22418601970441113,-1.2980137164281138,-0.9425996637927013,-1.004772276886663,-0.9434808480883645,0.7905677397959544,0.11072416694310817,0.7905267928448845,-0.1586260855506285,0.20349644742112044,-0.15406562360674642,0.3373974549921968
-0.22548315999877472,1.7498727599639314,-0.3252156863343304,-0.6152155523078459,-0.5887911903435977,-0.734389750760569,-0.1242311859337011,-0.734015167957006,-0.5107421921203096,2.145607466268396,-0.5099878283417196,0.02175517624855881,1.7960685889709187,0.020838513552219353,-0.30131596967647545,1.0254987638221924,-0.29939914386830857,0.3373974549921968
-0.9279231452916772,1.7498727599639314,-0.3252156863343304,-0.6152155523078459,-0.5887911903435977,0.6844861210230168,-1.1237795236408015,0.6841001842448188,0.20439793298855885,0.7454386915328143,0.2055087150035499,-0.41470612284866015,0.8257187702276338,-0.41516987587368354,0.4121334509527587,0.20349644742112044,0.4140563192339066,1.1062022541453564
0.4016953982984596,-0.6795015220289611,-0.3252156863343304,-0.6152155523078459,-0.5887911903435977,-1.1171733841340918,-0.9238698560993814,-1.117231072292461,-0.2611364974839733,0.3953964978489188,-0.2606128116057463,-0.22450509801271595,-0.14463104851565098,-0.2238600723500733,0.4478059219842203,-0.6185058689799514,0.4536927338506961,-0.4314073441609629
-1.7557988422440265,-0.5127797575784685,-0.3252156863343304,-0.6152155523078459,-0.5887911903435977,-0.250389291254625,0.22561073226378406,-0.2501238989232537,-2.4045758752341,-0.35469391718800003,-2.4047718340085065,0.26401121840802444,-0.09356000542389915,0.2655370994545112,0.8758755743617606,-1.0295070271804874,0.8764811564297869,-0.4314073441609629
0.4016953982984596,-0.5127797575784685,-0.3252156863343304,-0.6152155523078459,-0.5887911903435977,-1.415302944742316,0.9252945686587544,-1.4149270431745236,0.11921503719996765,-0.4547059725262559,0.11927623258082995,1.971816209829713,0.26393729621836365,1.9739781355723347,-0.05160867245624374,1.0254987638221924,-0.04836851796197371,-0.4314073441609629
0.7027411062811321,1.7498727599639314,3.074882430400277,-0.6152155523078459,-0.5887911903435977,0.2428126978997215,1.5250235712830145,0.2424276165361589,-0.3007564490135505,0.04535430416502335,-0.3002331413675364,0.09383135408112701,1.5407133735121594,0.09202355672379536,0.2337710957954502,-0.20750471077941549,0.22908638435555437,-0.4314073441609629
-0.3509188716582216,1.7498727599639314,3.074882430400277,-0.6152155523078459,-0.5887911903435977,-0.8374468828226717,-1.0238246898700913,-0.8379381250649262,-0.7068609521917169,-1.4548265259088142,-0.7057588695176238,-0.5488478982592737,0.11072416694310817,-0.5486418318203884,0.1624261537325264,0.20349644742112044,0.16302569332757172,-1.2002121433141226
0.5271311099579065,1.7498727599639314,3.074882430400277,-0.6152155523078459,-0.5887911903435977,-0.7307091389012085,0.025701064722363966,-0.7307675755473835,-0.08482771317735462,-1.1547903598940468,-0.08581723912725996,-1.6099694052387519,1.6939265027874149,-1.611968414195804,-0.1942985565820907,-0.20750471077941549,-0.19370203822353588,1.8750070532985164
1.3048325222464772,-0.6795015220289611,-0.3252156863343304,1.6254465548679973,1.4604481222621875,1.0286233298732508,-1.3236891911822215,1.0283449796648036,0.5391865234134864,-3.1550314666591635,0.5387856065291963,-0.6049071476846043,0.16179521003486,-0.6064796793972937,1.839032292211227,1.847501080223264,1.840967245438337,-1.2002121433141226
-0.47635458331766845,1.7498727599639314,3.074882430400277,-0.6152155523078459,-0.5887911903435977,0.5354213407189047,0.025701064722363966,0.5357934642053915,0.2578848675534879,-0.6547300832027676,0.25678208293057214,-0.5088055772411803,-0.7064125225249211,-0.5086002450363769,0.7688581612673758,0.6144976056216563,0.7707840507850142,1.1062022541453564
0.47695682529412775,-0.5127797575784685,-0.3252156863343304,-0.6152155523078459,-0.5887911903435977,0.7654595819289542,0.2755881491491391,0.7652899944853813,1.3256425612755942,-0.10466377884236042,1.3265309864989059,-1.7821513856165538,-1.0128387810754322,-1.7810328917282972,-0.33698844070793704,1.0254987638221924,-0.33903555848509864,-1.2002121433141226
0.37660825596657027,-0.5127797575784685,-0.3252156863343304,1.6254465548679973,1.09451253072544,1.3488365616376399,-1.1237795236408015,1.348774097414224,-1.2239013196526993,1.0454748575475818,-1.2231537640539418,1.547367607037922,0.21286625312661184,1.5468678765428787,0.5548233350786057,-0.6185058689799514,0.5593898394954687,0.3373974549921968
-1.4045788495975753,-0.6795015220289611,-0.3252156863343304,-0.6152155523078459,-0.5887911903435977,0.5133376695627396,-1.4736214418382867,0.5130603173380339,-0.9505236540986168,-0.3046878895188721,-0.9504726709875038,0.3460979764951166,1.2853581580534004,0.3456202730225348,0.7688581612673758,3.4915057130254077,0.7707840507850142,-0.4314073441609629
1.1292225259232516,-0.5127797575784685,-0.3252156863343304,-0.6152155523078459,-0.5887911903435977,-0.18781888964549143,-0.3741182703604762,-0.1873371123372185,0.5986164507078522,-1.4548265259088142,0.5993814049884043,1.387198322965548,0.774647727135882,1.386701529406833,-0.4440058538023224,1.0254987638221924,-0.4447326641298708,0.3373974549921968
-0.7021388643046729,-0.6795015220289611,-0.3252156863343304,-0.6152155523078459,-0.5887911903435977,-1.0619642062436798,-0.4240956872458312,-1.0620220013288788,-1.2357873051115722,0.6954326638636863,-1.2348068022191745,0.47423340375301537,1.4385712873286558,0.47464316377101584,-1.5855249268090972,0.20349644742112044,-1.5809765498111765,-0.4314073441609629
-0.6268774373090047,1.7498727599639314,3.074882430400277,-0.6152155523078459,-0.5887911903435977,1.2347375939974554,0.4754978166905591,1.2351083630774367,0.11129104689405266,-1.8548747472618377,0.11228440968169025,0.15789906771007697,1.1832160718698967,0.15875953469714799,1.0542379295190691,0.20349644742112044,1.0482389531025422,-1.2002121433141226
0.6525668216173534,-0.5127797575784685,-0.3252156863343304,1.6254465548679973,1.09451253072544,0.042219351564558166,-1.0238246898700913,0.04215941794277162,0.3054288093889806,-0.7547421385410233,0.3057248432245484,-0.873190698505831,-0.9106966948919285,-0.8734235912907038,-0.1586260855506285,-0.20750471077941549,-0.15406562360674642,-0.4314073441609629
-0.20039601766688536,-0.6795015220289611,-0.3252156863343304,-0.6152155523078459,-0.5887911903435977,-1.2036677628290704,-0.024276352162991052,-1.2038335365490611,0.4044786882129236,0.1453663595032792,0.4036103638125001,-1.485838210082662,-0.6042704363414175,-1.4873945886455464,0.2337710957954502,1.847501080223264,0.22908638435555437,-1.2002121433141226
-0.04987316367554911,1.7498727599639314,-0.3252156863343304,-0.6152155523078459,-0.5887911903435977,-0.19333980743453283,-1.5235988587236418,-0.19383229715646336,1.4029014667582693,-1.1547903598940468,1.4034410383894393,-0.6069092637355095,0.21286625312661184,-0.6064796793972937,0.1267536827010648,-1.0295070271804874,0.12338927871078165,-1.2002121433141226
0.4518696829622384,1.7498727599639314,-0.3252156863343304,-0.6152155523078459,-0.5887911903435977,-1.57356925469483,0.3755429829198491,-1.5740590712460258,1.256307646098834,-0.004651723504104576,1.2566127575075114,0.06379961331755689,-1.063909824167184,0.06532916553445416,-1.0504378613371714,-0.6185058689799514,-1.0524910215873136,-0.4314073441609629
0.27625968663901274,-0.5127797575784685,-0.3252156863343304,-0.6152155523078459,-0.5887911903435977,-0.09948420502083218,1.1252042362001744,-0.09965211727741113,-1.1981483511584743,1.1954929405549655,-1.1975170800904307,0.2980471912734043,-0.5531993932496656,0.2966805558420758,-0.4440058538023224,0.6144976056216563,-0.4447326641298708,1.8750070532985164
0.6525668216173534,-0.5127797575784685,-0.3252156863343304,1.6254465548679973,1.240886767340139,-1.7944059662564777,-0.27416343658976616,-1.794895355100356,-0.7405379109918572,0.4454025255180467,-0.7407179840133207,1.2890946364712181,0.21286625312661184,1.2888220950459157,-1.835232224029329,0.6144976056216563,-1.8320071757175116,-1.2002121433141226
-0.8275745759641198,1.7498727599639314,-0.3252156863343304,-0.6152155523078459,-0.5887911903435977,-0.12892909989571893,-0.27416343658976616,-0.12888044896401357,-1.2199393244997416,-0.5047120001953838,-1.2208231564208953,-0.5248225056484173,-0.04248896233214733,-0.5263965058292709,0.5191508640471435,-1.4405081853810233,0.5197534248786793,0.3373974549921968
0.3264339713027915,1.7498727599639314,-0.3252156863343304,-0.6152155523078459,-0.5887911903435977,-0.1418112414034815,2.2247074076779847,-0.1418708186025037,1.499970348005733,0.04535430416502335,1.498995951344345,-0.1364119917729107,0.008582080759604505,-0.13487876838560287,-0.05160867245624374,1.847501080223264,-0.04836851796197371,-0.4314073441609629
0.12573683264767652,-0.5127797575784685,-0.3252156863343304,-0.6152155523078459,-0.5887911903435977,-1.113492772274731,2.0747751570219197,-1.1139834798828383,0.5490915112958806,1.9455833555918844,0.548108037061382,-0.05232311763491396,-1.9831885998187169,-0.05034652961935666,-0.6580406799910925,1.847501080223264,-0.6561268754194162,0.3373974549921968
-0.20039601766688536,-0.5127797575784685,-0.3252156863343304,-0.6152155523078459,-0.5887911903435977,1.5880763324960914,0.9752719855441093,1.5880134049230814,-1.3982291063828391,-0.8047481662101513,-1.3979493365324278,-0.6950023699753147,-1.8810465136352132,-0.6954609833617638,1.0185654584876076,0.6144976056216563,1.0218146766913492,1.1062022541453564
-1.3544045649337966,-0.5127797575784685,-0.3252156863343304,1.6254465548679973,2.1191321870283324,-0.29823724542631525,-1.1737569405261565,-0.29775525426438343,0.047899124446728794,0.09536033183415127,0.0470273959563894,0.6303984557235803,-0.6553414794331693,0.6303604457088381,-0.872075506179863,-0.20750471077941549,-0.8675210867089616,0.3373974549921968
-0.12513459067121724,-0.5127797575784685,-0.3252156863343304,-0.6152155523078459,-0.5887911903435977,-1.345371319414461,1.3750913206269495,-1.3456450717692434,1.6663741444299578,-0.6547300832027676,1.6667997009236921,-0.4327251673068023,-0.39998626397441017,-0.43296613666657713,1.6606699370539184,1.0254987638221924,1.6559973105599841,-0.4314073441609629
-0.5014417256495578,-0.5127797575784685,-0.3252156863343304,1.6254465548679973,1.1676996490327896,-0.9128994259395679,0.8253397348880442,-0.9126327504862435,-0.09275170348327016,-1.9548868026000936,-0.09280906202639966,-1.2255631234650537,1.1832160718698967,-1.22489974195036,0.4121334509527587,0.20349644742112044,0.4140563192339066,-1.2002121433141226
-1.2540559956062391,1.7498727599639314,-0.3252156863343304,-0.6152155523078459,-0.5887911903435977,1.4758176707855868,0.6754074842319793,1.4754302013895015,-0.4849892236260847,-0.3046878895188721,-0.48435114437820803,-2.4688771910768574,0.6214345978606265,-2.470637997452939,1.8033598211797655,-1.4405081853810233,1.801330830821547,-0.4314073441609629
-0.4010931563220003,-0.5127797575784685,-0.3252156863343304,-0.6152155523078459,-0.5887911903435977,-1.4300253921797592,-0.27416343658976616,-1.4300824744194287,1.3771484982640438,1.9455833555918844,1.3778043544259282,-1.047374794934538,0.26393729621836365,-1.04693713402142,0.1624261537325264,-0.6185058689799514,0.16302569332757172,-0.4314073441609629
0.2511725443071234,-0.5127797575784685,-0.3252156863343304,1.6254465548679973,1.4604481222621875,-0.9368234030254127,0.17563331537842902,-0.9364484281568087,-0.8593977655805889,-2.4049410516222447,-0.8595789732986914,-1.0633917233417751,-1.2171229534424395,-1.064733394814314,0.01973626960668006,-1.0295070271804874,0.017692173066008943,0.3373974549921968
2.1327082191988262,-0.5127797575784685,-0.3252156863343304,1.6254465548679973,1.3140738856474885,-1.9397901347012292,0.3255655660344941,-1.9399544827301611,-0.4631982502848168,0.7954447192019422,-0.46337567568078974,1.917759076455287,-0.5021283501579138,1.9161402879954288,1.5179800529280716,-0.6185058689799514,1.5238759285040189,0.3373974549921968
-2.307715973545593,-0.5127797575784685,-0.3252156863343304,1.6254465548679973,0.5822027025739938,-1.6784666926866127,-0.6739827716726063,-1.677982028353946,-0.4334832866376339,0.3953964978489188,-0.4330777764511858,0.5643286260437258,-0.19570209160740282,0.5636244677354855,0.4478059219842203,-0.6185058689799514,0.4536927338506961,0.3373974549921968
0.5522182522897958,-0.6795015220289611,-0.3252156863343304,-0.6152155523078459,-0.5887911903435977,0.8151478420303248,-0.07425376904834607,0.8150864114329264,0.19845494025912205,-1.004772276886663,0.1985168921044102,0.6283963396726757,-1.2681939965341913,0.6303604457088381,-2.9054063549731803,0.20349644742112044,-2.9021903703708345,-1.2002121433141226
-0.1502217330031066,-0.5127797575784685,-0.3252156863343304,1.6254465548679973,2.2655064236430316,1.492380424152711,1.4750461543976596,1.492750694240822,0.2519418748240516,0.5454145808563026,0.25212086766447933,-0.09837178680572173,-0.14463104851565098,-0.09928624679981488,-0.05160867245624374,0.20349644742112044,-0.04836851796197371,-0.4314073441609629
0.9786996719319152,-0.5127797575784685,-0.3252156863343304,-0.6152155523078459,-0.5887911903435977,-0.9221009555879698,-1.0738021067554464,-0.9223755277151109,0.9017090799091174,-0.054657751173232495,0.9023603972844467,-0.5688690587683205,1.2342871149616486,-0.5708871578115058,-0.30131596967647545,2.2585022384238003,-0.29939914386830857,1.1062022541453564
0.5271311099579065,-0.6795015220289611,-0.3252156863343304,-0.6152155523078459,-0.5887911903435977,-0.16941583034868746,-0.32414085347512117,-0.1689340886826912,-0.5345141630380562,0.4454025255180467,-0.5356245123052308,0.9627497201737564,-1.2681939965341913,0.9640403355756003,0.3764609799212971,-1.0295070271804874,0.37441990461711655,-0.4314073441609629
0.37660825596657027,-0.6795015220289611,-0.3252156863343304,-0.6152155523078459,-0.5887911903435977,-0.8540096361897949,-0.32414085347512117,-0.8541760871130385,0.9334050411327797,1.2955049958932214,0.9326582965140507,0.3701233691059725,-1.1149808672589359,0.3723146642118752,0.3764609799212971,0.20349644742112044,0.37441990461711655,2.643811852451676
-0.04987316367554911,-0.5127797575784685,-0.3252156863343304,-0.6152155523078459,-0.5887911903435977,-0.6074086416126221,-1.8234633600357717,-0.6073590639817285,1.4524264061702408,-0.054657751173232495,1.4523837986834156,2.418288089181456,-0.09356000542389915,2.4188846553946846,-0.479678324833784,-1.4405081853810233,-0.48436907874666085,1.1062022541453564
1.1292225259232516,-0.6795015220289611,3.074882430400277,-0.6152155523078459,-0.5887911903435977,-0.3608076470354488,-1.8734407769211268,-0.36054204085041863,0.1528919960001086,0.5954206085254304,0.1519047394434808,-0.45875267596856334,-0.09356000542389915,-0.4596605278559183,-0.37266091173939925,-0.6185058689799514,-0.3786719731018881,0.3373974549921968
-0.7021388643046729,-0.5127797575784685,-0.3252156863343304,1.6254465548679973,1.6800094771842358,-1.7925656603267974,0.22561073226378406,-1.7927302934939413,1.0978278399805252,-0.4547059725262559,1.0981314384603509,0.582347670501868,-0.09356000542389915,0.5814207285283799,0.5548233350786057,-1.0295070271804874,0.5593898394954687,3.4126166516048357
-1.5551017035889116,-0.5127797575784685,-0.3252156863343304,-0.6152155523078459,-0.5887911903435977,2.1291262758221277,1.2751364868562394,2.1292788065268313,0.6223884216255983,0.8454507468710701,0.6226874813188694,0.07781442567388995,1.1832160718698967,0.07867636112912436,0.4478059219842203,-1.0295070271804874,0.4536927338506961,-0.4314073441609629
0.9285253872681365,-0.6795015220289611,3.074882430400277,-0.6152155523078459,-0.5887911903435977,1.6322436748084206,-0.9738472729847364,1.6323971678545894,-0.5206471800027038,0.7454386915328143,-0.5216408665069517,-0.1404162238747198,-0.19570209160740282,-0.13932783358382628,0.4834783930156819,-0.20750471077941549,0.48011701026188924,-0.4314073441609629
-0.4512674409857791,-0.5127797575784685,-0.3252156863343304,-0.6152155523078459,-0.5887911903435977,-0.01667043818521432,0.07567848160771899,-0.016297245430433673,-0.6494120224738298,-0.8047481662101513,-0.6498242863245083,-0.4327251673068023,-1.7789044274517096,-0.43296613666657713,-0.5866957379281693,-0.20750471077941549,-0.5900661843914335,1.1062022541453564
0.35152111363468086,-0.6795015220289611,-0.3252156863343304,-0.6152155523078459,-0.5887911903435977,-0.9570667682518972,-1.6735311093797067,-0.957016513417751,-0.3522623860020007,-0.5047120001953838,-0.3515065092945587,-0.5528521303610828,-0.39998626397441017,-0.5530908970186117,0.1267536827010648,1.0254987638221924,0.12338927871078165,-0.4314073441609629
-0.30074458699444284,-0.5127797575784685,-0.3252156863343304,1.6254465548679973,1.9727579504136337,-0.09764389909115188,0.3755429829198491,-0.09748705567099618,-0.07888472044791837,-0.004651723504104576,-0.07882541622812109,-1.4638149335227102,-1.319265039625943,-1.4651492626544285,0.5548233350786057,-0.6185058689799514,0.5593898394954687,-0.4314073441609629
-1.454753134261354,-0.6795015220289611,-0.3252156863343304,-0.6152155523078459,-0.5887911903435977,0.9292468096705092,2.324662241448695,0.9287521457697143,-0.2769844780958044,1.0454748575475818,-0.2769270650370717,-1.4437937730136636,0.008582080759604505,-1.4429039366633112,-0.37266091173939925,-0.6185058689799514,-0.3786719731018881,-1.2002121433141226
-0.20039601766688536,-0.5127797575784685,3.074882430400277,1.6254465548679973,0.8749511758033917,0.14343617769698,0.4754978166905591,0.14391731344427638,-0.6117730685207313,-0.3046878895188721,-0.6125345641957646,-0.5048013451393706,1.387500244236904,-0.5041511798381535,0.6618407481729904,-0.20750471077941549,0.6650869451402415,-0.4314073441609629
0.30134682897090215,-0.5127797575784685,-0.3252156863343304,-0.6152155523078459,-0.5887911903435977,0.6605621439371714,-0.22418601970441113,0.6602845065742539,-0.14425764047172043,1.3455110235623493,-0.14408242995342194,-1.9042804647217388,0.774647727135882,-1.9056067172785547,1.1612553426134544,-0.6185058689799514,1.1671481969529112,-0.4314073441609629
-0.32583172932633225,-0.6795015220289611,-0.3252156863343304,-0.6152155523078459,-0.5887911903435977,-0.4933096739724372,0.9252945686587544,-0.4936933296449412,-0.5840391024500278,0.34539047017979085,-0.5845672725992066,1.1309274684497492,0.3150083393101155,1.1331048131080936,0.6261682771415289,0.20349644742112044,0.625450530523452,0.3373974549921968
0.35152111363468086,-0.5127797575784685,-0.3252156863343304,-0.6152155523078459,-0.5887911903435977,1.2052926991225688,0.22561073226378406,1.2047975005876266,-0.8257208067804485,0.4454025255180467,-0.8246198588029942,0.5883540186545823,-1.319265039625943,0.5903188589248266,-1.086110332368633,1.4364999220227281,-1.0921274362041034,-1.2002121433141226
-1.6052759882526904,-0.5127797575784685,-0.3252156863343304,-0.6152155523078459,-0.5887911903435977,0.993657517209323,0.6754074842319793,0.9937039939621637,0.1429870081177143,0.4454025255180467,0.14258230891129506,0.24399005789897768,0.059653123851356335,0.2432917734633942,0.6261682771415289,-1.0295070271804874,0.625450530523452,0.3373974549921968
1.0539610989275834,-0.5127797575784685,-0.3252156863343304,-0.6152155523078459,-0.5887911903435977,0.8022657005225622,-0.07425376904834607,0.8020960417944366,-0.6652600030856609,1.3955170512314772,-0.6661385397558337,0.04978480096122438,-0.8085546087084248,0.051981969939783955,-2.0492670502180994,-0.20750471077941549,-2.043401387007057,-1.2002121433141226
0.27625968663901274,-0.5127797575784685,-0.3252156863343304,-0.6152155523078459,-0.5887911903435977,1.7076962179253172,0.9252945686587544,1.7081743240791138,0.5035285670368667,-0.3046878895188721,0.5038264920334986,-0.8291441453859283,-0.2978441777909065,-0.8289329393084686,2.1957570025258435,0.20349644742112044,2.197694976989444,1.1062022541453564
-0.5265288679814473,-0.6795015220289611,-0.3252156863343304,-0.6152155523078459,-0.5887911903435977,-0.5724428289486945,0.2755881491491391,-0.5727180782790884,0.20043593783560137,-1.754862691923582,0.20084749973745702,0.06379961331755689,-0.7064125225249211,0.06532916553445416,-0.08728114348770531,-1.0295070271804874,-0.08800493257876318,0.3373974549921968
1.3800939492421451,-0.6795015220289611,3.074882430400277,-0.6152155523078459,-0.5887911903435977,1.7905099847609351,0.9252945686587544,1.7904466651228845,0.7452102713672879,0.2953844425106629,0.7462096858703331,-2.124513230321253,-0.19570209160740282,-2.123610911991506,-0.6937131510225542,-0.6185058689799514,-0.6957632900362056,-0.4314073441609629
0.9034382449362471,-0.5127797575784685,-0.3252156863343304,-0.6152155523078459,-0.5887911903435977,-1.3803371320783884,0.7253849011173342,-1.3802860574718836,0.9730249926623569,2.195613493937524,0.9722786262758413,-0.16444161648557568,-0.04248896233214733,-0.16602222477316747,-0.479678324833784,-1.0295070271804874,-0.48436907874666085,-0.4314073441609629
0.37660825596657027,1.7498727599639314,3.074882430400277,1.6254465548679973,1.5336352405695368,-0.3203209165824798,-0.47407310413118625,-0.32048840113174104,1.5574192777236207,-1.054778304555791,1.557261142170507,-0.15643315228195742,1.5917844166039112,-0.15712409437672067,0.5191508640471435,-1.0295070271804874,0.5197534248786793,1.1062022541453564
-0.8526617182960091,-0.5127797575784685,3.074882430400277,1.6254465548679973,1.9727579504136337,0.02565659819743449,-2.073350444462547,0.02592145589465889,0.3014668142360231,0.7954447192019422,0.30106362795845554,0.31606623573154646,0.3150083393101155,0.3144768166349702,2.374119357683152,-0.20750471077941549,2.3694527736621995,-1.2002121433141226
0.15082397497956587,-0.5127797575784685,-0.3252156863343304,-0.6152155523078459,-0.5887911903435977,0.5961514363983574,-0.27416343658976616,0.5964151891850118,-1.0020295910870671,-0.6047240555336396,-1.0017460389145265,0.3861402975132101,0.5703635547688747,0.3856618598065462,-0.9077479772113245,-1.0295070271804874,-0.9071575013257511,1.1062022541453564
0.9285253872681365,-0.5127797575784685,-0.3252156863343304,-0.6152155523078459,-0.5887911903435977,0.2685769809152472,-0.8738924392140264,0.2684083558131391,-0.21359255564848054,-0.15466980651148834,-0.21400065894481646,0.6344026878253894,0.11072416694310817,0.6348095109070615,-0.4440058538023224,-0.6185058689799514,-0.4447326641298708,2.643811852451676
-0.8777488606278985,-0.5127797575784685,-0.3252156863343304,-0.6152155523078459,-0.5887911903435977,-2.681433424362429,1.6249784050537246,-2.6814880829272987,1.5435522946882687,-1.9548868026000936,1.5432774963722284,-1.4197683804028076,1.030002942594641,-1.4206586106721937,0.4478059219842203,-0.6185058689799514,0.4536927338506961,-1.2002121433141226
1.0539610989275834,1.7498727599639314,-0.3252156863343304,-0.6152155523078459,-0.5887911903435977,-0.3552867292464074,0.9752719855441093,-0.35512938683438106,1.6881651177712247,0.1953723871724071,1.6877751696211103,-0.3606489894742341,-0.757483565616673,-0.3617810934950011,-1.193127745463018,-0.20750471077941549,-1.1978245418488758,1.1062022541453564
1.4051810915740346,-0.5127797575784685,-0.3252156863343304,-0.6152155523078459,-0.5887911903435977,-0.4969902858317983,0.22561073226378406,-0.49694092205456347,1.125561806051229,-1.004772276886663,1.126098730056909,-0.04831888553310484,-0.3489152208826583,-0.05034652961935666,-0.30131596967647545,-0.20750471077941549,-0.29939914386830857,-0.4314073441609629
0.07556254798389776,-0.5127797575784685,-0.3252156863343304,-0.6152155523078459,-0.5887911903435977,-1.9011437101779407,0.7753623180026893,-1.9009833738146913,-1.6854737549722738,-1.3048084429014306,-1.6846140753971448,0.516277840822014,-0.2978441777909065,0.5146847505550273,-0.30131596967647545,-0.6185058689799514,-0.29939914386830857,1.1062022541453564
-0.25057030233066413,-0.6795015220289611,-0.3252156863343304,-0.6152155523078459,-0.5887911903435977,-0.59820711196422,1.0252494024294643,-0.5986988175560686,-0.5047991993908734,-0.6547300832027676,-0.5053266130756263,-1.285626604992194,-1.0128387810754322,-1.2871866547254889,1.0899104005505313,-0.6185058689799514,1.0878753677193318,0.3373974549921968
-0.4010931563220003,-0.6795015220289611,-0.3252156863343304,-0.6152155523078459,-0.5887911903435977,0.39923870192255523,-2.423192362660032,0.3993945830012467,0.5689014870606692,0.1953723871724071,0.5690835057588003,1.040832246159039,0.3150083393101155,1.0396744439453998,0.6261682771415289,-0.6185058689799514,0.625450530523452,-0.4314073441609629
-0.5265288679814473,1.7498727599639314,-0.3252156863343304,-0.6152155523078459,-0.5887911903435977,0.48941369247689476,-0.17420860281905612,0.48924463966746906,-0.9069417074160816,-0.10466377884236042,-0.9061911259596208,1.2630671278094583,-0.9106966948919285,1.2621277038565746,0.7688581612673758,3.0805045548248717,0.7707840507850142,-1.2002121433141226
0.7027411062811321,1.7498727599639314,-0.3252156863343304,1.6254465548679973,1.7531965954915851,0.5759080711718733,-0.07425376904834607,0.5758471039240687,-0.9029797122631241,-0.5547180278645117,-0.9038605183265744,0.6864577051489115,-0.19570209160740282,0.6881982932857439,0.4121334509527587,0.20349644742112044,0.4140563192339066,-0.4314073441609629
-0.6268774373090047,-0.5127797575784685,-0.3252156863343304,-0.6152155523078459,-0.5887911903435977,0.45076726795360605,-0.024276352162991052,0.4502735307519991,1.8208919553953091,1.9455833555918844,1.8206198047047597,0.8766587299848556,0.26393729621836365,0.8750590316111307,0.09108121166960323,-1.0295070271804874,0.09696500229958847,-1.2002121433141226
0.8532639602724683,-0.5127797575784685,-0.3252156863343304,1.6254465548679973,1.0213254124180906,0.32010554694629795,0.6254300673466242,0.32036983436709876,1.1632007600043268,-0.2546818618497442,1.1633884521856526,-1.3176604618066694,1.7960685889709187,-1.3183301111130534,1.5536525239595331,0.20349644742112044,1.550300204915212,0.3373974549921968
0.5271311099579065,-0.5127797575784685,-0.3252156863343304,-0.6152155523078459,-0.5887911903435977,0.005413232970950234,-0.6240053547872513,0.005353370633716637,-1.1030604674874889,-1.1547903598940468,-1.101962167135525,0.6644344285889596,1.030002942594641,0.665952967294626,0.4478059219842203,0.6144976056216563,0.4536927338506961,0.3373974549921968
-1.0282717146192346,-0.5127797575784685,-0.3252156863343304,-0.6152155523078459,-0.5887911903435977,0.26121575719652546,0.8753171517733993,0.2608306401906866,-2.291659013374805,0.49540855318717464,-2.290572059989229,0.19193504057545624,1.744997545879167,0.1899029910847118,1.0542379295190691,1.4364999220227281,1.0482389531025422,1.1062022541453564
-0.30074458699444284,-0.5127797575784685,-0.3252156863343304,-0.6152155523078459,-0.5887911903435977,-0.00010768481809116588,1.3750913206269495,-5.928338232094024e-05,1.963523780901787,-0.40469994485712796,1.9627868703205948,-0.304589740048903,1.030002942594641,-0.3039432459180961,-0.9434204482427865,-0.6185058689799514,-0.9467939159425411,-0.4314073441609629
-0.9279231452916772,-0.5127797575784685,-0.3252156863343304,-0.6152155523078459,-0.5887911903435977,-0.21542347859069738,0.7753623180026893,-0.21548291322061366,-0.16406761623650903,-0.3046878895188721,-0.16505789865084022,-0.6809875576189822,-0.09356000542389915,-0.6821137877670932,-0.05160867245624374,-0.6185058689799514,-0.04836851796197371,0.3373974549921968
0.6023925369535746,-0.6795015220289611,-0.3252156863343304,-0.6152155523078459,-0.5887911903435977,-1.354572849062863,-0.27416343658976616,-1.3543053181949036,-0.8534547728511526,0.6454266361945584,-0.8525871503995517,-0.16043738438376656,-1.5746202550847024,-0.1615731595749441,-0.7650580930854779,-0.6185058689799514,-0.7618239810641889,-0.4314073441609629
0.8532639602724683,1.7498727599639314,-0.3252156863343304,-0.6152155523078459,-0.5887911903435977,1.2347375939974554,1.4250687375123046,1.2351083630774367,-0.2551935047545365,1.0454748575475818,-0.25595159633965303,-0.9212414837275433,0.468221468585371,-0.922363308471162,0.840203103330299,0.20349644742112044,0.8368447418129968,-0.4314073441609629
-0.37600601399011097,1.7498727599639314,3.074882430400277,-0.6152155523078459,-0.5887911903435977,-0.3184806106527995,1.5250235712830145,-0.3183233395253261,-0.6672410006621396,0.09536033183415127,-0.6661385397558337,-1.4337831927591402,0.9278608564111375,-1.4340058062668644,0.4121334509527587,-1.0295070271804874,0.4140563192339066,0.3373974549921968
-0.9279231452916772,1.7498727599639314,-0.3252156863343304,-0.6152155523078459,-0.5887911903435977,-0.4730663087459529,-1.6735311093797067,-0.47312524438399856,0.4975855743074304,0.895456774540198,0.49683466913435975,1.2971031006748375,-0.7064125225249211,1.2977202254423625,-2.405991760532716,-0.6185058689799514,-2.4001291185581644,-0.4314073441609629
-0.024786021343659734,1.7498727599639314,-0.3252156863343304,1.6254465548679973,2.192319305335682,0.8280299835380873,1.0252494024294643,0.8280767810714168,1.8486259214660128,1.545535134238861,1.848587096301317,1.791625765248292,-1.9831885998187169,1.7915664624451713,-0.1586260855506285,0.6144976056216563,-0.15406562360674642,-1.2002121433141226
-1.0784459992830135,1.7498727599639314,-0.3252156863343304,-0.6152155523078459,-0.5887911903435977,-0.8797739192053204,-0.22418601970441113,-0.8801568263900184,-0.6553550152032666,0.34539047017979085,-0.6544855015906011,0.10784616643746009,0.3150083393101155,0.10981981751668897,1.5893249949909947,0.20349644742112044,1.5899366195320022,1.1062022541453564
2.308318215522052,-0.6795015220289611,-0.3252156863343304,1.6254465548679973,0.6553898208813432,-1.0251580876500719,0.07567848160771899,-1.0252159540198238,0.0439371292937713,-0.9547662492175351,0.044696788323342555,0.09182923803022246,1.4896423304204076,0.09202355672379536,0.7331856902359142,-0.6185058689799514,0.7311476361682241,-0.4314073441609629
-0.10004744833932785,-0.5127797575784685,-0.3252156863343304,1.6254465548679973,1.1676996490327896,-0.06635869828658535,0.4255203998052041,-0.06609366237797838,-0.8177968164745328,-0.9547662492175351,-0.8176280359038545,1.3731835106092154,-0.2978441777909065,1.373354333812162,0.6618407481729904,1.847501080223264,0.6650869451402415,-1.2002121433141226
0.9285253872681365,-0.5127797575784685,-0.3252156863343304,-0.6152155523078459,-0.5887911903435977,1.1243192382166316,0.17563331537842902,1.1246902211502714,-1.1129654553698831,-0.40469994485712796,-1.1136152053007575,-1.4978509063880898,-0.09356000542389915,-1.496292719041993,0.4834783930156819,-1.4405081853810233,0.48011701026188924,-1.2002121433141226
0.07556254798389776,-0.6795015220289611,-0.3252156863343304,-0.6152155523078459,-0.5887911903435977,0.07166424643944441,1.6249784050537246,0.07138774962937408,-1.5844428785718518,-0.10466377884236042,-1.5843979471761462,0.29204084312069,0.6214345978606265,0.2922314906438524,0.8758755743617606,-1.0295070271804874,0.8764811564297869,-0.4314073441609629
-0.42618029865388973,-0.6795015220289611,-0.3252156863343304,-0.6152155523078459,-0.5887911903435977,-1.7244743409286227,-0.8738924392140264,-1.7245308528918686,1.188953728498552,-0.7047361108718955,1.1890251361491637,-2.040424356183257,0.468221468585371,-2.0390786732252595,-0.479678324833784,-0.20750471077941549,-0.48436907874666085,-0.4314073441609629
-1.9063216962353629,-0.5127797575784685,-0.3252156863343304,-0.6152155523078459,-0.5887911903435977,-0.8356065768929909,-0.1242311859337011,-0.8357730634585112,0.032051143834898245,0.4454025255180467,0.033043750158109994,-0.09236543865300748,0.008582080759604505,-0.09038811640336807,0.840203103330299,0.20349644742112044,0.8368447418129968,0.3373974549921968
0.47695682529412775,-0.5127797575784685,-0.3252156863343304,-0.6152155523078459,-0.5887911903435977,0.08822699980656809,0.12565589849307401,0.08870824248069409,0.16477798145898165,-0.7047361108718955,0.16588838524175936,-0.6169198439900329,-1.5235492119929503,-0.6153778097937409,-0.015936201424782154,0.6144976056216563,-0.02194424155078053,0.3373974549921968
-1.5049274189251327,1.7498727599639314,-0.3252156863343304,-0.6152155523078459,-0.5887911903435977,0.8114672301709642,-1.6735311093797067,0.8118388190233037,0.8739751138384139,-1.3048084429014306,0.8743931056878887,0.46622493954939714,2.868560493897707,0.465745033374569,0.7331856902359142,0.20349644742112044,0.7311476361682241,1.1062022541453564
-0.2756574446625535,-0.5127797575784685,-0.3252156863343304,1.6254465548679973,1.0213254124180906,-1.0159565580016698,-0.32414085347512117,-1.015473176790956,0.6144644313196826,-0.5047120001953838,0.6133650507866837,0.43419108273492185,0.41715042549361914,0.4346015769870044,-1.3714901006203266,3.0805045548248717,-1.3695823385216315,-0.4314073441609629
-1.2791431379381284,1.7498727599639314,-0.3252156863343304,-0.6152155523078459,-0.5887911903435977,1.4426921640513406,0.2755881491491391,1.4429542772932769,-0.7781768649449556,0.2953844425106629,-0.7780077061420644,0.4922524482111576,0.5192925116771229,0.4924394245639102,0.5191508640471435,0.20349644742112044,0.5197534248786793,-0.4314073441609629
0.4016953982984596,-0.5127797575784685,-0.3252156863343304,1.6254465548679973,0.6553898208813432,0.7654595819289542,-0.9238698560993814,0.7652899944853813,-0.6553550152032666,-0.004651723504104576,-0.6544855015906011,1.2450480833513156,-0.6553414794331693,1.244331443063681,-2.0849395212495607,-0.20750471077941549,-2.0830378016238464,-1.2002121433141226
-0.7774002913003409,-0.6795015220289611,-0.3252156863343304,-0.6152155523078459,-0.5887911903435977,-0.576123440808055,0.4754978166905591,-0.575965670688711,1.3157375733932,-0.5047120001953838,1.3148779483336734,-0.9813049652546836,0.059653123851356335,-0.9802011560480675,-0.479678324833784,-0.20750471077941549,-0.48436907874666085,-1.2002121433141226
0.627479679285464,1.7498727599639314,-0.3252156863343304,-0.6152155523078459,-0.5887911903435977,-1.054602982524958,-0.6240053547872513,-1.0544442857064262,-1.126832438405235,0.5454145808563026,-1.1275988510990362,-0.8711885824549264,0.3150083393101155,-0.86897452609248,0.4478059219842203,-0.6185058689799514,0.4536927338506961,-0.4314073441609629
0.15082397497956587,-0.5127797575784685,-0.3252156863343304,-0.6152155523078459,-0.5887911903435977,-0.603728029753261,-0.32414085347512117,-0.6041114715721062,-1.711226723466499,0.5454145808563026,-1.710250759360656,-1.7220879040894135,-0.14463104851565098,-1.7231950441513915,0.4121334509527587,0.20349644742112044,0.4140563192339066,1.1062022541453564
-1.3042302802700179,1.7498727599639314,-0.3252156863343304,-0.6152155523078459,-0.5887911903435977,-1.1098121604153701,-1.5735762756089966,-1.1096533566700084,1.438559423134889,-0.40469994485712796,1.4384001528851371,0.2780260307643575,2.7153473646224517,0.2788842950491822,0.7688581612673758,1.0254987638221924,0.7707840507850142,0.3373974549921968
1.028873956595694,1.7498727599639314,-0.3252156863343304,-0.6152155523078459,-0.5887911903435977,0.9642126223344368,0.07567848160771899,0.9644756622755616,-0.6434690297443936,0.49540855318717464,-0.6428324634253686,-0.06433581394034191,1.030002942594641,-0.06369372521402686,-0.12295361451916689,-0.6185058689799514,-0.12764134719555323,-0.4314073441609629
0.2511725443071234,-0.5127797575784685,-0.3252156863343304,-0.6152155523078459,-0.5887911903435977,1.9266926235572839,-0.5740279379018963,1.9268455463270293,-0.8653407583100257,0.6454266361945584,-0.8642401885647842,0.8466269892212855,-0.451057307066162,0.8483646404217895,-0.6580406799910925,1.4364999220227281,-0.6561268754194162,-1.2002121433141226
0.30134682897090215,1.7498727599639314,-0.3252156863343304,-0.6152155523078459,-0.5887911903435977,-1.8109687196236013,0.7753623180026893,-1.8111333171484685,0.3945737003305293,1.1954929405549655,0.39428793328031436,0.7044767496070531,0.6725056409523783,0.7059945540786374,-0.479678324833784,-0.6185058689799514,-0.48436907874666085,-1.2002121433141226
-1.8561474115715841,-0.6795015220289611,-0.3252156863343304,-0.6152155523078459,-0.5887911903435977,0.39555809006319415,1.3750913206269495,0.3950644597884168,0.525319540378134,-0.004651723504104576,0.5248019607309169,-1.0954255801562498,-0.451057307066162,-1.0958768512018786,-0.6580406799910925,-0.6185058689799514,-0.6561268754194162,0.3373974549921968
0.025388263320119012,1.7498727599639314,3.074882430400277,-0.6152155523078459,-0.5887911903435977,0.9954978231390039,0.12565589849307401,0.9958690555685791,0.4143836760953179,1.545535134238861,0.41526340197773265,-1.0734023035962985,0.3150083393101155,-1.0736315252107609,0.9115480453932228,-0.6185058689799514,0.9161175710465763,-1.2002121433141226
0.627479679285464,-0.5127797575784685,-0.3252156863343304,-0.6152155523078459,-0.5887911903435977,0.8556345724832933,-0.6240053547872513,0.8551400511516043,-1.196167353581995,0.6954326638636863,-1.1951864724573842,0.16790964796460037,0.5192925116771229,0.16765766509359478,-1.3714901006203266,-1.0295070271804874,-1.3695823385216315,-1.2002121433141226
0.4016953982984596,-0.5127797575784685,-0.3252156863343304,1.6254465548679973,1.09451253072544,0.3385086062431019,-0.7239601885579613,0.3387728580216265,-0.4691412430142536,-0.7047361108718955,-0.4680368909468826,-0.40069131049232765,-0.39998626397441017,-0.4018226802790133,-1.22880021649448,0.6144976056216563,-1.2242488182600688,-0.4314073441609629
-0.4512674409857791,-0.6795015220289611,-0.3252156863343304,-0.6152155523078459,-0.5887911903435977,0.41580145528967893,-0.6739827716726063,0.4156325450493591,0.01620316322306714,0.5454145808563026,0.016729496726784577,-1.978358758605212,-0.9106966948919285,-1.9767917604501308,-1.22880021649448,-0.20750471077941549,-1.2242488182600688,-1.2002121433141226
1.028873956595694,-0.5127797575784685,-0.3252156863343304,1.6254465548679973,2.192319305335682,-0.30191785728567583,0.17563331537842902,-0.30208537747721337,-1.2813502493705864,0.6954326638636863,-1.2814189548801038,0.9727603004282798,1.387500244236904,0.9729384659720479,-2.120611992281023,0.6144976056216563,-2.1226742162406365,-1.2002121433141226
-0.024786021343659734,-0.6795015220289611,-0.3252156863343304,-0.6152155523078459,-0.5887911903435977,-0.01114952039617344,1.1252042362001744,-0.010884591414396095,-0.08086571802439713,1.595541161907989,-0.0811560238611671,-0.276560115336238,0.8257187702276338,-0.2772488547287549,-0.015936201424782154,2.2585022384238003,-0.02194424155078053,-0.4314073441609629
-1.2038817109424602,-0.5127797575784685,-0.3252156863343304,-0.6152155523078459,-0.5887911903435977,-0.28719540984823294,0.2755881491491391,-0.28692994623230866,0.10534805416461585,-2.204916940945733,0.10529258678255136,-0.11639083126386392,1.2342871149616486,-0.11708250759270927,0.4121334509527587,-1.0295070271804874,0.4140563192339066,-0.4314073441609629
-1.931408838567252,-0.5127797575784685,-0.3252156863343304,-0.6152155523078459,-0.5887911903435977,1.0286233298732508,1.5750009881683695,1.0283449796648036,-1.679530762242837,1.445523078900605,-1.6799528601310518,-0.30258762399799843,1.8471396320626705,-0.3039432459180961,2.1244120604629204,-1.0295070271804874,2.118422147755865,-1.2002121433141226
0.10064969031578713,-0.5127797575784685,3.074882430400277,-0.6152155523078459,-0.5887911903435977,1.7334605009408424,0.9252945686587544,1.7330725325528868,1.5435522946882687,0.1453663595032792,1.5432774963722284,1.09689149558437,-0.5021283501579138,1.0975122915223054,0.2337710957954502,1.0254987638221924,0.22908638435555437,-0.4314073441609629
1.1793968105870303,-0.6795015220289611,-0.3252156863343304,-0.6152155523078459,-0.5887911903435977,-0.4804275324646746,2.37463965833405,-0.48070296000645113,1.2166876945692569,-0.6547300832027676,1.2169924277457216,0.5002609124147764,-0.04248896233214733,0.501337554960357,-0.1586260855506285,-0.6185058689799514,-0.15406562360674642,0.3373974549921968
0.00030112098822963846,-0.5127797575784685,-0.3252156863343304,-0.6152155523078459,-0.5887911903435977,0.49493461026593566,0.22561073226378406,0.49465729368350625,0.4797565961191205,0.8454507468710701,0.48052041570303433,0.9887772288355173,0.008582080759604505,0.9907347267649416,1.5536525239595331,-0.6185058689799514,1.550300204915212,-1.2002121433141226
-0.9279231452916772,-0.5127797575784685,3.074882430400277,-0.6152155523078459,-0.5887911903435977,0.8390718191161701,1.6749558219390797,0.8389020891034912,-1.8320675756317093,-0.6547300832027676,-1.8314423562790731,-1.2195567753123402,1.642855459695663,-1.2204506767521364,2.516809241809,1.847501080223264,2.514786293923762,-0.4314073441609629
0.30134682897090215,-0.5127797575784685,-0.3252156863343304,-0.6152155523078459,-0.5887911903435977,-0.3663285648244897,2.124752573907275,-0.3659546948664559,0.18656895480024902,-0.35469391718800003,0.18686385393917762,-0.5088055772411803,-0.7064125225249211,-0.5086002450363769,1.0185654584876076,1.0254987638221924,1.0218146766913492,0.3373974549921968
-1.2540559956062391,-0.6795015220289611,-0.3252156863343304,-0.6152155523078459,-0.5887911903435977,-0.191499501504852,0.5254752335759142,-0.19166723555004841,-1.2120153341938262,-1.5548385812470702,-1.2115007258887096,-0.07034216209305616,-0.6553414794331693,-0.06814279041225106,0.6261682771415289,-0.6185058689799514,0.625450530523452,-1.2002121433141226
-1.6303631305845796,-0.5127797575784685,-0.3252156863343304,-0.6152155523078459,-0.5887911903435977,0.4176417612193592,0.7253849011173342,0.41779760665577365,0.594654455554894,0.7454386915328143,0.5947201897223114,0.029763640452177626,1.387500244236904,0.029736643948666156,-0.015936201424782154,-1.0295070271804874,-0.02194424155078053,1.1062022541453564
0.15082397497956587,1.7498727599639314,3.074882430400277,-0.6152155523078459,-0.5887911903435977,0.27041728684492744,-0.8738924392140264,0.2705734174195537,0.9334050411327797,-0.8047481662101513,0.9326582965140507,0.898682006544807,-0.3489152208826583,0.8973043576022477,0.3407885088898349,1.0254987638221924,0.3347834900003271,0.3373974549921968
0.2511725443071234,1.7498727599639314,-0.3252156863343304,-0.6152155523078459,-0.5887911903435977,0.6366381668513266,0.8753171517733993,0.6364688289036889,0.15487299357658735,-1.2047963875631746,0.1542353470765268,-0.3626511055251387,-0.09356000542389915,-0.3617810934950011,0.6261682771415289,-1.0295070271804874,0.625450530523452,-0.4314073441609629
0.6023925369535746,-0.6795015220289611,-0.3252156863343304,1.6254465548679973,1.7531965954915851,-1.531242218312181,0.4255203998052041,-1.5307578391177261,-1.0872124868756579,0.4454025255180467,-1.087978521337246,-0.5228203895975128,-0.9106966948919285,-0.5219474406310476,-0.30131596967647545,-1.0295070271804874,-0.29939914386830857,-0.4314073441609629
-1.1286202839467923,-0.6795015220289611,-0.3252156863343304,-0.6152155523078459,-0.5887911903435977,0.7765014175070366,0.5754526504612691,0.7761153025174564,1.5356283043823526,1.0954808852167097,1.5362856734730888,1.753585560281104,-0.757483565616673,1.7515248756611599,-1.121782803400095,0.20349644742112044,-1.1185517126152964,-1.2002121433141226
1.4553553762378133,1.7498727599639314,-0.3252156863343304,-0.6152155523078459,-0.5887911903435977,-1.1944662331806686,-0.1242311859337011,-1.1940907593201937,-0.16010562108355153,0.04535430416502335,-0.16039668338474736,1.1709697894678428,0.41715042549361914,1.173146399892105,0.697513219204452,0.20349644742112044,0.6915112215514346,-1.2002121433141226
0.5020439676260171,-0.5127797575784685,-0.3252156863343304,1.6254465548679973,0.9481382941107411,-0.9828310512674229,-0.8239150223286714,-0.9829972526947311,0.17666396691785471,0.09536033183415127,0.17754142340699192,-0.16043738438376656,1.4896423304204076,-0.1615731595749441,0.1267536827010648,-1.0295070271804874,0.12338927871078165,-0.4314073441609629
-2.056844550226699,-0.6795015220289611,-0.3252156863343304,-0.6152155523078459,-0.5887911903435977,0.11767189468145432,-0.1242311859337011,0.11793657416729655,1.0621698836039055,-2.154910913276605,1.063172323964654,0.2700175665607387,1.387500244236904,0.2699861646527354,1.5536525239595331,1.0254987638221924,1.550300204915212,0.3373974549921968
-0.2756574446625535,-0.5127797575784685,-0.3252156863343304,1.6254465548679973,2.48506777856508,0.2501739216184432,-1.7235085262650618,0.2500053321586114,1.240459665487003,-0.7547421385410233,1.240298504076186,0.2780260307643575,-0.14463104851565098,0.2788842950491822,0.3051160378583733,-0.20750471077941549,0.3083592135891339,-1.2002121433141226
-0.6268774373090047,-0.5127797575784685,-0.3252156863343304,-0.6152155523078459,-0.5887911903435977,-0.18781888964549143,-1.1737569405261565,-0.1873371123372185,-1.5190699585480496,-0.6547300832027676,-1.519140933450845,0.3781318333095913,-0.39998626397441017,0.3767637294100986,-0.08728114348770531,-0.6185058689799514,-0.08800493257876318,-1.2002121433141226
0.7027411062811321,-0.5127797575784685,-0.3252156863343304,1.6254465548679973,1.899570832106284,0.45628818574264746,-1.0738021067554464,0.4567687155712443,-1.3447421718179096,0.6454266361945584,-1.344345360972359,-0.2084881696054789,0.8767898133193857,-0.21051287675540228,1.6249974660224569,1.847501080223264,1.6295730341487915,0.3373974549921968
-0.8526617182960091,-0.5127797575784685,-0.3252156863343304,-0.6152155523078459,-0.5887911903435977,0.0017326211115896494,1.2251590699708845,0.0021057782240940137,-0.5444191509204506,-0.7047361108718955,-0.5449469428374164,1.4472618044926882,-0.14463104851565098,1.4489884421819614,0.2337710957954502,-0.20750471077941549,0.22908638435555437,-1.2002121433141226
-0.04987316367554911,-0.6795015220289611,-0.3252156863343304,-0.6152155523078459,-0.5887911903435977,0.1968050496577116,0.07567848160771899,0.1969613228014437,-0.8435497849687583,0.34539047017979085,-0.843264719867366,1.4212342958309272,-0.39998626397441017,1.422294050992621,0.3407885088898349,-0.20750471077941549,0.3347834900003271,0.3373974549921968
-0.7523131489684516,-0.5127797575784685,-0.3252156863343304,1.6254465548679973,2.2655064236430316,0.06430302272072272,0.12565589849307401,0.06381003400692155,0.1727019717648972,0.5454145808563026,0.17288020814089905,-0.5628627106156062,0.468221468585371,-0.561989027415059,0.5904958061100672,0.6144976056216563,0.585814115906662,-0.4314073441609629
-0.978097429955456,-0.6795015220289611,-0.3252156863343304,-0.6152155523078459,-0.5887911903435977,-0.12708879396603812,0.025701064722363966,-0.12671538735759863,0.08157608324686975,-0.15466980651148834,0.08198651045208626,0.806584668203192,-0.5021283501579138,0.8083230536377781,-0.40833338277086084,1.4364999220227281,-0.4050962495130813,0.3373974549921968
-1.053358856951124,1.7498727599639314,-0.3252156863343304,-0.6152155523078459,-0.5887911903435977,-0.0056286026071320425,-1.0238246898700913,-0.005471937398358518,0.6303124119315138,-0.054657751173232495,0.6296793042180091,-0.4947907648848472,0.26393729621836365,-0.49525304944170634,1.5893249949909947,-0.6185058689799514,1.5899366195320022,-1.2002121433141226
1.1292225259232516,1.7498727599639314,3.074882430400277,-0.6152155523078459,-0.5887911903435977,0.45444787981296714,1.7249332388244347,0.454603653964829,0.3648587366833464,-0.5047120001953838,0.3639900340507104,0.44420166298944525,0.7235766840441301,0.44349970738345124,0.09108121166960323,0.6144976056216563,0.09696500229958847,1.1062022541453564
1.028873956595694,1.7498727599639314,-0.3252156863343304,1.6254465548679973,2.338693541950381,1.061748836607498,0.22561073226378406,1.0619034345642364,-0.490932216355521,-0.35469391718800003,-0.4913429672773478,0.19593927267726594,0.5192925116771229,0.19435205628293598,-0.37266091173939925,-0.6185058689799514,-0.3786719731018881,1.1062022541453564
0.2511725443071234,1.7498727599639314,-0.3252156863343304,-0.6152155523078459,-0.5887911903435977,0.21336780302483527,-1.0238246898700913,0.21319928484955683,-1.2318253099586147,-0.3046878895188721,-1.232476194586128,0.9106947028502349,0.3660793824018673,0.9106515531969187,-1.3714901006203266,-0.6185058689799514,-1.3695823385216315,0.3373974549921968
-0.17530887533499598,-0.5127797575784685,3.074882430400277,-0.6152155523078459,-0.5887911903435977,1.0286233298732508,1.5250235712830145,1.0283449796648036,-0.11652367440101627,0.34539047017979085,-0.11611513835686478,-0.5989007995318907,-0.3489152208826583,-0.5975815490008469,-0.5866957379281693,-0.20750471077941549,-0.5900661843914335,-0.4314073441609629
-0.8024874336322303,1.7498727599639314,-0.3252156863343304,1.6254465548679973,1.3872610039548379,1.6396048985271428,-1.1237795236408015,1.6399748834770418,0.9096330702150329,-0.5547180278645117,0.9093522201835864,1.4292427600345454,0.11072416694310817,1.4311921813890678,2.1957570025258435,-0.6185058689799514,2.197694976989444,-1.2002121433141226
-1.2038817109424602,-0.5127797575784685,-0.3252156863343304,-0.6152155523078459,-0.5887911903435977,-0.6368535364875083,0.7753623180026893,-0.6365873956683309,0.6540843828492598,-0.9047602215484072,0.6529853805484734,0.16390541586279067,-0.24677313469915466,0.16320859989537137,-0.8364030351484011,0.20349644742112044,-0.8410968102977684,0.3373974549921968
-0.8275745759641198,-0.5127797575784685,3.074882430400277,1.6254465548679973,1.1676996490327896,-0.9938728868455051,-0.4240956872458312,-0.993822560726806,1.4900653601233387,-0.10466377884236042,1.4896735208121592,0.28002814681526206,0.41715042549361914,0.2788842950491822,1.410962639833686,0.6144976056216563,1.40496668465365,1.1062022541453564
0.627479679285464,-0.5127797575784685,3.074882430400277,1.6254465548679973,1.899570832106284,1.1997717813335278,0.8753171517733993,1.1993848465715893,0.3747637245657407,0.24537841484153503,0.37564307221594295,0.2059498529317893,1.8471396320626705,0.20769925187760618,-0.1942985565820907,0.6144976056216563,-0.19370203822353588,1.8750070532985164
0.5271311099579065,-0.5127797575784685,-0.3252156863343304,1.6254465548679973,1.899570832106284,-0.6129295594016629,0.17563331537842902,-0.612771717997766,-2.1985521272802986,0.1453663595032792,-2.1996783623004164,0.3901445296150192,-0.451057307066162,0.3901109250047696,1.9103772342741503,-0.20750471077941549,1.9070279364663196,0.3373974549921968
-0.22548315999877472,-0.5127797575784685,3.074882430400277,-0.6152155523078459,-0.5887911903435977,1.5567911316915248,-0.47407310413118625,1.5566200116300641,-0.78808185282735,0.7454386915328143,-0.7873301366742504,-0.03830830527858146,-1.370336082717695,-0.036999334024686456,-0.33698844070793704,0.20349644742112044,-0.33903555848509864,-1.2002121433141226
-0.25057030233066413,1.7498727599639314,-0.3252156863343304,1.6254465548679973,2.1191321870283324,-0.3203209165824798,0.3255655660344941,-0.32048840113174104,0.658046378002218,0.7454386915328143,0.6576465958145663,1.5393591428343025,-0.2978441777909065,1.537969746146432,-0.37266091173939925,-0.20750471077941549,-0.3786719731018881,-1.2002121433141226
-1.3042302802700179,-0.5127797575784685,3.074882430400277,-0.6152155523078459,-0.5887911903435977,1.0691100603262198,-0.4240956872458312,1.069481150186689,0.1627969838825029,0.9454628022093259,0.16355777760871335,-0.6549600489572213,-0.7064125225249211,-0.6554193965777524,1.9103772342741503,0.6144976056216563,1.9070279364663196,0.3373974549921968
-1.1035331416149028,-0.6795015220289611,-0.3252156863343304,1.6254465548679973,1.240886767340139,-0.05347655677882225,-0.32414085347512117,-0.05310329273948866,-0.11256167924805877,-1.2548024152323025,-0.11145392309077193,0.2600069863062153,0.8257187702276338,0.2610880342562878,-0.6937131510225542,-0.20750471077941549,-0.6957632900362056,-1.2002121433141226
0.9786996719319152,-0.6795015220289611,-0.3252156863343304,-0.6152155523078459,-0.5887911903435977,-0.5503591577925294,1.6749558219390797,-0.5499849314117312,-0.7187469376505898,-0.10466377884236042,-0.7197425153159024,1.8857252196408116,1.2342871149616486,1.8849968316078642,-0.7650580930854779,-1.0295070271804874,-0.7618239810641889,-0.4314073441609629
-0.1502217330031066,-0.6795015220289611,-0.3252156863343304,-0.6152155523078459,-0.5887911903435977,1.0746309781152605,-1.7734859431504169,1.0748938042027263,-0.2670794902134101,-0.10466377884236042,-0.2676046345048856,-0.21049028565638345,0.774647727135882,-0.21051287675540228,0.5548233350786057,-0.20750471077941549,0.5593898394954687,1.8750070532985164
0.6023925369535746,-0.5127797575784685,-0.3252156863343304,-0.6152155523078459,-0.5887911903435977,0.04774026935359957,-1.8234633600357717,0.04757207195880882,-1.2060723414643895,1.0454748575475818,-1.2068395106226164,-0.5788796390228439,-0.19570209160740282,-0.5797852882079529,0.4834783930156819,1.0254987638221924,0.48011701026188924,0.3373974549921968
-0.6017902949771153,-0.5127797575784685,-0.3252156863343304,-0.6152155523078459,-0.5887911903435977,-0.6883821025185591,0.5754526504612691,-0.6885488742222909,2.0922886233729128,0.5454145808563026,2.093300897771197,-0.08035274234757954,-0.9106966948919285,-0.08148998600692127,-0.12295361451916689,-1.4405081853810233,-0.12764134719555323,-0.4314073441609629
-1.7557988422440265,-0.5127797575784685,-0.3252156863343304,-0.6152155523078459,-0.5887911903435977,-1.5128391590153771,1.4250687375123046,-1.5123548154631987,1.1830107357691153,-1.104784332224919,1.182033313250024,-2.23863384522282,0.008582080759604505,-2.239286607145317,-1.1574552744315565,0.20349644742112044,-1.1581881272320862,-0.4314073441609629
0.9285253872681365,1.7498727599639314,-0.3252156863343304,-0.6152155523078459,-0.5887911903435977,0.7452162167024695,-0.5740279379018963,0.744721909224439,-2.2262860933510025,1.2454989682240936,-2.225315046263928,-0.10437813495843541,-1.063909824167184,-0.10373531199803906,0.9472205164246843,0.20349644742112044,0.9425418474577696,-1.2002121433141226
0.7529153909449109,-0.5127797575784685,-0.3252156863343304,1.6254465548679973,1.899570832106284,-0.4252183545742627,1.6749558219390797,-0.42549388904286845,-2.5689986740818456,-0.2546818618497442,-2.5679143683217602,1.2250269228422688,1.030002942594641,1.2265351822707866,1.1255828715819929,2.2585022384238003,1.1275117823361218,-0.4314073441609629
-0.8777488606278985,-0.5127797575784685,3.074882430400277,-0.6152155523078459,-0.5887911903435977,0.5335810347892239,-0.8239150223286714,0.5336284025989761,-0.5424381533439712,-0.6047240555336396,-0.54261633520437,1.2850904043694091,0.3660793824018673,1.2843730298476923,-0.6937131510225542,-0.6185058689799514,-0.6957632900362056,1.1062022541453564
-0.5265288679814473,-0.6795015220289611,3.074882430400277,1.6254465548679973,0.5090155842666443,-0.37553009447289165,0.4754978166905591,-0.3756974720953237,-0.5959250879089008,0.9954688298784539,-0.5962203107644392,-1.1875229184978653,-0.9106966948919285,-1.189307220364572,0.5904958061100672,0.20349644742112044,0.585814115906662,-0.4314073441609629
-1.7557988422440265,-0.5127797575784685,-0.3252156863343304,-0.6152155523078459,-0.5887911903435977,-0.044275027130420266,1.4250687375123046,-0.044443046313828456,-0.9485426565221375,0.24537841484153503,-0.9481420633544574,-0.7530637354515505,-0.39998626397441017,-0.7532988309386692,-1.835232224029329,-1.0295070271804874,-1.8320071757175116,-1.2002121433141226
-0.9279231452916772,-0.6795015220289611,-0.3252156863343304,-0.6152155523078459,-0.5887911903435977,-0.5816443585970964,-1.3736666080675766,-0.5813783247047486,-0.7088419497681956,0.04535430416502335,-0.7080894771506702,0.31005988757883224,1.2853581580534004,0.3100277514367468,0.7331856902359142,-1.0295070271804874,0.7311476361682241,2.643811852451676
0.226085401975234,1.7498727599639314,-0.3252156863343304,-0.6152155523078459,-0.5887911903435977,0.15263770734538198,1.3251139037415944,0.1525775598699366,-2.182704146668468,0.895456774540198,-2.183364108869091,-1.0053303578655395,-1.8299754705434614,-1.0068955472374086,1.8033598211797655,-0.6185058689799514,1.801330830821547,1.1062022541453564
1.3800939492421451,1.7498727599639314,-0.3252156863343304,-0.6152155523078459,-0.5887911903435977,-1.030679005439113,-0.22418601970441113,-1.0306286080358609,-1.9350794496086101,-1.004772276886663,-1.933989092133118,-0.2225029819618114,-0.9106966948919285,-0.2238600723500733,1.0185654584876076,-0.20750471077941549,1.0218146766913492,-0.4314073441609629
0.9034382449362471,-0.5127797575784685,-0.3252156863343304,1.6254465548679973,1.0213254124180906,0.1820826022202682,-2.922966531513582,0.18180589155653865,-0.4295212914846764,1.8455713002536285,-0.4284165611850925,-0.4187103549504698,1.3364292011451522,-0.41961894107190695,0.4121334509527587,0.20349644742112044,0.4140563192339066,0.3373974549921968
0.6776539639492427,1.7498727599639314,-0.3252156863343304,1.6254465548679973,1.7531965954915851,0.7949044768038406,1.7749106557097896,0.794518326171984,1.2147066969927776,-1.004772276886663,1.2146618201126749,-0.18246066094371788,0.059653123851356335,-0.18381848556606187,0.1980986247639886,-0.20750471077941549,0.20266210794436118,-1.2002121433141226
0.4518696829622384,1.7498727599639314,-0.3252156863343304,-0.6152155523078459,-0.5887911903435977,-0.4638647790975509,1.4250687375123046,-0.4633824671551311,-0.14029564531876293,-0.6547300832027676,-0.13942121468732907,-0.3926828462887088,2.306779019888437,-0.3929245498825657,1.1255828715819929,-0.6185058689799514,1.1275117823361218,0.3373974549921968
-0.5014417256495578,-0.6795015220289611,-0.3252156863343304,-0.6152155523078459,-0.5887911903435977,-0.07740053386466762,-1.6735311093797067,-0.07691897041005354,0.9631200047799625,-0.7547421385410233,0.9629561957436555,1.3952067871691662,-0.09356000542389915,1.3955996598032798,-0.015936201424782154,-0.6185058689799514,-0.02194424155078053,-0.4314073441609629
-2.508413112200708,-0.5127797575784685,-0.3252156863343304,-0.6152155523078459,-0.5887911903435977,0.04405965749423846,0.2755881491491391,0.04432447954918658,-1.3031412227118537,0.2953844425106629,-1.302394423577522,-0.9652880368474459,-1.2681939965341913,-0.9668539604533972,-0.08728114348770531,-0.6185058689799514,-0.08800493257876318,2.643811852451676
0.5773053946216853,-0.5127797575784685,-0.3252156863343304,-0.6152155523078459,-0.5887911903435977,1.358038091286042,0.17563331537842902,1.3585168746430918,-1.6399108107132598,1.1454869128858376,-1.6403325303692617,0.9607476041228518,0.21286625312661184,0.9595912703773769,1.339617697770763,-1.0295070271804874,1.3389059936256666,-1.2002121433141226
-2.257541688881814,1.7498727599639314,-0.3252156863343304,1.6254465548679973,2.192319305335682,0.5538244000157087,1.4750461543976596,0.5541964878599192,-0.08086571802439713,-0.8047481662101513,-0.0811560238611671,0.6504196162326271,-1.063909824167184,0.6526057716999558,-1.1574552744315565,1.0254987638221924,-1.1581881272320862,-0.4314073441609629
0.5271311099579065,-0.5127797575784685,-0.3252156863343304,-0.6152155523078459,-0.5887911903435977,-1.3214473423286157,-0.6240053547872513,-1.3218293940986785,0.6956853319553165,0.4454025255180467,0.69493631794331,0.5623265099928212,0.9789318995028893,0.5636244677354855,-0.26564349864501385,-0.6185058689799514,-0.2597627292515191,0.3373974549921968
0.426782540630349,-0.5127797575784685,-0.3252156863343304,-0.6152155523078459,-0.5887911903435977,1.3525171734970005,1.0752268193148193,1.3520216898238464,0.006298175340672839,-1.104784332224919,0.007407066194598862,-0.10437813495843541,0.41715042549361914,-0.10373531199803906,-0.1942985565820907,1.0254987638221924,-0.19370203822353588,0.3373974549921968
-0.17530887533499598,-0.5127797575784685,-0.3252156863343304,-0.6152155523078459,-0.5887911903435977,-0.7417509744792907,-0.27416343658976616,-0.7415928835794586,-0.8237398092039697,-0.40469994485712796,-0.8246198588029942,-1.4477980051154733,1.4896423304204076,-1.4473530018615348,-0.9077479772113245,-0.6185058689799514,-0.9071575013257511,-1.2002121433141226
-2.132105977222367,1.7498727599639314,-0.3252156863343304,-0.6152155523078459,-0.5887911903435977,0.9182049740924269,-1.1237795236408015,0.9179268377376392,0.09940506143517905,0.3953964978489188,0.09830076388341166,-0.6869939057716965,-0.451057307066162,-0.6865628529653166,0.1980986247639886,-1.0295070271804874,0.20266210794436118,-1.2002121433141226
-1.6052759882526904,-0.5127797575784685,3.074882430400277,-0.6152155523078459,-0.5887911903435977,-1.345371319414461,-1.2237343574115116,-1.3456450717692434,-1.055516525651996,-0.5547180278645117,-1.0553500144745955,0.7064788656579583,0.6725056409523783,0.7059945540786374,-0.2299710276135523,1.4364999220227281,-0.23333845284032595,0.3373974549921968
-1.329317422601907,1.7498727599639314,-0.3252156863343304,1.6254465548679973,1.0213254124180906,-0.5098724273395608,-1.8734407769211268,-0.5099312916930535,1.1513147745454542,1.545535134238861,1.1517354140204201,1.255058663605839,0.468221468585371,1.2532295734601278,1.9460497053056118,0.20349644742112044,1.9466643510831096,0.3373974549921968
-0.32583172932633225,-0.5127797575784685,-0.3252156863343304,-0.6152155523078459,-0.5887911903435977,0.03301782191615618,0.7753623180026893,0.033499171517111424,-0.2710414853663676,0.9454628022093259,-0.269935242137932,0.3961508777677335,-0.19570209160740282,0.39455999020299304,0.09108121166960323,1.0254987638221924,0.09696500229958847,-0.4314073441609629
0.5020439676260171,1.7498727599639314,-0.3252156863343304,1.6254465548679973,0.8749511758033917,0.5924708245389969,0.4754978166905591,0.5920850659721818,0.285618833624192,0.9954688298784539,0.2847493745271301,0.7605359990323842,0.3660793824018673,0.7593833364573199,-0.30131596967647545,-1.0295070271804874,-0.29939914386830857,-1.2002121433141226
-0.07496030600743848,-0.6795015220289611,-0.3252156863343304,-0.6152155523078459,-0.5887911903435977,1.9947839429554595,0.025701064722363966,1.9950449869291011,-1.2437112954174878,-0.35469391718800003,-1.24412923275136,0.11985886274288803,-0.6042704363414175,0.11871794791313578,-3.654528246633876,-1.8515093435815593,-3.655282248089839,-1.2002121433141226
0.6023925369535746,1.7498727599639314,-0.3252156863343304,1.6254465548679973,1.899570832106284,1.6322436748084206,0.5754526504612691,1.6323971678545894,0.426269661554191,0.3953964978489188,0.4269164401429652,-1.6600223065113686,0.11072416694310817,-1.6609081313762626,0.01973626960668006,-0.6185058689799514,0.017692173066008943,-1.2002121433141226
-0.3509188716582216,-0.6795015220289611,-0.3252156863343304,-0.6152155523078459,-0.5887911903435977,0.13239434211889772,-1.0738021067554464,0.13200947460899395,-0.35820537873143754,0.24537841484153503,-0.35849833219369837,-1.1494827135306764,-0.5021283501579138,-1.1492656335805602,-2.1562844633124842,3.9025068712259436,-2.162310630857426,-0.4314073441609629
0.5271311099579065,-0.5127797575784685,-0.3252156863343304,-0.6152155523078459,-0.5887911903435977,-0.7914392345806618,0.7253849011173342,-0.7913893005270037,0.8402981550382729,1.8455713002536285,0.8394339911921919,-0.23251356221633476,0.5192925116771229,-0.2327582027465201,-0.5866957379281693,-0.20750471077941549,-0.5900661843914335,-1.2002121433141226
-0.8275745759641198,-0.5127797575784685,-0.3252156863343304,-0.6152155523078459,-0.5887911903435977,0.7930641708741603,-0.07425376904834607,0.7934357953687768,-0.4929132139319997,-0.7547421385410233,-0.49367357491039415,0.029763640452177626,0.5703635547688747,0.029736643948666156,0.2694435668269118,-0.6185058689799514,0.2687227989723444,1.1062022541453564
0.20099825964334464,-0.5127797575784685,3.074882430400277,1.6254465548679973,1.3140738856474885,0.6900070388120576,1.8748654894804997,0.6895128382608567,-1.0931554796050946,0.5454145808563026,-1.0926397366033394,1.605428972514157,-1.2171229534424395,1.6047057241197844,-0.33698844070793704,-0.6185058689799514,-0.33903555848509864,-1.2002121433141226
0.15082397497956587,-0.5127797575784685,-0.3252156863343304,1.6254465548679973,0.4358284659592948,-1.2036677628290704,1.5750009881683695,-1.2038335365490611,-0.017473795577073258,-0.4547059725262559,-0.018229617768912274,-0.11639083126386392,-1.319265039625943,-0.11708250759270927,-0.979092919274248,1.4364999220227281,-0.9732181923537343,-0.4314073441609629
1.5306168032334815,-0.6795015220289611,-0.3252156863343304,-0.6152155523078459,-0.5887911903435977,-0.04795563898978138,1.5250235712830145,-0.047690638723451084,-1.7033027331605834,1.0954808852167097,-1.7032589364615165,-0.9392605281856855,-0.6042704363414175,-0.940159569264056,-1.335817629588865,0.6144976056216563,-1.3299459239048417,1.1062022541453564
-0.37600601399011097,-0.5127797575784685,-0.3252156863343304,1.6254465548679973,1.4604481222621875,0.7709804997179952,-1.3236891911822215,0.7707026485014192,1.7376900571831961,-0.004651723504104576,1.7367179299150866,0.7965740879486686,0.26393729621836365,0.7949758580431079,-0.4440058538023224,-1.0295070271804874,-0.4447326641298708,-0.4314073441609629
0.15082397497956587,-0.5127797575784685,-0.3252156863343304,-0.6152155523078459,-0.5887911903435977,0.7838626412257582,0.025701064722363966,0.7836930181399089,1.690146115347704,0.5454145808563026,1.6901057772541563,0.978766648580994,0.8767898133193857,0.9773875311702713,0.6618407481729904,-0.20750471077941549,0.6650869451402415,-0.4314073441609629
1.229571095250809,-0.5127797575784685,-0.3252156863343304,-0.6152155523078459,-0.5887911903435977,-0.793279540510342,0.5754526504612691,-0.7935543621334187,0.1727019717648972,-0.9547662492175351,0.17288020814089905,-0.7891018243678348,-1.1149808672589359,-0.7888913525244572,0.697513219204452,-1.0295070271804874,0.6915112215514346,1.8750070532985164
-1.7056245575802478,-0.6795015220289611,-0.3252156863343304,-0.6152155523078459,-0.5887911903435977,-0.37184948261353107,0.7253849011173342,-0.37136734888249345,-0.10463768894214322,0.895456774540198,-0.10446210019163223,-1.9643439462488792,-0.7064125225249211,-1.9634445648554602,-1.121782803400095,1.0254987638221924,-1.1185517126152964,-0.4314073441609629
0.4016953982984596,-0.5127797575784685,3.074882430400277,-0.6152155523078459,-0.5887911903435977,1.981901801447696,0.8753171517733993,1.9820546172906115,1.1671627551572854,-0.8047481662101513,1.1680496674517455,-0.9472689923893043,-0.7064125225249211,-0.9490576996605032,-0.08728114348770531,-0.6185058689799514,-0.08800493257876318,-0.4314073441609629
0.10064969031578713,-0.5127797575784685,3.074882430400277,1.6254465548679973,1.5336352405695368,0.7544177463508714,-0.9238698560993814,0.7544646864533069,0.3371247706126423,0.49540855318717464,0.3360227424541524,-0.20047970540186008,0.008582080759604505,-0.2016147463589555,1.0542379295190691,0.6144976056216563,1.0482389531025422,-0.4314073441609629
-0.20039601766688536,1.7498727599639314,-0.3252156863343304,-0.6152155523078459,-0.5887911903435977,2.7309063148276183,0.2755881491491391,2.731165933110202,-0.9703336298634054,-0.5547180278645117,-0.971448139684922,2.0619114321204233,0.7235766840441301,2.0629594395368045,-0.5510232668967078,-0.6185058689799514,-0.5504297697746435,-0.4314073441609629
-0.42618029865388973,-0.5127797575784685,-0.3252156863343304,-0.6152155523078459,-0.5887911903435977,1.845719162651347,0.6254300673466242,1.8456557360864667,0.030070146258418938,-0.5047120001953838,0.03071314252506398,-0.8751928145567356,0.16179521003486,-0.8734235912907038,0.05540874063814164,-0.20750471077941549,0.057328587682799005,-1.2002121433141226
-1.9564959808991416,1.7498727599639314,-0.3252156863343304,1.6254465548679973,1.6800094771842358,-0.4252183545742627,-0.8239150223286714,-0.42549388904286845,-0.7761958673684769,-0.20467583418061627,-0.7756770985090179,1.8837231035899078,0.3660793824018673,1.8849968316078642,-0.30131596967647545,0.6144976056216563,-0.29939914386830857,-0.4314073441609629
0.17591111731145526,-0.6795015220289611,-0.3252156863343304,1.6254465548679973,1.9727579504136337,0.6660830617262128,0.2755881491491391,0.6656971605902918,-0.0016258149652427138,0.34539047017979085,-0.0019153643375868555,-0.10237601890753086,0.3660793824018673,-0.10373531199803906,1.8747047632426885,1.0254987638221924,1.880603660055127,-1.2002121433141226
-0.5516160103133366,-0.6795015220289611,-0.3252156863343304,-0.6152155523078459,-0.5887911903435977,-0.5061918154802003,0.5754526504612691,-0.5066836992834309,-0.4651792478612961,1.595541161907989,-0.4657062833138362,-2.08447090930316,-0.6553414794331693,-2.083569325207495,-1.7638872819664058,-0.6185058689799514,-1.7659464846895288,-0.4314073441609629
-1.0282717146192346,-0.5127797575784685,-0.3252156863343304,-0.6152155523078459,-0.5887911903435977,0.010934150759991632,-1.6735311093797067,0.01076602464975383,0.14496800569419305,-1.604844608916198,0.14491291654434107,-0.38667649813599514,0.059653123851356335,-0.38847548468434234,0.9115480453932228,0.6144976056216563,0.9161175710465763,0.3373974549921968
0.2511725443071234,-0.5127797575784685,-0.3252156863343304,1.6254465548679973,2.0459450687209833,-1.5257213005231398,1.1252042362001744,-1.5253451851016886,-0.5959250879089008,0.24537841484153503,-0.5962203107644392,-0.6909981378735056,-0.757483565616673,-0.6910119181635404,1.1255828715819929,-0.20750471077941549,1.1275117823361218,0.3373974549921968
-0.9279231452916772,-0.5127797575784685,-0.3252156863343304,1.6254465548679973,1.0213254124180906,0.38083564262575126,-1.0238246898700913,0.380991559346719,-1.3784191306180504,-0.8047481662101513,-1.379304475468056,0.6043709470618193,-1.676762341268206,0.6036660545194976,-0.9434204482427865,0.20349644742112044,-0.9467939159425411,-0.4314073441609629
-0.8777488606278985,-0.6795015220289611,-0.3252156863343304,1.6254465548679973,2.338693541950381,-0.6994239380966419,-0.6739827716726063,-0.6993741822543661,1.339509544310946,-0.5547180278645117,1.3405146322971846,0.8165952484577154,-1.6256912981764542,0.817221184034225,-0.622368208959631,1.0254987638221924,-0.6164904608026267,-1.2002121433141226
-0.4010931563220003,1.7498727599639314,-0.3252156863343304,-0.6152155523078459,-0.5887911903435977,0.5998320482577186,0.3255655660344941,0.5996627815946344,0.5490915112958806,0.1453663595032792,0.548108037061382,-0.7450552712479316,0.8257187702276338,-0.7444007005422224,-0.9077479772113245,-0.6185058689799514,-0.9071575013257511,-1.2002121433141226
-1.931408838567252,1.7498727599639314,-0.3252156863343304,1.6254465548679973,1.240886767340139,-0.27247296241078955,0.4754978166905591,-0.27285704579061093,0.17072097418841847,0.24537841484153503,0.17054960050785223,0.6143815273163427,-2.289614858369228,0.6125641849159444,-1.2644726875259416,1.847501080223264,-1.2638852328768586,-0.4314073441609629
-2.382977400541261,1.7498727599639314,-0.3252156863343304,-0.6152155523078459,-0.5887911903435977,0.07166424643944441,0.8253397348880442,0.07138774962937408,1.1097138254393977,-1.4048204982396864,1.1097844766255835,-0.4387315154595166,-1.063909824167184,-0.4374152018648013,-0.015936201424782154,-1.0295070271804874,-0.02194424155078053,-0.4314073441609629
0.050475405652008386,1.7498727599639314,3.074882430400277,-0.6152155523078459,-0.5887911903435977,-0.1473321591925229,-1.1237795236408015,-0.14728347261854088,-1.1129654553698831,-0.7047361108718955,-1.1136152053007575,-0.8531695379967842,0.3150083393101155,-0.851178265299586,-1.22880021649448,-0.6185058689799514,-1.2242488182600688,1.1062022541453564
-0.5265288679814473,-0.5127797575784685,-0.3252156863343304,-0.6152155523078459,-0.5887911903435977,-1.3600937668519042,0.4754978166905591,-1.3597179722109412,-3.1058490173076163,-0.6047240555336396,-3.1062847315554967,-0.21849874986000226,-0.6553414794331693,-0.21941100715184989,1.0185654584876076,0.20349644742112044,1.0218146766913492,-1.2002121433141226
0.07556254798389776,-0.6795015220289611,-0.3252156863343304,-0.6152155523078459,-0.5887911903435977,1.8530803863700682,1.3251139037415944,1.8532334517089193,-0.4215973011787609,-1.054778304555791,-0.4214247382859532,-0.9993240097128258,-1.1660519103506877,-0.9979974168409614,1.7676873501483032,0.6144976056216563,1.7616944162047568,2.643811852451676
0.7780025332768002,1.7498727599639314,-0.3252156863343304,1.6254465548679973,2.0459450687209833,0.8556345724832933,0.12565589849307401,0.8551400511516043,-0.37801535449622614,1.2454989682240936,-0.3771431932580702,1.1669655573660336,0.11072416694310817,1.1686973346938816,0.09108121166960323,0.20349644742112044,0.09696500229958847,1.1062022541453564
-0.22548315999877472,-0.5127797575784685,-0.3252156863343304,-0.6152155523078459,-0.5887911903435977,0.4084402315709572,-1.3236891911822215,0.4080548294269065,0.517395550072219,0.9454628022093259,0.517810137831778,0.34009162834240236,-1.0128387810754322,0.3411712078243106,1.2326002846763777,0.6144976056216563,1.2332088879808945,1.1062022541453564
1.5306168032334815,1.7498727599639314,-0.3252156863343304,1.6254465548679973,2.7778162517944778,0.8317105953974485,-0.17420860281905612,0.8313243734810387,-0.2472695144486215,-0.8047481662101513,-0.2466291658074673,1.082876683228037,-1.9831885998187169,1.0841650959276354,0.6618407481729904,-1.0295070271804874,0.6650869451402415,-1.2002121433141226
-1.1537074262786815,-0.5127797575784685,3.074882430400277,-0.6152155523078459,-0.5887911903435977,1.6543273459645862,1.0252494024294643,1.6540477839187389,-0.5741341145676334,-0.4547059725262559,-0.5752448420670209,0.3701233691059725,-0.09356000542389915,0.3723146642118752,-0.7293856220540164,0.6144976056216563,-0.7353997046529958,-0.4314073441609629
0.15082397497956587,-0.5127797575784685,3.074882430400277,-0.6152155523078459,-0.5887911903435977,-0.8540096361897949,0.2755881491491391,-0.8541760871130385,-0.3522623860020007,-0.5547180278645117,-0.3515065092945587,0.8125910163559057,1.1832160718698967,0.8127721188360015,0.9472205164246843,-1.0295070271804874,0.9425418474577696,1.1062022541453564
-1.4798402765932435,-0.6795015220289611,-0.3252156863343304,-0.6152155523078459,-0.5887911903435977,0.3090637113682157,-0.5740279379018963,0.3095445263350236,0.8046401986616537,1.1454869128858376,0.804474876696495,-1.147480597479772,0.26393729621836365,-1.1492656335805602,-2.2276294053754078,1.0254987638221924,-2.2283713218854087,-1.2002121433141226
1.3550068069102559,-0.5127797575784685,-0.3252156863343304,-0.6152155523078459,-0.5887911903435977,0.1949647437280313,1.1252042362001744,0.19479626119502916,1.9932387445489699,-0.20467583418061627,1.9930847695501988,0.28203026286616667,1.744997545879167,0.2833333602474056,-0.8007305641169394,-0.6185058689799514,-0.8014603956809784,-0.4314073441609629
-1.9063216962353629,-0.6795015220289611,-0.3252156863343304,-0.6152155523078459,-0.5887911903435977,1.5678329672696065,-1.0238246898700913,1.5674453196621392,1.5950582316767186,-1.7048566642544538,1.5945508642992507,-0.688996021822601,-1.0128387810754322,-0.6910119181635404,-0.6580406799910925,-0.20750471077941549,-0.6561268754194162,-0.4314073441609629
0.3264339713027915,1.7498727599639314,-0.3252156863343304,1.6254465548679973,1.6068223588768862,0.48757338654721394,-1.0738021067554464,0.4870795780610537,1.1750867454632004,-0.4547059725262559,1.1750414903508852,1.8236596220627674,-0.8596256518001767,1.8227099188327351,0.4121334509527587,0.6144976056216563,0.4140563192339066,-0.4314073441609629
-0.17530887533499598,1.7498727599639314,-0.3252156863343304,-0.6152155523078459,-0.5887911903435977,0.26489636905588604,-1.9234181938064818,0.2651607634035165,0.525319540378134,-2.304928996283989,0.5248019607309169,-0.20248182145276464,0.774647727135882,-0.2016147463589555,1.8033598211797655,-0.20750471077941549,1.801330830821547,-0.4314073441609629
1.1793968105870303,-0.5127797575784685,-0.3252156863343304,1.6254465548679973,0.9481382941107411,1.5310268486759986,1.7249332388244347,1.5306392723530837,-1.0139155765459402,-0.20467583418061627,-1.0133990770797587,-1.201537730854198,0.468221468585371,-1.2026544159592423,-0.7650580930854779,-0.20750471077941549,-0.7618239810641889,-0.4314073441609629
-1.0784459992830135,1.7498727599639314,-0.3252156863343304,-0.6152155523078459,-0.5887911903435977,1.1666462745992805,0.22561073226378406,1.166908922475364,0.6085214385902464,0.3953964978489188,0.6087038355205908,-0.3926828462887088,1.030002942594641,-0.3929245498825657,-0.872075506179863,-0.20750471077941549,-0.8675210867089616,0.3373974549921968
-0.5014417256495578,1.7498727599639314,3.074882430400277,-0.6152155523078459,-0.5887911903435977,1.3046692193253102,-0.7739376054433164,1.3043903344827168,-0.2532125071780577,-2.5049531069605004,-0.2536209887066066,-1.6059651731369424,1.5917844166039112,-1.6075193489975805,-0.872075506179863,0.20349644742112044,-0.8675210867089616,-0.4314073441609629
1.3048325222464772,-0.5127797575784685,-0.3252156863343304,1.6254465548679973,1.0213254124180906,-0.22094439637973878,0.17563331537842902,-0.22089556723665085,0.9135950653679911,-0.4547059725262559,0.9140134354496793,0.06780384541936658,0.8767898133193857,0.06977823073267757,-0.979092919274248,2.6695033966243362,-0.9732181923537343,-0.4314073441609629
-0.32583172932633225,-0.6795015220289611,-0.3252156863343304,-0.6152155523078459,-0.5887911903435977,-0.6902224084482399,0.3255655660344941,-0.6907139358287059,1.2226306872986925,-0.8047481662101513,1.2216536430118146,-1.2275652395159589,-0.04248896233214733,-1.2293488071485834,-0.05160867245624374,0.20349644742112044,-0.04836851796197371,-0.4314073441609629
-1.454753134261354,-0.5127797575784685,3.074882430400277,-0.6152155523078459,-0.5887911903435977,1.321231972692434,0.22561073226378406,1.3217108273340363,0.24005588936517858,0.1953723871724071,0.24046782949924675,-0.8551716540476888,-1.676762341268206,-0.8556273304978098,-0.33698844070793704,-0.20750471077941549,-0.33903555848509864,-1.2002121433141226
-0.651964579640894,-0.5127797575784685,-0.3252156863343304,-0.6152155523078459,-0.5887911903435977,0.19864535558739188,-0.47407310413118625,0.19912638440785904,-0.4414072769435495,-1.2548024152323025,-0.4424002069833715,-0.7630743157060738,0.6725056409523783,-0.7621969613351164,1.0185654584876076,0.20349644742112044,1.0218146766913492,-0.4314073441609629
-0.2756574446625535,-0.5127797575784685,-0.3252156863343304,-0.6152155523078459,-0.5887911903435977,0.39003717227415324,-0.4240956872458312,0.38965180577237885,-0.7207279352270686,-0.4547059725262559,-0.7197425153159024,0.9707581843773752,-0.09356000542389915,0.9729384659720479,-0.479678324833784,1.0254987638221924,-0.48436907874666085,-0.4314073441609629
-0.5265288679814473,1.7498727599639314,-0.3252156863343304,-0.6152155523078459,-0.5887911903435977,-0.5503591577925294,1.1252042362001744,-0.5499849314117312,1.4979893504292547,-1.2548024152323025,1.498995951344345,0.81859736450862,-1.2681939965341913,0.817221184034225,0.2337710957954502,1.0254987638221924,0.22908638435555437,0.3373974549921968
-1.2289688532743497,1.7498727599639314,-0.3252156863343304,1.6254465548679973,0.9481382941107411,0.2943412639307723,0.9252945686587544,0.29438909509011935,-1.8716875271612865,-0.2546818618497442,-1.8710626860408632,-0.8631801182513076,-0.2978441777909065,-0.8645254608942566,-1.7638872819664058,-0.6185058689799514,-1.7659464846895288,0.3373974549921968
-0.5265288679814473,-0.5127797575784685,-0.3252156863343304,-0.6152155523078459,-0.5887911903435977,0.32930707659469993,-0.8738924392140264,0.32903008079275936,-0.7167659400741111,-0.7047361108718955,-0.7174119076828559,-2.132521694524872,-0.09356000542389915,-2.132509042387953,-1.3714901006203266,0.6144976056216563,-1.3695823385216315,-0.4314073441609629
0.7278282486130215,-0.6795015220289611,-0.3252156863343304,1.6254465548679973,0.8017640574960422,-0.4933096739724372,-0.6739827716726063,-0.4936933296449412,0.24797987967109356,-0.054657751173232495,0.24745965239838644,0.09583347013203215,0.7235766840441301,0.09647262192201876,0.1980986247639886,0.6144976056216563,0.20266210794436118,0.3373974549921968
0.37660825596657027,-0.5127797575784685,-0.3252156863343304,-0.6152155523078459,-0.5887911903435977,1.2181748406303319,-1.3736666080675766,1.2177878702261162,0.7808682277439071,-0.6547300832027676,0.7811688003660299,-0.8371526095895472,-0.5531993932496656,-0.8378310697049158,-0.479678324833784,0.20349644742112044,-0.48436907874666085,1.1062022541453564
0.627479679285464,-0.5127797575784685,-0.3252156863343304,1.6254465548679973,1.6800094771842358,1.808913044057739,-0.6240053547872513,1.8088496887774113,1.0403789102626377,-1.754862691923582,1.039866247634189,0.45421224324396864,0.7235766840441301,0.45239783777989806,-0.5510232668967078,-0.20750471077941549,-0.5504297697746435,-1.2002121433141226
1.4051810915740346,1.7498727599639314,-0.3252156863343304,1.6254465548679973,1.6068223588768862,0.2685769809152472,0.3255655660344941,0.2684083558131391,0.8422791526147516,0.3953964978489188,0.8417645988252387,2.4363071336395974,0.7235766840441301,2.4366809161875778,-1.121782803400095,0.20349644742112044,-1.1185517126152964,-0.4314073441609629
-0.9279231452916772,-0.6795015220289611,-0.3252156863343304,-0.6152155523078459,-0.5887911903435977,-0.6294923127687866,0.7753623180026893,-0.6290096800458788,0.5490915112958806,0.49540855318717464,0.548108037061382,1.4592745007981156,-0.451057307066162,1.457886572578409,-0.479678324833784,1.4364999220227281,-0.48436907874666085,-0.4314073441609629
-0.07496030600743848,-0.5127797575784685,-0.3252156863343304,-0.6152155523078459,-0.5887911903435977,0.7636192759992735,-1.0238246898700913,0.7631249328789667,0.2559038699770091,0.1953723871724071,0.25678208293057214,1.8276638541645767,-0.5531993932496656,1.8271589840309592,0.5904958061100672,-0.6185058689799514,0.585814115906662,1.8750070532985164
-2.0066702655629203,1.7498727599639314,-0.3252156863343304,-0.6152155523078459,-0.5887911903435977,0.8335509013271287,0.4754978166905591,0.833489435087454,0.8620891283795402,0.5454145808563026,0.862740067522657,0.4141699222258751,-0.3489152208826583,0.41235625099588663,0.1624261537325264,-0.20750471077941549,0.16302569332757172,-1.2002121433141226
0.6023925369535746,-0.6795015220289611,-0.3252156863343304,-0.6152155523078459,-0.5887911903435977,0.5998320482577186,-0.5740279379018963,0.5996627815946344,0.2915618263536288,1.3455110235623493,0.291741197426269,-0.27455799928533287,-1.370336082717695,-0.2727997895305315,0.3764609799212971,-1.0295070271804874,0.37441990461711655,0.3373974549921968
-0.32583172932633225,-0.6795015220289611,-0.3252156863343304,-0.6152155523078459,-0.5887911903435977,-0.4822678383943549,-0.32414085347512117,-0.4817854908096584,1.0106639466154548,0.895456774540198,1.009568348404585,-0.36665533762694835,-0.04248896233214733,-0.3662301586932253,-0.622368208959631,0.6144976056216563,-0.6164904608026267,-0.4314073441609629
-0.9530102876235665,1.7498727599639314,-0.3252156863343304,-0.6152155523078459,-0.5887911903435977,-0.8613708599085165,1.0752268193148193,-0.8617538027354911,-2.648238577141,-1.9048807749309655,-2.647155027845341,-0.8031166367241673,1.081073985686393,-0.8022385481191278,-0.12295361451916689,-1.0295070271804874,-0.12764134719555323,1.1062022541453564
0.6023925369535746,-0.5127797575784685,-0.3252156863343304,-0.6152155523078459,-0.5887911903435977,0.8317105953974485,0.07567848160771899,0.8313243734810387,-1.126832438405235,-0.6547300832027676,-1.1275988510990362,-0.032301957125867205,0.26393729621836365,-0.03255026882646305,-0.8007305641169394,-1.0295070271804874,-0.8014603956809784,-1.2002121433141226
0.6776539639492427,-0.6795015220289611,-0.3252156863343304,1.6254465548679973,1.899570832106284,-0.6883821025185591,-1.3736666080675766,-0.6885488742222909,-0.11652367440101627,-1.054778304555791,-0.11611513835686478,0.7765529274396219,-0.9617677379836803,0.7771795972502135,2.0530671183999973,0.6144976056216563,2.0523614567278825,-0.4314073441609629
0.2511725443071234,-0.5127797575784685,-0.3252156863343304,-0.6152155523078459,-0.5887911903435977,-0.12708879396603812,-2.123327861347902,-0.12671538735759863,-0.34830039084904324,0.3953964978489188,-0.34917590166151224,-0.835150493538642,0.21286625312661184,-0.833382004506692,-0.8364030351484011,-0.6185058689799514,-0.8410968102977684,1.8750070532985164
-2.207367404218035,-0.5127797575784685,-0.3252156863343304,-0.6152155523078459,-0.5887911903435977,-0.6736596550811162,1.9248429063658548,-0.6733934429773862,0.7709632398615127,-0.6047240555336396,0.7718463698338442,0.4241805024803985,1.1832160718698967,0.42570344659055764,-1.121782803400095,0.20349644742112044,-1.1185517126152964,0.3373974549921968
-0.4010931563220003,-0.6795015220289611,-0.3252156863343304,1.6254465548679973,1.3872610039548379,0.3072234054385354,1.9248429063658548,0.30737946472860905,1.5891152389472816,-0.5047120001953838,1.5898896490331578,-2.226621148917392,-1.2681939965341913,-2.225939411550647,1.26827275570784,-0.20750471077941549,1.272845302597684,-0.4314073441609629
0.7027411062811321,-0.5127797575784685,-0.3252156863343304,1.6254465548679973,1.8263837137989347,-1.1061315485560095,0.17563331537842902,-1.1064057642603862,1.545533292264747,-0.6047240555336396,1.5456081040052752,1.259062895707648,3.838910312640992,1.2576786386583512,-1.5498524557776352,-1.0295070271804874,-1.5545522733999833,0.3373974549921968
0.00030112098822963846,-0.6795015220289611,-0.3252156863343304,1.6254465548679973,0.5822027025739938,-1.1190136900637722,0.5754526504612691,-1.119396133898876,0.5471105137194019,-0.15466980651148834,0.548108037061382,-0.4086997746959464,0.5703635547688747,-0.4107208106754601,-0.7293856220540164,0.20349644742112044,-0.7353997046529958,0.3373974549921968
1.3299196645783664,-0.5127797575784685,-0.3252156863343304,-0.6152155523078459,-0.5887911903435977,0.21520810895451556,-0.3741182703604762,0.2153643464559714,0.0934620687057428,0.9454628022093259,0.09363954861731881,0.1038419343356504,1.081073985686393,0.10537075231846557,-0.015936201424782154,-0.6185058689799514,-0.02194424155078053,1.1062022541453564
0.6525668216173534,1.7498727599639314,-0.3252156863343304,-0.6152155523078459,-0.5887911903435977,1.1059161789198277,0.3255655660344941,1.1062871974957444,-1.4220010773005853,1.0454748575475818,-1.4212554128628925,0.9887772288355173,0.5192925116771229,0.9907347267649416,0.3764609799212971,0.20349644742112044,0.37441990461711655,-0.4314073441609629
-0.10004744833932785,-0.5127797575784685,-0.3252156863343304,1.6254465548679973,2.5582548968724295,-1.0785269596108036,0.22561073226378406,-1.0782599633769911,1.1790487406161578,0.7454386915328143,1.179702705616978,0.4381953148367316,0.008582080759604505,0.4390506421852278,-0.6937131510225542,0.20349644742112044,-0.6957632900362056,1.1062022541453564
-1.6052759882526904,-0.5127797575784685,-0.3252156863343304,-0.6152155523078459,-0.5887911903435977,0.7599386641399128,1.2751364868562394,0.7598773404693441,0.07563309051743294,0.49540855318717464,0.07499468755294655,-1.65201384230775,-0.09356000542389915,-1.6520100009798158,-1.22880021649448,-0.6185058689799514,-1.2242488182600688,1.8750070532985164
-1.053358856951124,1.7498727599639314,-0.3252156863343304,-0.6152155523078459,-0.5887911903435977,0.1839229081499485,-0.024276352162991052,0.183970953162954,-1.679530762242837,1.6455471895771168,-1.6799528601310518,0.40215722592044717,0.774647727135882,0.4034581205994398,-1.0147653903057097,-0.20750471077941549,-1.0128546069705238,-1.2002121433141226
0.10064969031578713,-0.6795015220289611,-0.3252156863343304,-0.6152155523078459,-0.5887911903435977,-0.3203209165824798,-0.07425376904834607,-0.32048840113174104,0.23411289663574175,-0.2546818618497442,0.23347600660010703,0.2840323789170712,0.7235766840441301,0.2833333602474056,0.3051160378583733,1.4364999220227281,0.3083592135891339,1.8750070532985164
0.5020439676260171,-0.6795015220289611,-0.3252156863343304,-0.6152155523078459,-0.5887911903435977,0.03301782191615618,1.0252494024294643,0.033499171517111424,0.3509917536479946,-0.10466377884236042,0.35000638825243097,-0.7790912441133114,0.16179521003486,-0.7799932221280104,-0.622368208959631,0.20349644742112044,-0.6164904608026267,-0.4314073441609629
-0.37600601399011097,-0.6795015220289611,-0.3252156863343304,-0.6152155523078459,-0.5887911903435977,-0.14549185326284209,0.2755881491491391,-0.14511841101212594,2.001162734854885,-2.804989272975268,2.0000765924493384,-1.2235610074141492,0.41715042549361914,-1.22489974195036,-0.1942985565820907,0.20349644742112044,-0.19370203822353588,-0.4314073441609629
-0.2756574446625535,-0.6795015220289611,-0.3252156863343304,-0.6152155523078459,-0.5887911903435977,-0.40129437748841734,-1.4236440249529316,-0.40167821137230353,0.6600273755786967,-0.35469391718800003,0.6599772034476131,0.18993292452455168,-0.7064125225249211,0.1899029910847118,0.697513219204452,0.20349644742112044,0.6915112215514346,0.3373974549921968
-1.5049274189251327,-0.5127797575784685,-0.3252156863343304,-0.6152155523078459,-0.5887911903435977,0.555664705945389,0.22561073226378406,0.5552790186631265,-1.5606709076541054,0.24537841484153503,-1.5610918708456816,1.0648576387698947,0.21286625312661184,1.066368835134741,-0.2299710276135523,-0.20750471077941549,-0.23333845284032595,-0.4314073441609629
0.9285253872681365,1.7498727599639314,-0.3252156863343304,-0.6152155523078459,-0.5887911903435977,0.4820524687581731,-0.22418601970441113,0.4816669240450165,1.117637815745314,-0.3046878895188721,1.1167762995247232,0.16991176401550492,-1.8810465136352132,0.16765766509359478,0.6618407481729904,1.4364999220227281,0.6650869451402415,-1.2002121433141226
-0.22548315999877472,-0.5127797575784685,-0.3252156863343304,-0.6152155523078459,-0.5887911903435977,0.32194585287597827,0.6254300673466242,0.32145236517030684,0.8244501744264423,0.7954447192019422,0.8254503453939133,-0.17044796463828993,-1.2171229534424395,-0.17047128997139088,0.2694435668269118,0.20349644742112044,0.2687227989723444,0.3373974549921968
-0.6770517219727835,-0.6795015220289611,-0.3252156863343304,-0.6152155523078459,-0.5887911903435977,-0.41601682492586073,-0.27416343658976616,-0.41575111181400093,0.24599888209461482,-3.2050374943282915,0.24512904476533962,1.599422624361443,-1.1660519103506877,1.6002566589215603,-0.9434204482427865,-0.6185058689799514,-0.9467939159425411,0.3373974549921968
-0.42618029865388973,1.7498727599639314,-0.3252156863343304,1.6254465548679973,2.48506777856508,-0.2651117386920679,-0.17420860281905612,-0.26527933016815836,0.45202263004841636,0.895456774540198,0.45255312410647636,1.2070078783841272,-1.4214071258094467,1.208738921477893,-0.9434204482427865,1.0254987638221924,-0.9467939159425411,1.1062022541453564
-0.30074458699444284,-0.5127797575784685,-0.3252156863343304,1.6254465548679973,1.7531965954915851,0.555664705945389,0.6254300673466242,0.5552790186631265,0.9730249926623569,0.1953723871724071,0.9722786262758413,0.47423340375301537,-0.39998626397441017,0.47464316377101584,-0.5510232668967078,1.0254987638221924,-0.5504297697746435,-0.4314073441609629
-0.20039601766688536,-0.6795015220289611,-0.3252156863343304,-0.6152155523078459,-0.5887911903435977,-0.5025112036208391,-1.3236891911822215,-0.502353576070601,1.4643123916291143,-0.6047240555336396,1.464036836848648,1.0348258980063245,1.030002942594641,1.0352253787471764,-1.3001451585574035,0.20349644742112044,-1.3035216474936484,1.1062022541453564
0.426782540630349,-0.6795015220289611,-0.3252156863343304,-0.6152155523078459,-0.5887911903435977,0.17656168443122733,0.9252945686587544,0.17639323754050146,0.6501223876963024,0.5954206085254304,0.6506547729154274,1.4092215995254986,0.21286625312661184,1.40894685539795,-0.08728114348770531,-1.4405081853810233,-0.08800493257876318,0.3373974549921968
1.3048325222464772,1.7498727599639314,-0.3252156863343304,-0.6152155523078459,-0.5887911903435977,-1.0527626765952778,2.2247074076779847,-1.0522792241000112,1.438559423134889,0.1453663595032792,1.4384001528851371,-0.05432523368581852,-1.4724781689011985,-0.05479559481758006,-0.8007305641169394,-0.6185058689799514,-0.8014603956809784,0.3373974549921968
1.9069239382118222,-0.5127797575784685,-0.3252156863343304,-0.6152155523078459,-0.5887911903435977,1.5899166384257721,-0.47407310413118625,1.5901784665294967,0.4856995888485568,-1.054778304555791,0.4851816309691272,0.48424398400753876,-2.1364017290939725,0.48354129416746267,-0.479678324833784,1.4364999220227281,-0.48436907874666085,1.1062022541453564
-0.25057030233066413,-0.6795015220289611,-0.3252156863343304,-0.6152155523078459,-0.5887911903435977,-0.8282453531742697,0.7753623180026893,-0.8281953478360587,1.8743788899602383,-0.10466377884236042,1.8742237802648287,-0.10037390285662628,1.081073985686393,-0.09928624679981488,-1.3001451585574035,0.20349644742112044,-1.3035216474936484,0.3373974549921968
-0.978097429955456,-0.6795015220289611,-0.3252156863343304,-0.6152155523078459,-0.5887911903435977,0.04774026935359957,0.025701064722363966,0.04757207195880882,2.526127092621783,-0.35469391718800003,2.526793917517842,0.8906735423411881,1.5917844166039112,0.8928552924040243,0.3407885088898349,-1.4405081853810233,0.3347834900003271,0.3373974549921968
0.226085401975234,-0.5127797575784685,-0.3252156863343304,-0.6152155523078459,-0.5887911903435977,-0.022191355974255717,1.1751816530855295,-0.021709899446470865,-1.0654215135343905,2.04559541093014,-1.0646724450067813,0.3320831641387835,0.11072416694310817,0.3322730774278638,-0.12295361451916689,1.0254987638221924,-0.12764134719555323,-0.4314073441609629
-1.5801888459208009,-0.6795015220289611,-0.3252156863343304,1.6254465548679973,2.0459450687209833,-1.183424397602586,-0.1242311859337011,-1.1832654512881184,-0.6830889812739708,-0.8547541938792792,-0.6824527931871587,-0.3166024363543315,-1.063909824167184,-0.3172904415127663,1.7676873501483032,0.6144976056216563,1.7616944162047568,0.3373974549921968
0.9536125296000258,-0.5127797575784685,-0.3252156863343304,1.6254465548679973,0.8749511758033917,0.6421590846403674,0.025701064722363966,0.6418814829197261,0.6818183489199641,1.595541161907989,0.6809526721450314,-0.755065851502455,1.642855459695663,-0.7532988309386692,1.6249974660224569,3.0805045548248717,1.6295730341487915,-1.2002121433141226
-0.8526617182960091,-0.5127797575784685,-0.3252156863343304,-0.6152155523078459,-0.5887911903435977,-1.2993636711724512,0.8253397348880442,-1.299096247231321,0.331181777883206,1.1954929405549655,0.33136152718805956,-0.24252414247085816,2.1024948475214296,-0.2416563331429669,0.9115480453932228,0.6144976056216563,0.9161175710465763,-1.2002121433141226
-0.576703152645226,1.7498727599639314,-0.3252156863343304,-0.6152155523078459,-0.5887911903435977,0.1949647437280313,-0.6240053547872513,0.19479626119502916,-0.12246666713045307,-0.5547180278645117,-0.12310696125600366,1.1209168881952258,0.468221468585371,1.1197576175134225,0.5191508640471435,0.20349644742112044,0.5197534248786793,0.3373974549921968
1.8065753688842645,-0.5127797575784685,-0.3252156863343304,-0.6152155523078459,-0.5887911903435977,0.21520810895451556,0.6754074842319793,0.2153643464559714,-0.6375260370149567,1.8955773279227563,-0.6381712481592757,-1.8261979387364566,-0.04248896233214733,-1.825523543710532,0.01973626960668006,-0.6185058689799514,0.017692173066008943,-0.4314073441609629
0.4016953982984596,-0.6795015220289611,-0.3252156863343304,1.6254465548679973,0.4358284659592948,-1.8312120848500857,-0.9738472729847364,-1.8317014024094112,0.36287773910686766,0.1453663595032792,0.3639900340507104,-1.559916503966135,0.11072416694310817,-1.5585796318171223,-0.5866957379281693,-1.0295070271804874,-0.5900661843914335,-0.4314073441609629
-0.8275745759641198,-0.5127797575784685,-0.3252156863343304,-0.6152155523078459,-0.5887911903435977,-1.5754095606245107,-0.3741182703604762,-1.5751416020492337,-1.0515545304990386,-1.004772276886663,-1.0506887992085023,0.2600069863062153,-0.757483565616673,0.2610880342562878,-0.05160867245624374,-1.0295070271804874,-0.04836851796197371,-1.2002121433141226
-0.6770517219727835,1.7498727599639314,3.074882430400277,-0.6152155523078459,-0.5887911903435977,-0.9920325809158248,0.12565589849307401,-0.991657499120391,0.13902501296475625,-0.20467583418061627,0.1379210936452014,0.13787790720103021,2.204636933704933,0.13651420870603018,1.3752901688022245,-0.20750471077941549,1.3785424082424567,-0.4314073441609629
0.9285253872681365,-0.5127797575784685,-0.3252156863343304,-0.6152155523078459,-0.5887911903435977,1.312030443044032,0.9252945686587544,1.3119680501051691,-2.1688371636331154,-0.20467583418061627,-2.1693804630708122,-1.1675017579888187,-0.6553414794331693,-1.1670618943734543,1.26827275570784,-0.6185058689799514,1.272845302597684,1.1062022541453564
0.828176817940579,-0.5127797575784685,-0.3252156863343304,-0.6152155523078459,-0.5887911903435977,-3.1635935779386926,-0.7239601885579613,-3.163214290354636,-0.5800771072970696,-0.004651723504104576,-0.5799060573331137,-0.2805643474380471,-1.0128387810754322,-0.2816979199269783,0.9472205164246843,-1.0295070271804874,0.9425418474577696,0.3373974549921968
-0.7021388643046729,-0.5127797575784685,-0.3252156863343304,-0.6152155523078459,-0.5887911903435977,0.06798363458008383,-1.0238246898700913,0.06814015721975146,0.8185071816970055,0.7454386915328143,0.8184585224947736,0.017750944146749686,0.008582080759604505,0.01638944835399595,-0.979092919274248,-0.6185058689799514,-0.9732181923537343,1.8750070532985164
0.5773053946216853,-0.5127797575784685,-0.3252156863343304,-0.6152155523078459,-0.5887911903435977,-0.3884122359806548,0.17563331537842902,-0.38868784173381343,0.20835992814151635,-1.1547903598940468,0.2078393226365959,-0.4247167031031835,0.21286625312661184,-0.4240680062701303,-0.015936201424782154,1.4364999220227281,-0.02194424155078053,1.1062022541453564
0.050475405652008386,1.7498727599639314,-0.3252156863343304,-0.6152155523078459,-0.5887911903435977,0.20600657930611357,-1.9234181938064818,0.2056215692271043,0.5134335549192609,-2.354935023953117,0.5131489225656851,0.5923582507563914,-0.19570209160740282,0.5903188589248266,-0.872075506179863,-0.6185058689799514,-0.8675210867089616,0.3373974549921968
0.17591111731145526,-0.5127797575784685,-0.3252156863343304,1.6254465548679973,2.4118806602577303,-0.1491724651222032,0.4754978166905591,-0.14944853422495585,-1.2793692517941075,-1.104784332224919,-1.2790883472470573,-0.34262994501609195,0.16179521003486,-0.3439848327021075,0.1980986247639886,1.0254987638221924,0.20266210794436118,-1.2002121433141226
0.7278282486130215,-0.6795015220289611,-0.3252156863343304,-0.6152155523078459,-0.5887911903435977,1.6948140764175545,1.4250687375123046,1.6951839544406242,0.72341929802602,1.3955170512314772,0.722903609539868,0.19193504057545624,-0.451057307066162,0.1899029910847118,-0.5510232668967078,-1.0295070271804874,-0.5504297697746435,1.8750070532985164
-0.42618029865388973,-0.6795015220289611,-0.3252156863343304,-0.6152155523078459,-0.5887911903435977,-0.37184948261353107,1.2251590699708845,-0.37136734888249345,0.9195380580974273,-0.5047120001953838,0.9186746507157721,-0.2525347227253815,-0.9106966948919285,-0.2505544635394137,-1.086110332368633,-0.20750471077941549,-1.0921274362041034,0.3373974549921968
-0.5516160103133366,1.7498727599639314,-0.3252156863343304,-0.6152155523078459,-0.5887911903435977,0.7580983582102326,0.3255655660344941,0.7577122788629287,-0.1680296113894671,-0.15466980651148834,-0.16738850628388705,-0.7911039404187394,-1.319265039625943,-0.7888913525244572,0.697513219204452,-1.0295070271804874,0.6915112215514346,-0.4314073441609629
-2.458238827536929,-0.5127797575784685,-0.3252156863343304,1.6254465548679973,2.0459450687209833,-1.1337361375012154,0.8253397348880442,-1.1334690343405738,0.41240267851883916,1.2454989682240936,0.4129327943446858,-1.934312205485309,-0.5531993932496656,-1.932301108467896,0.5904958061100672,0.6144976056216563,0.585814115906662,0.3373974549921968
-0.30074458699444284,-0.5127797575784685,-0.3252156863343304,-0.6152155523078459,-0.5887911903435977,-1.7925656603267974,-1.1737569405261565,-1.7927302934939413,-0.6632790055091822,-1.004772276886663,-0.6638079321227868,-0.11639083126386392,-1.5235492119929503,-0.11708250759270927,-1.086110332368633,-0.20750471077941549,-1.0921274362041034,-0.4314073441609629
-1.931408838567252,1.7498727599639314,-0.3252156863343304,-0.6152155523078459,-0.5887911903435977,1.1648059686696002,-0.47407310413118625,1.1647438608689493,-0.3324524102372121,-1.1547903598940468,-0.3328616482301868,-0.3246109005579497,0.468221468585371,-0.3261885719092139,1.8033598211797655,0.6144976056216563,1.801330830821547,-1.2002121433141226
-0.5265288679814473,-0.5127797575784685,-0.3252156863343304,1.6254465548679973,2.192319305335682,1.0470263891700546,-1.5735762756089966,1.0467480033193315,-0.06303673983608726,-1.604844608916198,-0.06251116279679567,0.1799223442700283,0.11072416694310817,0.181004860688265,-0.26564349864501385,2.2585022384238003,-0.2597627292515191,0.3373974549921968
0.5020439676260171,1.7498727599639314,-0.3252156863343304,1.6254465548679973,1.9727579504136337,0.2593754512668452,-1.9234181938064818,0.25974810938747933,-0.06105574225960852,-0.15466980651148834,-0.060180555163748824,0.3661191370041634,-0.24677313469915466,0.36786559901365184,-1.5498524557776352,-0.20750471077941549,-1.5545522733999833,-1.2002121433141226
-1.2289688532743497,-0.5127797575784685,-0.3252156863343304,-0.6152155523078459,-0.5887911903435977,-0.2614311268327073,-1.1237795236408015,-0.26094920695532847,0.09544306628222154,-0.5547180278645117,0.09597015625036483,0.2620091023571199,1.2342871149616486,0.2610880342562878,0.697513219204452,0.6144976056216563,0.6915112215514346,-1.2002121433141226
-1.2289688532743497,-0.6795015220289611,-0.3252156863343304,-0.6152155523078459,-0.5887911903435977,0.686326426952697,0.17563331537842902,0.686265245851234,-0.9584476444045319,-0.8547541938792792,-0.9574644938866436,-1.3256689260102876,0.468221468585371,-1.3272282415095003,0.5548233350786057,-0.20750471077941549,0.5593898394954687,0.3373974549921968
0.5020439676260171,-0.5127797575784685,-0.3252156863343304,1.6254465548679973,2.4118806602577303,0.6587218380074911,-0.27416343658976616,0.6592019757710466,0.8145451865440481,-0.40469994485712796,0.8137973072286807,-1.071400187545394,0.41715042549361914,-1.0736315252107609,-0.2299710276135523,-0.6185058689799514,-0.23333845284032595,-0.4314073441609629
1.430268233905924,-0.6795015220289611,-0.3252156863343304,-0.6152155523078459,-0.5887911903435977,0.555664705945389,0.5754526504612691,0.5552790186631265,0.4084406833658817,-0.9047602215484072,0.40827157907859296,0.18993292452455168,-0.3489152208826583,0.1899029910847118,-0.7293856220540164,-0.6185058689799514,-0.7353997046529958,-0.4314073441609629
-1.0784459992830135,-0.6795015220289611,-0.3252156863343304,1.6254465548679973,0.8749511758033917,0.27225759277460776,0.4754978166905591,0.27273847902596904,0.2578848675534879,-0.5547180278645117,0.25678208293057214,0.7224957940651953,-0.39998626397441017,0.7237908148715319,-0.26564349864501385,-1.0295070271804874,-0.2597627292515191,-0.4314073441609629
1.7313139418885966,-0.5127797575784685,-0.3252156863343304,-0.6152155523078459,-0.5887911903435977,1.9506166006431294,-2.823011697742872,1.950661223997594,-0.6573360127797453,2.195613493937524,-0.6568161092236475,1.1909909499768896,-0.14463104851565098,1.1909426606849987,-0.5510232668967078,-0.20750471077941549,-0.5504297697746435,-0.4314073441609629
1.028873956595694,-0.5127797575784685,-0.3252156863343304,1.6254465548679973,1.3140738856474885,0.7507371344915109,-0.32414085347512117,0.7512170940436842,0.768982242285034,1.2955049958932214,0.7695157622007973,1.0768703350753233,0.468221468585371,1.0752669655311877,-1.5498524557776352,1.847501080223264,-1.5545522733999833,0.3373974549921968
0.5773053946216853,-0.5127797575784685,-0.3252156863343304,-0.6152155523078459,-0.5887911903435977,0.2630560631262058,0.12565589849307401,0.26299570179710113,0.7986972059322169,0.7954447192019422,0.7998136614304013,0.5403032334328699,2.7153473646224517,0.5413791417443684,0.5904958061100672,0.20349644742112044,0.585814115906662,-1.2002121433141226
0.8783511026043578,-0.6795015220289611,3.074882430400277,-0.6152155523078459,-0.5887911903435977,0.36611319518830787,-0.5740279379018963,0.365836128101814,0.2123219232944744,-0.20467583418061627,0.21250053790268877,-2.564978761520282,-0.8085546087084248,-2.5640683666156323,0.2694435668269118,-0.20750471077941549,0.2687227989723444,1.1062022541453564
-1.1035331416149028,-0.5127797575784685,-0.3252156863343304,1.6254465548679973,1.5336352405695368,1.8438788567216662,1.0252494024294643,1.8434906744800514,0.4440986397425008,0.4454025255180467,0.4432306935742906,1.0248153177518011,-0.2978441777909065,1.0263272483507295,0.982892987456146,-1.0295070271804874,0.982178262074559,-0.4314073441609629
-0.8024874336322303,-0.5127797575784685,-0.3252156863343304,-0.6152155523078459,-0.5887911903435977,-0.4785872265349943,0.4255203998052041,-0.47853789840003613,-0.13237165501284737,0.24537841484153503,-0.13242939178819021,1.1129084239916076,0.7235766840441301,1.1108594871169757,1.3752901688022245,0.6144976056216563,1.3785424082424567,-0.4314073441609629
0.30134682897090215,1.7498727599639314,-0.3252156863343304,-0.6152155523078459,-0.5887911903435977,-0.9386637089550935,-0.024276352162991052,-0.9386134897632237,0.5233385428016553,-1.654850636585326,0.5224713530978708,-0.44874209571403995,1.7960685889709187,-0.45076239745947155,-0.37266091173939925,-0.20750471077941549,-0.3786719731018881,0.3373974549921968
-1.2791431379381284,-0.5127797575784685,-0.3252156863343304,-0.6152155523078459,-0.5887911903435977,-0.41601682492586073,-0.5240505210165413,-0.41575111181400093,0.4480606348954589,-1.4048204982396864,0.4478919088403835,-0.3826722660341854,0.5703635547688747,-0.38402641948611893,-1.4785075137147121,-1.0295070271804874,-1.475279444166404,-0.4314073441609629
1.6058782302291497,1.7498727599639314,-0.3252156863343304,-0.6152155523078459,-0.5887911903435977,0.5464631762969869,-1.6735311093797067,0.5466187722374667,1.4484644110172833,-0.5547180278645117,1.4477225834173226,-1.0073324739164446,-0.6042704363414175,-1.0068955472374086,0.9115480453932228,-1.4405081853810233,0.9161175710465763,-1.2002121433141226
-0.8777488606278985,-0.6795015220289611,-0.3252156863343304,1.6254465548679973,1.7531965954915851,0.14895709548602137,0.8253397348880442,0.14932996746031396,-1.4041720991122755,-0.5047120001953838,-1.4049411594315675,-1.365711247028381,0.6725056409523783,-1.3672698282935116,0.6261682771415289,-0.6185058689799514,0.625450530523452,0.3373974549921968
0.9034382449362471,1.7498727599639314,-0.3252156863343304,-0.6152155523078459,-0.5887911903435977,1.1482432153024764,0.8753171517733993,1.148505898820836,-0.19180158230721317,-0.35469391718800003,-0.19069458261435218,0.36211490490235365,-2.544970073827987,0.36341653381542843,1.5893249949909947,-1.0295070271804874,1.5899366195320022,1.1062022541453564
-0.4010931563220003,-0.5127797575784685,3.074882430400277,-0.6152155523078459,-0.5887911903435977,0.32194585287597827,-0.17420860281905612,0.32145236517030684,0.21826491602391065,0.7454386915328143,0.21716175316878164,0.19193504057545624,1.6939265027874149,0.1899029910847118,-0.6937131510225542,-0.20750471077941549,-0.6957632900362056,1.8750070532985164
0.426782540630349,-0.6795015220289611,-0.3252156863343304,-0.6152155523078459,-0.5887911903435977,-0.4583438613085095,-1.4736214418382867,-0.4579698131390935,0.8581271332265827,-1.3548144705705585,0.8580788522565633,-0.819133565131405,-0.9617677379836803,-0.8200348089120217,0.9115480453932228,-0.20750471077941549,0.9161175710465763,-1.2002121433141226
-0.47635458331766845,-0.5127797575784685,-0.3252156863343304,-0.6152155523078459,-0.5887911903435977,1.6046390858632145,-0.8738924392140264,1.6042513669711937,0.5748444797901054,-1.3048084429014306,0.5737447210248932,1.0248153177518011,-0.04248896233214733,1.0263272483507295,0.2694435668269118,0.6144976056216563,0.2687227989723444,1.1062022541453564
0.5522182522897958,-0.5127797575784685,3.074882430400277,-0.6152155523078459,-0.5887911903435977,-0.997553498704866,0.2755881491491391,-0.9970701531364285,-1.4220010773005853,-0.20467583418061627,-1.4212554128628925,1.0288195498536108,1.4896423304204076,1.030776313548953,-1.4071625716517886,0.6144976056216563,-1.409218753138421,1.8750070532985164
-0.7774002913003409,-0.6795015220289611,-0.3252156863343304,-0.6152155523078459,-0.5887911903435977,0.3477101358915039,0.5254752335759142,0.3474331044472863,0.2618468627064459,0.7454386915328143,0.261443298196665,-0.5868881032264627,0.26393729621836365,-0.5886834186043998,0.1267536827010648,0.6144976056216563,0.12338927871078165,0.3373974549921968
-0.024786021343659734,-0.5127797575784685,-0.3252156863343304,-0.6152155523078459,-0.5887911903435977,-0.8944963666427639,0.3755429829198491,-0.8942297268317162,-0.4849892236260847,-0.9547662492175351,-0.48435114437820803,-2.218612684713773,-0.9617677379836803,-2.2170412811541995,-2.120611992281023,-0.20750471077941549,-2.1226742162406365,-0.4314073441609629
-0.20039601766688536,1.7498727599639314,-0.3252156863343304,-0.6152155523078459,-0.5887911903435977,0.20232596744675246,0.6754074842319793,0.20237397681748168,0.3470297584950366,0.5454145808563026,0.347675780619385,-1.4197683804028076,1.081073985686393,-1.4206586106721937,-0.7650580930854779,-0.6185058689799514,-0.7618239810641889,1.1062022541453564
-0.8024874336322303,1.7498727599639314,-0.3252156863343304,-0.6152155523078459,-0.5887911903435977,0.28329942835269,-0.47407310413118625,0.2835637870580442,1.2048017091103833,-2.154910913276605,1.2053393895804891,0.06580172936846201,-0.5021283501579138,0.06532916553445416,0.4121334509527587,0.20349644742112044,0.4140563192339066,-1.2002121433141226
-0.47635458331766845,-0.5127797575784685,-0.3252156863343304,1.6254465548679973,1.8263837137989347,-0.7711958693541769,-0.27416343658976616,-0.7708212152660611,0.6897423392258796,1.3955170512314772,0.6902751026772171,1.3531623501001686,-1.5235492119929503,1.351109007821045,0.2694435668269118,0.6144976056216563,0.2687227989723444,0.3373974549921968
-0.04987316367554911,-0.6795015220289611,-0.3252156863343304,-0.6152155523078459,-0.5887911903435977,-2.2986497909889065,-0.4240956872458312,-2.2982721785918434,-0.548381146073408,0.1453663595032792,-0.5472775504704629,-0.10838236706024511,1.2853581580534004,-0.10818437719626246,-0.979092919274248,-0.6185058689799514,-0.9732181923537343,-0.4314073441609629
3.562675332116521,1.7498727599639314,-0.3252156863343304,-0.6152155523078459,-0.5887911903435977,-1.549645277608985,-0.4240956872458312,-1.5491608627722537,-0.7326139206859422,-1.8548747472618377,-0.7337261611141813,1.2750798241148857,0.9278608564111375,1.2754748994512455,-1.3001451585574035,0.6144976056216563,-1.3035216474936484,0.3373974549921968
0.27625968663901274,1.7498727599639314,-0.3252156863343304,-0.6152155523078459,-0.5887911903435977,0.17840199036090762,-0.8738924392140264,0.1785582991469168,0.36287773910686766,-0.5547180278645117,0.3639900340507104,-0.650955816855412,0.8257187702276338,-0.650970331379529,-1.121782803400095,1.4364999220227281,-1.1185517126152964,1.1062022541453564
-0.17530887533499598,1.7498727599639314,3.074882430400277,-0.6152155523078459,-0.5887911903435977,1.1684865805289608,0.4255203998052041,1.167991453278572,-1.0634405159579117,-0.6047240555336396,-1.062341837373735,-2.1145026500667297,-0.04248896233214733,-2.1147127815950593,-1.086110332368633,-0.20750471077941549,-1.0921274362041034,1.8750070532985164
-0.8777488606278985,1.7498727599639314,-0.3252156863343304,-0.6152155523078459,-0.5887911903435977,0.39739839599287496,-0.27416343658976616,0.39722952139483136,-0.9485426565221375,-1.7048566642544538,-0.9481420633544574,0.6544238483344362,0.059653123851356335,0.6526057716999558,-0.979092919274248,-0.20750471077941549,-0.9732181923537343,-0.4314073441609629
-0.8526617182960091,-0.5127797575784685,-0.3252156863343304,1.6254465548679973,1.899570832106284,-0.3313627521605626,0.6754074842319793,-0.3313137091638162,0.1370440153882775,0.7454386915328143,0.1379210936452014,0.1038419343356504,0.7235766840441301,0.10537075231846557,-0.37266091173939925,-0.20750471077941549,-0.3786719731018881,-1.2002121433141226
0.226085401975234,-0.5127797575784685,-0.3252156863343304,-0.6152155523078459,-0.5887911903435977,1.1556044390211981,0.4754978166905591,1.1560836144432887,-0.7603478867566458,1.9955893832610123,-0.7593628450776925,-0.32861513265975945,-0.7064125225249211,-0.3306376371074373,-0.872075506179863,-0.6185058689799514,-0.8675210867089616,1.8750070532985164
-0.651964579640894,1.7498727599639314,-0.3252156863343304,-0.6152155523078459,-0.5887911903435977,0.5464631762969869,1.6249784050537246,0.5466187722374667,0.21430292087095315,1.0454748575475818,0.21483114553573562,1.815651157859148,1.1832160718698967,1.8138117884362883,-1.086110332368633,-0.20750471077941549,-1.0921274362041034,-0.4314073441609629
-0.04987316367554911,1.7498727599639314,-0.3252156863343304,-0.6152155523078459,-0.5887911903435977,-0.6883821025185591,-0.5740279379018963,-0.6885488742222909,0.07563309051743294,-0.2546818618497442,0.07499468755294655,0.051786917012128945,0.7235766840441301,0.051981969939783955,-0.40833338277086084,-1.4405081853810233,-0.4050962495130813,-1.2002121433141226
-0.6017902949771153,-0.6795015220289611,-0.3252156863343304,-0.6152155523078459,-0.5887911903435977,0.9255661978111486,-0.6739827716726063,0.9255045533600916,-1.9311174544556524,1.8955773279227563,-1.9316584845000717,2.184040511225609,1.8471396320626705,2.1830841998888384,0.3764609799212971,-0.6185058689799514,0.37441990461711655,0.3373974549921968
-0.651964579640894,-0.6795015220289611,3.074882430400277,-0.6152155523078459,-0.5887911903435977,0.5814289889609147,-1.9733956106918369,0.5812597579401066,-1.8835735126201598,0.9454628022093259,-1.8827157242060955,-0.4927886488339426,-1.8810465136352132,-0.4908039842434829,-0.1942985565820907,-0.20750471077941549,-0.19370203822353588,1.8750070532985164
-0.576703152645226,-0.6795015220289611,-0.3252156863343304,-0.6152155523078459,-0.5887911903435977,-1.9269079931934663,0.7753623180026893,-1.926964113091671,0.951234019321089,-0.6547300832027676,0.951303157578423,-0.490786532783038,-0.8596256518001767,-0.4908039842434829,-0.26564349864501385,0.6144976056216563,-0.2597627292515191,1.1062022541453564
-0.5265288679814473,1.7498727599639314,3.074882430400277,1.6254465548679973,1.6068223588768862,0.08270608201752669,1.5750009881683695,0.08221305766144885,-0.6573360127797453,0.4454025255180467,-0.6568161092236475,0.24599217394988282,0.7235766840441301,0.24774083866161759,-0.08728114348770531,2.2585022384238003,-0.08800493257876318,-1.2002121433141226
-0.1502217330031066,-0.5127797575784685,-0.3252156863343304,-0.6152155523078459,-0.5887911903435977,0.9237258918814683,0.7753623180026893,0.9233394917536764,0.034032141411377,0.49540855318717464,0.033043750158109994,-0.582883871124653,0.26393729621836365,-0.5842343534061764,1.410962639833686,0.6144976056216563,1.40496668465365,-0.4314073441609629
0.226085401975234,-0.5127797575784685,-0.3252156863343304,1.6254465548679973,2.192319305335682,1.041505471381014,0.07567848160771899,1.0413353493032942,-0.09473270105974892,0.5954206085254304,-0.09513966965944651,-0.34062782896518734,-0.9106966948919285,-0.3395357675038841,-0.1942985565820907,0.6144976056216563,-0.19370203822353588,-0.4314073441609629
0.226085401975234,1.7498727599639314,-0.3252156863343304,-0.6152155523078459,-0.5887911903435977,-1.4778733463514495,-1.9234181938064818,-1.4777138297605588,1.4722363819350295,-0.7047361108718955,1.4733592673808338,0.23197736159354976,-0.2978441777909065,0.2299445778687232,2.3027744156202288,-0.6185058689799514,2.3033920826342165,0.3373974549921968
0.627479679285464,-0.5127797575784685,-0.3252156863343304,-0.6152155523078459,-0.5887911903435977,-2.236079389379773,-0.32414085347512117,-2.2365679228090163,-1.2278633148056572,0.895456774540198,-1.227814979320035,-1.2756160247376707,-0.451057307066162,-1.2738394591308182,0.5904958061100672,-1.4405081853810233,0.585814115906662,2.643811852451676
-1.6805374152483585,-0.6795015220289611,-0.3252156863343304,-0.6152155523078459,-0.5887911903435977,0.01645506854903251,-1.7734859431504169,0.016178678665791407,1.5792102510648873,-0.054657751173232495,1.5782366108679253,1.839676550470004,0.26393729621836365,1.8405061796256295,-1.8709046950607908,-0.6185058689799514,-1.8716435903343012,-0.4314073441609629
-0.17530887533499598,-0.6795015220289611,-0.3252156863343304,-0.6152155523078459,-0.5887911903435977,0.5022958339846574,0.4255203998052041,0.5022350093059588,-0.659317010356224,-1.004772276886663,-0.659146716856694,0.7545296508796699,0.8767898133193857,0.7549342712590965,-2.727043999815872,0.6144976056216563,-2.7304325736980783,-0.4314073441609629
1.4553553762378133,-0.5127797575784685,-0.3252156863343304,-0.6152155523078459,-0.5887911903435977,1.7684263136047704,0.12565589849307401,1.7687960490587342,-0.22151654595439607,0.3953964978489188,-0.22099248184395617,0.4682270556003017,-0.3489152208826583,0.47019409857279243,-1.0147653903057097,0.20349644742112044,-1.0128546069705238,0.3373974549921968
0.8783511026043578,-0.5127797575784685,-0.3252156863343304,-0.6152155523078459,-0.5887911903435977,1.3377947260595575,-1.3236891911822215,1.3379487893821487,-0.6494120224738298,-0.9547662492175351,-0.6498242863245083,0.9567433720210426,0.5192925116771229,0.9551422051791535,0.1624261537325264,-0.6185058689799514,0.16302569332757172,0.3373974549921968
1.4804425185697028,-0.6795015220289611,-0.3252156863343304,-0.6152155523078459,-0.5887911903435977,-0.23750714974686193,0.4255203998052041,-0.23713352928476358,0.6996473271082739,0.8454507468710701,0.6995975332094028,2.1439981902075154,-1.1660519103506877,2.1430426131048272,-0.33698844070793704,-1.4405081853810233,-0.33903555848509864,-0.4314073441609629
1.8065753688842645,1.7498727599639314,-0.3252156863343304,-0.6152155523078459,-0.5887911903435977,-1.2938427533834098,0.12565589849307401,-1.2936835932152835,-1.9687564084087508,0.5454145808563026,-1.9689482066288153,-0.6649706292117445,0.3150083393101155,-0.6643175269741992,-0.872075506179863,1.0254987638221924,-0.8675210867089616,-0.4314073441609629
1.2044839529189195,-0.6795015220289611,-0.3252156863343304,-0.6152155523078459,-0.5887911903435977,-2.03548604304461,0.8253397348880442,-2.035217193412421,-1.2754072566411494,-0.004651723504104576,-1.2744271319809646,-0.37666591788147175,-2.3917569445527316,-0.3751282890896721,-1.4071625716517886,-0.6185058689799514,-1.409218753138421,-0.4314073441609629
0.37660825596657027,-0.6795015220289611,-0.3252156863343304,-0.6152155523078459,-0.5887911903435977,-0.21910409045005796,0.9252945686587544,-0.2187305056302359,-1.1624903947818546,1.1454869128858376,-1.1625579655947333,-0.19647547330005094,1.4385712873286558,-0.19716568116073208,-1.0504378613371714,-0.20750471077941549,-1.0524910215873136,0.3373974549921968
-0.8526617182960091,1.7498727599639314,-0.3252156863343304,-0.6152155523078459,-0.5887911903435977,2.405172165274187,-0.17420860281905612,2.4053241613447445,-2.658143565023394,1.1454869128858376,-2.6588080660105726,0.9207052831047583,-0.04248896233214733,0.9195496835933655,-0.37266091173939925,2.2585022384238003,-0.3786719731018881,1.8750070532985164
0.5522182522897958,-0.6795015220289611,-0.3252156863343304,-0.6152155523078459,-0.5887911903435977,-1.2018274568993899,-0.47407310413118625,-1.201668474942646,0.3153337972713749,1.1454869128858376,0.31504727375673414,1.0027920411918498,0.11072416694310817,1.0040819223596118,0.2694435668269118,-0.6185058689799514,0.2687227989723444,-1.2002121433141226
1.7814882265523753,-0.6795015220289611,-0.3252156863343304,-0.6152155523078459,-0.5887911903435977,0.5943111304686772,1.0252494024294643,0.5942501275785964,-3.357435709520432,0.7454386915328143,-3.3579903559245166,1.8576955949281466,-1.1149808672589359,1.858302440418523,0.840203103330299,2.2585022384238003,0.8368447418129968,1.1062022541453564
1.0037868142638047,-0.5127797575784685,-0.3252156863343304,-0.6152155523078459,-0.5887911903435977,0.6881667328823773,0.4754978166905591,0.6884303074576487,0.8086021938146112,0.5454145808563026,0.8091360919625878,1.0608534066680855,0.16179521003486,1.0619197699365175,0.6261682771415289,0.6144976056216563,0.625450530523452,-1.2002121433141226
0.7529153909449109,-0.5127797575784685,-0.3252156863343304,1.6254465548679973,1.4604481222621875,1.2862661600285064,-0.6739827716726063,1.285987310828189,0.525319540378134,1.8955773279227563,0.5248019607309169,0.7885656237450498,-0.39998626397441017,0.7905267928448845,-0.9434204482427865,-0.6185058689799514,-0.9467939159425411,1.1062022541453564
-0.30074458699444284,1.7498727599639314,-0.3252156863343304,-0.6152155523078459,-0.5887911903435977,-0.9294621793066915,-1.4736214418382867,-0.9299532433375635,0.2658088578594034,-1.604844608916198,0.2661045134627579,0.2880366110188809,0.008582080759604505,0.287782425445629,0.01973626960668006,-0.20750471077941549,0.017692173066008943,2.643811852451676
-0.42618029865388973,-0.6795015220289611,-0.3252156863343304,-0.6152155523078459,-0.5887911903435977,-0.6055683356829412,1.6249784050537246,-0.6051940023753135,-0.5741341145676334,-1.3548144705705585,-0.5752448420670209,0.6804513569961972,-1.5746202550847024,0.6793001628892971,-0.12295361451916689,-0.6185058689799514,-0.12764134719555323,-0.4314073441609629
-1.0031845722873454,-0.5127797575784685,3.074882430400277,1.6254465548679973,1.5336352405695368,-0.9478652386034955,0.9252945686587544,-0.9483562669920912,-0.5741341145676334,-0.8547541938792792,-0.5752448420670209,1.0087983893445642,0.7235766840441301,1.0085309875578352,0.5191508640471435,0.6144976056216563,0.5197534248786793,1.1062022541453564
0.4016953982984596,-0.5127797575784685,-0.3252156863343304,-0.6152155523078459,-0.5887911903435977,-0.200701031153254,1.8248880725951446,-0.2003274819757086,0.8066211962381324,0.34539047017979085,0.806805484329541,0.08582288987750877,0.3150083393101155,0.08757449152557197,1.8747047632426885,-0.20750471077941549,1.880603660055127,-1.2002121433141226
-0.7272260066365622,-0.5127797575784685,-0.3252156863343304,-0.6152155523078459,-0.5887911903435977,-1.2993636711724512,-0.17420860281905612,-1.299096247231321,-1.6834927573957947,-0.20467583418061627,-1.6846140753971448,1.9077484962007636,-0.8085546087084248,1.9072421575989822,-0.6937131510225542,0.6144976056216563,-0.6957632900362056,-1.2002121433141226
-1.2540559956062391,-0.6795015220289611,-0.3252156863343304,-0.6152155523078459,-0.5887911903435977,0.9697335401234782,0.4255203998052041,0.9698883162915988,-0.263117495060452,-0.2546818618497442,-0.2629434192387927,0.6143815273163427,0.3660793824018673,0.6125641849159444,-0.40833338277086084,-0.6185058689799514,-0.4050962495130813,-0.4314073441609629
0.5773053946216853,-0.5127797575784685,-0.3252156863343304,-0.6152155523078459,-0.5887911903435977,-0.0258719678336163,0.07567848160771899,-0.02604002265930116,0.6798373513434853,0.9954688298784539,0.6809526721450314,0.7845613916432401,0.9789318995028893,0.7860777276466603,0.2337710957954502,-1.4405081853810233,0.22908638435555437,1.1062022541453564
1.9570982228756009,-0.6795015220289611,-0.3252156863343304,-0.6152155523078459,-0.5887911903435977,1.0083799646467664,1.6749558219390797,1.0088594252070688,-0.722708932803548,-0.3046878895188721,-0.7220731229489488,-0.18246066094371788,-1.4214071258094467,-0.18381848556606187,-1.4785075137147121,-0.20750471077941549,-1.475279444166404,-0.4314073441609629
0.35152111363468086,1.7498727599639314,-0.3252156863343304,1.6254465548679973,0.4358284659592948,0.23177086232163924,-0.7239601885579613,0.23160230850408375,-2.218362103045087,-0.5047120001953838,-2.2183232233647887,0.5783434384000589,1.030002942594641,0.5769716633301565,0.09108121166960323,-0.6185058689799514,0.09696500229958847,0.3373974549921968
1.104135383591362,-0.5127797575784685,-0.3252156863343304,-0.6152155523078459,-0.5887911903435977,-0.07187961607562622,-0.5740279379018963,-0.07150631639401596,1.4583693988996775,0.9454628022093259,1.4593756215825553,0.5222841889747277,-1.5746202550847024,0.5235828809514741,0.7688581612673758,-0.20750471077941549,0.7707840507850142,-0.4314073441609629
-0.4010931563220003,-0.5127797575784685,-0.3252156863343304,-0.6152155523078459,-0.5887911903435977,-1.5275616064528201,-0.17420860281905612,-1.5275102467081034,-0.13633365016580487,-0.2546818618497442,-0.13709060705428305,-0.5768775229719393,-0.6042704363414175,-0.5753362230097292,-0.1942985565820907,-0.6185058689799514,-0.19370203822353588,0.3373974549921968
0.4518696829622384,-0.5127797575784685,-0.3252156863343304,-0.6152155523078459,-0.5887911903435977,-0.05347655677882225,-0.5240505210165413,-0.05310329273948866,0.4757946009661625,-0.9547662492175351,0.47585920043694147,0.08181865777569908,-1.1660519103506877,0.08312542632734857,-0.979092919274248,4.31350802942648,-0.9732181923537343,-0.4314073441609629
-1.329317422601907,-0.5127797575784685,-0.3252156863343304,1.6254465548679973,1.3872610039548379,-0.7104657736747242,0.4255203998052041,-0.7101994902864412,0.4757946009661625,-0.3046878895188721,0.47585920043694147,-0.5248225056484173,1.1321450287781447,-0.5263965058292709,1.0542379295190691,-1.0295070271804874,1.0482389531025422,-0.4314073441609629
-0.17530887533499598,-0.6795015220289611,-0.3252156863343304,-0.6152155523078459,-0.5887911903435977,-0.10500512280987356,-0.7739376054433164,-0.10506477129344871,0.8006782035086957,0.6954326638636863,0.7998136614304013,0.14588637140464905,-0.2978441777909065,0.14541233910247697,-0.8364030351484011,-1.4405081853810233,-0.8410968102977684,-0.4314073441609629
0.20099825964334464,1.7498727599639314,-0.3252156863343304,-0.6152155523078459,-0.5887911903435977,-0.07924083979434791,1.2251590699708845,-0.07908403201646849,0.9908539708506662,-0.6547300832027676,0.9909234873402126,1.7776109528919597,-1.319265039625943,1.7782192668505004,-0.1586260855506285,1.847501080223264,-0.15406562360674642,-0.4314073441609629
-0.8024874336322303,-0.5127797575784685,-0.3252156863343304,-0.6152155523078459,-0.5887911903435977,0.8703570199207367,1.0752268193148193,0.8702954823965094,1.1493337769689749,0.5454145808563026,1.1494048063873732,-0.6169198439900329,-0.6553414794331693,-0.6153778097937409,-0.479678324833784,-1.4405081853810233,-0.48436907874666085,0.3373974549921968
0.37660825596657027,1.7498727599639314,-0.3252156863343304,-0.6152155523078459,-0.5887911903435977,0.912684056303386,-0.3741182703604762,0.9125141837216012,-0.3205664247783391,0.5454145808563026,-0.3212086100649547,-0.6469515847536029,-0.451057307066162,-0.6465212661813051,-0.5153507958652456,-0.6185058689799514,-0.510793355157854,0.3373974549921968
1.8818367958799327,-0.5127797575784685,-0.3252156863343304,-0.6152155523078459,-0.5887911903435977,-0.18781888964549143,2.524571908990115,-0.1873371123372185,-1.738960689537203,-0.8047481662101513,-1.7382180509572138,-2.881313097563221,-0.04248896233214733,-2.8799519956895008,-0.5510232668967078,-0.20750471077941549,-0.5504297697746435,-1.2002121433141226
-0.4010931563220003,-0.5127797575784685,-0.3252156863343304,-0.6152155523078459,-0.5887911903435977,-0.060837780497543945,1.0752268193148193,-0.06068100836194119,0.4797565961191205,1.1454869128858376,0.48052041570303433,0.38213606541140044,-2.544970073827987,0.3812127946083228,0.4478059219842203,-1.4405081853810233,0.4536927338506961,-0.4314073441609629
2.0825339345350478,-0.6795015220289611,-0.3252156863343304,1.6254465548679973,0.2894542293445959,0.378995336696071,-1.2237343574115116,0.3788264977403037,1.0483029005685531,0.24537841484153503,1.0491886781663746,-1.0253515183745863,-0.3489152208826583,-1.0246918080303027,-0.015936201424782154,0.20349644742112044,-0.02194424155078053,-1.2002121433141226
0.4518696829622384,-0.6795015220289611,-0.3252156863343304,1.6254465548679973,1.3140738856474885,-0.8779336132756402,-0.024276352162991052,-0.8779917647836034,-0.5424381533439712,1.0454748575475818,-0.54261633520437,0.05979538121574776,0.41715042549361914,0.06088010033623076,0.4834783930156819,0.20349644742112044,0.48011701026188924,-0.4314073441609629
-0.32583172932633225,-0.5127797575784685,-0.3252156863343304,-0.6152155523078459,-0.5887911903435977,-0.12708879396603812,-0.9738472729847364,-0.12671538735759863,-0.14425764047172043,-0.5047120001953838,-0.14408242995342194,-2.220614800764678,0.3660793824018673,-2.221490346352423,0.9115480453932228,0.20349644742112044,0.9161175710465763,0.3373974549921968
0.07556254798389776,-0.5127797575784685,-0.3252156863343304,-0.6152155523078459,-0.5887911903435977,-0.7546331159870538,-0.024276352162991052,-0.7545832532179487,0.2915618263536288,-2.1049048856074775,0.291741197426269,-0.7250341107388849,-0.09356000542389915,-0.7266044397493284,-1.9065771660922524,-0.20750471077941549,-1.911280004951091,0.3373974549921968
1.1543096682551408,-0.6795015220289611,3.074882430400277,1.6254465548679973,1.9727579504136337,-0.408655601207139,0.4255203998052041,-0.4081733961915484,-0.21953554837791733,-1.654850636585326,-0.21866187421090932,0.5302926531783465,-1.2171229534424395,0.5324810113479217,0.3051160378583733,-1.0295070271804874,0.3083592135891339,1.1062022541453564
-1.6052759882526904,-0.5127797575784685,-0.3252156863343304,-0.6152155523078459,-0.5887911903435977,0.20968719116547416,-1.5735762756089966,0.2099516924399342,-1.416058084571149,0.6454266361945584,-1.4165941975967995,0.1398800232519348,0.8767898133193857,0.1409632739042536,0.9472205164246843,-1.4405081853810233,0.9425418474577696,-1.2002121433141226
-0.22548315999877472,-0.5127797575784685,-0.3252156863343304,-0.6152155523078459,-0.5887911903435977,0.3090637113682157,-0.9238698560993814,0.3095445263350236,-0.21161155807200177,-0.5547180278645117,-0.21167005131177044,-0.7470573872988368,-0.04248896233214733,-0.7488497657404458,0.1980986247639886,-1.0295070271804874,0.20266210794436118,0.3373974549921968
-0.5014417256495578,-0.6795015220289611,-0.3252156863343304,1.6254465548679973,2.7778162517944778,-0.20990256080165598,1.1751816530855295,-0.2100702592045761,1.3910154812993956,0.1453663595032792,1.3917880002242076,0.44019743088763613,-0.09356000542389915,0.4390506421852278,-1.2644726875259416,-1.0295070271804874,-1.2638852328768586,1.8750070532985164
-0.576703152645226,-0.5127797575784685,3.074882430400277,-0.6152155523078459,-0.5887911903435977,1.0507070010294157,2.024797740136565,1.0510781265321614,1.2800796170165802,0.04535430416502335,1.2799188338379766,-0.9632859207965414,-1.1660519103506877,-0.9624048952551735,-0.26564349864501385,-1.0295070271804874,-0.2597627292515191,-0.4314073441609629
-1.0282717146192346,-0.5127797575784685,3.074882430400277,-0.6152155523078459,-0.5887911903435977,0.4820524687581731,-0.17420860281905612,0.4816669240450165,1.5197803237705216,0.8454507468710701,1.5199714200417633,0.029763640452177626,2.000352761337926,0.029736643948666156,0.2694435668269118,-1.0295070271804874,0.2687227989723444,-1.2002121433141226
-1.655450272916469,-0.5127797575784685,-0.3252156863343304,-0.6152155523078459,-0.5887911903435977,-0.00930921446649315,-2.073350444462547,-0.009802060611188426,1.636659180782775,0.04535430416502335,1.6365018016940873,1.6995284269066766,-0.8596256518001767,1.6981360932824774,-1.5855249268090972,1.0254987638221924,-1.5809765498111765,0.3373974549921968
-0.10004744833932785,-0.5127797575784685,-0.3252156863343304,-0.6152155523078459,-0.5887911903435977,0.5427825644376258,1.6749558219390797,0.5422886490246368,-3.9755069533818364,-5.005254490416896,-3.9756013786818336,-0.502799229088466,-0.2978441777909065,-0.5041511798381535,0.5548233350786057,0.6144976056216563,0.5593898394954687,-0.4314073441609629
-0.4010931563220003,-0.6795015220289611,-0.3252156863343304,-0.6152155523078459,-0.5887911903435977,-0.9533861563925363,0.3255655660344941,-0.9537689210081287,1.3969584740288326,1.1954929405549655,1.3964492154903005,0.03376787255398675,-1.2171229534424395,0.03418570914688956,0.8045306322988374,0.20349644742112044,0.8104204654018037,-1.2002121433141226
1.1793968105870303,-0.5127797575784685,-0.3252156863343304,-0.6152155523078459,-0.5887911903435977,0.41028053750063753,0.07567848160771899,0.41021989103332185,0.8422791526147516,1.3955170512314772,0.8417645988252387,1.2170184586386505,-0.5021283501579138,1.2176370518743398,0.2337710957954502,-0.6185058689799514,0.22908638435555437,-0.4314073441609629
-0.2756574446625535,-0.5127797575784685,-0.3252156863343304,-0.6152155523078459,-0.5887911903435977,-2.6115017990345737,-1.0238246898700913,-2.6111235807188113,-0.8990177171101661,0.24537841484153503,-0.8991993030604816,-0.5108076932920848,0.5703635547688747,-0.5086002450363769,1.410962639833686,0.20349644742112044,1.40496668465365,1.1062022541453564
-0.9279231452916772,-0.5127797575784685,3.074882430400277,-0.6152155523078459,-0.5887911903435977,-0.6074086416126221,-0.8738924392140264,-0.6073590639817285,-1.0376875474636862,-0.4547059725262559,-1.0367051534102238,0.7625381150832888,-1.5746202550847024,0.7638324016555433,0.8045306322988374,-0.6185058689799514,0.8104204654018037,1.1062022541453564
1.4553553762378133,-0.5127797575784685,-0.3252156863343304,1.6254465548679973,0.8017640574960422,0.0808657760878464,-1.1237795236408015,0.08113052685824157,-0.12246666713045307,-1.4548265259088142,-0.12310696125600366,0.5022630284656809,0.059653123851356335,0.501337554960357,2.374119357683152,-0.6185058689799514,2.3694527736621995,-1.2002121433141226
-1.454753134261354,-0.5127797575784685,-0.3252156863343304,-0.6152155523078459,-0.5887911903435977,-2.8102548394400566,0.8253397348880442,-2.8103092485089913,-0.78808185282735,-0.15466980651148834,-0.7873301366742504,1.5814035799033013,-0.19570209160740282,1.5824603981286667,0.1624261537325264,-0.6185058689799514,0.16302569332757172,1.1062022541453564
0.47695682529412775,1.7498727599639314,-0.3252156863343304,1.6254465548679973,1.3872610039548379,-0.4822678383943549,-0.8239150223286714,-0.4817854908096584,-0.13237165501284737,-1.3548144705705585,-0.13242939178819021,1.1209168881952258,-0.2978441777909065,1.1197576175134225,-0.015936201424782154,1.0254987638221924,-0.02194424155078053,2.643811852451676
-0.04987316367554911,-0.5127797575784685,-0.3252156863343304,1.6254465548679973,2.48506777856508,0.667923367655893,1.2251590699708845,0.6678622221967064,0.6263504167785563,0.1953723871724071,0.6273486965849623,0.30004930732430884,0.008582080759604505,0.3011296210402992,-0.33698844070793704,-0.20750471077941549,-0.33903555848509864,0.3373974549921968
0.10064969031578713,1.7498727599639314,-0.3252156863343304,1.6254465548679973,0.5090155842666443,-1.6858279164053345,1.2251590699708845,-1.6855597439763985,-0.490932216355521,2.0956014385992683,-0.4913429672773478,1.3892004390164518,-0.757483565616673,1.3911505946050564,-0.1942985565820907,-1.4405081853810233,-0.19370203822353588,0.3373974549921968
0.15082397497956587,-0.5127797575784685,-0.3252156863343304,1.6254465548679973,2.192319305335682,0.45076726795360605,-2.173305278233257,0.4502735307519991,0.10336705658813711,-0.40469994485712796,0.10296197914950453,1.7215517034666286,-1.0128387810754322,1.7203814192735953,-0.6937131510225542,-0.20750471077941549,-0.6957632900362056,-1.2002121433141226
-1.2791431379381284,-0.5127797575784685,3.074882430400277,1.6254465548679973,1.3140738856474885,2.344442069594735,-0.32414085347512117,2.3447024363651243,1.7575000329479848,-1.104784332224919,1.757693398612505,-0.5128098093429894,0.468221468585371,-0.5130493102346003,-0.8007305641169394,-0.6185058689799514,-0.8014603956809784,-1.2002121433141226
-1.053358856951124,1.7498727599639314,-0.3252156863343304,1.6254465548679973,1.5336352405695368,-0.857690248049156,0.6754074842319793,-0.8574236795226612,0.4064596857894024,-0.9047602215484072,0.40594097144554697,-1.379726059384714,0.16179521003486,-1.3806170238881823,-1.22880021649448,-0.6185058689799514,-1.2242488182600688,-0.4314073441609629
-0.47635458331766845,1.7498727599639314,-0.3252156863343304,-0.6152155523078459,-0.5887911903435977,-0.6589372076436729,-1.9733956106918369,-0.6593205425356885,-0.11454267682453752,0.24537841484153503,-0.11378453072381794,-1.8201915905837427,-0.2978441777909065,-1.8210744785123085,0.3051160378583733,-1.0295070271804874,0.3083592135891339,-0.4314073441609629
-1.6303631305845796,-0.5127797575784685,-0.3252156863343304,-0.6152155523078459,-0.5887911903435977,-0.40681529527745874,0.8253397348880442,-0.4070908653883411,-0.3245284199312966,-2.1049048856074775,-0.32353921769800115,0.7985762039995732,-0.04248896233214733,0.7994249232413313,0.5904958061100672,-1.4405081853810233,0.585814115906662,-1.2002121433141226
-0.3509188716582216,-0.5127797575784685,-0.3252156863343304,-0.6152155523078459,-0.5887911903435977,0.34218921810246306,-1.0238246898700913,0.34202045043124907,-0.2710414853663676,-0.5547180278645117,-0.269935242137932,-1.3416858544175252,-0.19570209160740282,-1.340575437104171,2.267101944588768,-0.20750471077941549,2.263755668017428,0.3373974549921968
-0.32583172932633225,-0.5127797575784685,-0.3252156863343304,-0.6152155523078459,-0.5887911903435977,1.5659926613399269,1.1751816530855295,1.566362788858932,0.8858610992972868,0.5954206085254304,0.8860461438531213,-0.8011145206732627,0.774647727135882,-0.8022385481191278,1.6249974660224569,-1.0295070271804874,1.6295730341487915,-0.4314073441609629
-0.2756574446625535,-0.5127797575784685,-0.3252156863343304,-0.6152155523078459,-0.5887911903435977,-0.07003931014594593,0.5254752335759142,-0.07042378559080867,1.674298134735873,0.7454386915328143,1.673791523822831,-0.9953197776110161,1.1321450287781447,-0.993548351642738,0.982892987456146,1.0254987638221924,0.982178262074559,-0.4314073441609629
-0.3509188716582216,-0.6795015220289611,-0.3252156863343304,1.6254465548679973,1.4604481222621875,-0.5209142629176431,-0.27416343658976616,-0.5207565997251287,-0.956466646828053,-0.15466980651148834,-0.9574644938866436,0.9927814609373264,0.468221468585371,0.9907347267649416,-3.654528246633876,-1.8515093435815593,-3.655282248089839,-0.4314073441609629
-0.30074458699444284,-0.5127797575784685,-0.3252156863343304,-0.6152155523078459,-0.5887911903435977,2.6977808080933707,0.5754526504612691,2.697607478210769,-0.7048799546152381,0.49540855318717464,-0.7057588695176238,-0.7530637354515505,-0.14463104851565098,-0.7532988309386692,-0.979092919274248,-1.4405081853810233,-0.9732181923537343,-0.4314073441609629
-0.3509188716582216,-0.5127797575784685,-0.3252156863343304,1.6254465548679973,0.8017640574960422,-0.2559102090436659,1.0752268193148193,-0.2555365529392909,-0.2730224829428463,-0.5547180278645117,-0.27226584977097845,0.9847729967337077,-1.1149808672589359,0.9862856615667182,-3.654528246633876,-1.8515093435815593,-3.655282248089839,-0.4314073441609629
1.2546582375826985,-0.6795015220289611,-0.3252156863343304,-0.6152155523078459,-0.5887911903435977,-0.018510744114895134,0.7753623180026893,-0.018462307036848626,1.8109869675129149,1.8955773279227563,1.811297374172573,1.309115796980265,0.059653123851356335,1.3110674210370337,-0.1586260855506285,-0.20750471077941549,-0.15406562360674642,-1.2002121433141226
0.5522182522897958,-0.5127797575784685,-0.3252156863343304,1.6254465548679973,1.0213254124180906,0.32930707659469993,0.22561073226378406,0.32903008079275936,-2.390708892198748,-0.7047361108718955,-2.3907881882102275,-1.595954592882419,-0.9106966948919285,-1.5941721534029099,1.9103772342741503,3.0805045548248717,1.9070279364663196,0.3373974549921968
-1.4045788495975753,1.7498727599639314,-0.3252156863343304,-0.6152155523078459,-0.5887911903435977,-0.3663285648244897,-0.47407310413118625,-0.3659546948664559,-1.5903858713012884,-0.7047361108718955,-1.5913897700752855,-0.7510616194006459,-0.3489152208826583,-0.7488497657404458,0.1267536827010648,-0.6185058689799514,0.12338927871078165,0.3373974549921968
0.10064969031578713,1.7498727599639314,-0.3252156863343304,-0.6152155523078459,-0.5887911903435977,-0.9993938046345463,0.7753623180026893,-0.9992352147428435,1.2048017091103833,-0.2546818618497442,1.2053393895804891,0.8226015966104291,0.21286625312661184,0.8216702492324482,0.4121334509527587,1.847501080223264,0.4140563192339066,0.3373974549921968
0.12573683264767652,-0.5127797575784685,3.074882430400277,1.6254465548679973,1.3140738856474885,1.6672094874723487,0.5254752335759142,1.6670381535572294,0.2875998312006708,-0.5047120001953838,0.28707998216017616,1.0708639869226089,1.6939265027874149,1.0708179003329643,1.48230758189661,1.0254987638221924,1.4842395138872293,-0.4314073441609629
0.7529153909449109,-0.5127797575784685,-0.3252156863343304,-0.6152155523078459,-0.5887911903435977,0.5906305186093166,0.7253849011173342,0.5910025351689738,1.1849917333455946,0.09536033183415127,1.184363920883071,-1.1274594369707251,-0.19570209160740282,-1.127020307589443,0.1980986247639886,1.0254987638221924,0.20266210794436118,-1.2002121433141226
0.8030896756086896,-0.6795015220289611,-0.3252156863343304,-0.6152155523078459,-0.5887911903435977,1.7960309025499765,1.8748654894804997,1.7958593191389216,0.5490915112958806,0.8454507468710701,0.548108037061382,-1.6660286546640828,0.16179521003486,-1.665357196574486,0.9115480453932228,-0.20750471077941549,0.9161175710465763,0.3373974549921968
-0.32583172932633225,-0.6795015220289611,-0.3252156863343304,-0.6152155523078459,-0.5887911903435977,-2.1035773624427843,-0.17420860281905612,-2.1034166340144935,-0.6434690297443936,-1.2047963875631746,-0.6428324634253686,0.7104830977597674,0.6725056409523783,0.7104436192768608,1.26827275570784,-1.4405081853810233,1.272845302597684,0.3373974549921968
0.627479679285464,-0.6795015220289611,-0.3252156863343304,-0.6152155523078459,-0.5887911903435977,2.605765511609351,-0.07425376904834607,2.6055923599381314,-0.6494120224738298,-0.35469391718800003,-0.6498242863245083,-0.13841410782381525,0.3150083393101155,-0.13932783358382628,-0.8007305641169394,-0.20750471077941549,-0.8014603956809784,-0.4314073441609629
-1.5049274189251327,-0.6795015220289611,-0.3252156863343304,-0.6152155523078459,-0.5887911903435977,1.0691100603262198,-0.4240956872458312,1.069481150186689,0.45202263004841636,2.7456797982979313,0.45255312410647636,0.3380895122914978,-0.5021283501579138,0.33672214262608724,-0.015936201424782154,0.6144976056216563,-0.02194424155078053,0.3373974549921968
0.5522182522897958,1.7498727599639314,-0.3252156863343304,-0.6152155523078459,-0.5887911903435977,0.2630560631262058,0.8753171517733993,0.26299570179710113,0.8185071816970055,0.6954326638636863,0.8184585224947736,-1.0854149999017264,0.41715042549361914,-1.0869787208054313,0.6618407481729904,-0.20750471077941549,0.6650869451402415,-0.4314073441609629
0.27625968663901274,-0.5127797575784685,-0.3252156863343304,-0.6152155523078459,-0.5887911903435977,0.10478975317369175,0.6754074842319793,0.10494620452880644,-0.18387759200129764,0.9454628022093259,-0.18370275971521247,-1.1314636690725342,-1.1149808672589359,-1.1314693727876663,-0.08728114348770531,2.6695033966243362,-0.08800493257876318,0.3373974549921968
-0.7021388643046729,-0.6795015220289611,-0.3252156863343304,-0.6152155523078459,-0.5887911903435977,0.13975556583761942,0.8753171517733993,0.13958719023144647,0.7729442374379915,-0.5047120001953838,0.7718463698338442,-0.6609663971099354,0.41715042549361914,-0.6598684617759758,1.7320148791168417,-1.0295070271804874,1.7352701397935644,-0.4314073441609629
-0.12513459067121724,-0.5127797575784685,-0.3252156863343304,-0.6152155523078459,-0.5887911903435977,-1.5109988530856968,-0.1242311859337011,-1.511272284659991,-1.8855545101966387,0.895456774540198,-1.8850463318391417,0.3941487617168284,0.26393729621836365,0.39455999020299304,0.4834783930156819,1.847501080223264,0.48011701026188924,-0.4314073441609629
0.15082397497956587,1.7498727599639314,-0.3252156863343304,1.6254465548679973,1.6068223588768862,0.3532310536805453,-0.6739827716726063,0.3528457584633242,0.12515802992940445,-0.5047120001953838,0.12626805547996964,-0.8151293330295952,-1.2171229534424395,-0.815585743713798,0.840203103330299,-0.20750471077941549,0.8368447418129968,1.1062022541453564
-2.0066702655629203,-0.5127797575784685,-0.3252156863343304,-0.6152155523078459,-0.5887911903435977,-1.6030141495697166,-0.27416343658976616,-1.6032874029326285,-0.7682718770625614,-1.5048325535779423,-0.7686852756098786,1.6915199627030584,-1.1149808672589359,1.693687028084254,0.3764609799212971,-0.6185058689799514,0.37441990461711655,2.643811852451676
-0.37600601399011097,-0.6795015220289611,-0.3252156863343304,-0.6152155523078459,-0.5887911903435977,-0.5319560984957254,-0.7739376054433164,-0.5315819077572035,1.8862648754191107,-0.6047240555336396,1.8858768184300605,0.9347200954610908,0.21286625312661184,0.9328968791880358,0.8045306322988374,-1.4405081853810233,0.8104204654018037,-0.4314073441609629
1.9069239382118222,-0.6795015220289611,-0.3252156863343304,-0.6152155523078459,-0.5887911903435977,-1.744717706155107,-1.1737569405261565,-1.745098938152811,1.125561806051229,0.4454025255180467,1.126098730056909,0.19994350477907505,-1.7278333843599578,0.1988011214811594,-0.979092919274248,0.20349644742112044,-0.9732181923537343,0.3373974549921968
-0.6770517219727835,-0.5127797575784685,-0.3252156863343304,-0.6152155523078459,-0.5887911903435977,1.891726810893357,0.6754074842319793,1.8922045606243891,0.3807067172951775,-2.6049651622987566,0.3803042874820358,-0.6109134958373186,0.774647727135882,-0.6109287445955172,-0.30131596967647545,-0.20750471077941549,-0.29939914386830857,-0.4314073441609629
-2.307715973545593,-0.6795015220289611,-0.3252156863343304,1.6254465548679973,1.6800094771842358,0.2593754512668452,1.4750461543976596,0.25974810938747933,0.03799413656433449,-0.10466377884236042,0.03770496542420285,-0.18646489304552757,0.11072416694310817,-0.18826755076428528,1.0899104005505313,-1.0295070271804874,1.0878753677193318,-0.4314073441609629
1.1793968105870303,-0.5127797575784685,-0.3252156863343304,-0.6152155523078459,-0.5887911903435977,-1.7189534231395815,1.6749558219390797,-1.719118198875831,0.9096330702150329,-0.40469994485712796,0.9093522201835864,1.0228132017008966,-0.451057307066162,1.0218781831525061,0.3764609799212971,-0.20750471077941549,0.37441990461711655,-0.4314073441609629
-1.2540559956062391,1.7498727599639314,-0.3252156863343304,-0.6152155523078459,-0.5887911903435977,0.6458396964997285,-0.32414085347512117,0.6462116061325569,-1.0099535813929827,-2.1049048856074775,-1.0110684694467122,1.6594861058885833,-1.7278333843599578,1.658094506498466,-0.015936201424782154,0.20349644742112044,-0.02194424155078053,-1.2002121433141226
-1.4296659919294648,-0.5127797575784685,-0.3252156863343304,1.6254465548679973,1.899570832106284,0.7746611115773563,0.22561073226378406,0.7750327717142491,-0.7722338722155194,-0.7547421385410233,-0.7733464908759715,0.544307465534679,-1.932117556726965,0.5458282069425918,1.339617697770763,1.0254987638221924,1.3389059936256666,-1.2002121433141226
-0.9279231452916772,1.7498727599639314,-0.3252156863343304,-0.6152155523078459,-0.5887911903435977,0.7268131574056655,-1.3736666080675766,0.7263188855699113,-0.6672410006621396,-1.754862691923582,-0.6661385397558337,-0.7830954762151205,0.9789318995028893,-0.7844422873262338,-0.08728114348770531,0.20349644742112044,-0.08800493257876318,-0.4314073441609629
0.4518696829622384,-0.6795015220289611,-0.3252156863343304,-0.6152155523078459,-0.5887911903435977,1.9763808836586556,0.7253849011173342,1.9766419632745744,-0.8197778140510116,-0.054657751173232495,-0.8199586435369013,0.32607681598606986,-0.7064125225249211,0.3278240122296404,1.3039452267393015,-1.4405081853810233,1.299269579008877,0.3373974549921968
1.0539610989275834,-0.5127797575784685,-0.3252156863343304,-0.6152155523078459,-0.5887911903435977,0.5409422585079455,1.3251139037415944,0.5412061182214287,-1.8736685247377656,-1.004772276886663,-1.8733932936739097,-0.4187103549504698,-0.5021283501579138,-0.41961894107190695,1.339617697770763,0.6144976056216563,1.3389059936256666,-1.2002121433141226
0.6776539639492427,-0.5127797575784685,-0.3252156863343304,1.6254465548679973,1.240886767340139,1.5715135791289683,0.4754978166905591,1.571775442874969,-0.06501773741256602,-0.054657751173232495,-0.06484177042984168,0.884667194188474,-0.451057307066162,0.8839571620075775,-0.08728114348770531,-0.6185058689799514,-0.08800493257876318,-0.4314073441609629
-0.6770517219727835,-0.5127797575784685,-0.3252156863343304,-0.6152155523078459,-0.5887911903435977,-0.31295969286375863,0.07567848160771899,-0.3129106855092885,1.8090059699364356,0.24537841484153503,1.808966766539527,-0.3446320610669965,-1.0128387810754322,-0.3439848327021075,-0.5510232668967078,0.6144976056216563,-0.5504297697746435,-1.2002121433141226
-0.6770517219727835,-0.5127797575784685,-0.3252156863343304,-0.6152155523078459,-0.5887911903435977,-1.729995258717664,-0.8738924392140264,-1.729943506907906,0.9314240435563004,-1.654850636585326,0.9303276888810047,-1.1634975258870088,-0.757483565616673,-1.162612829175231,-0.05160867245624374,0.20349644742112044,-0.04836851796197371,0.3373974549921968
1.9069239382118222,-0.6795015220289611,-0.3252156863343304,-0.6152155523078459,-0.5887911903435977,0.8850794673581801,-0.9738472729847364,0.8854509136414137,-0.7702528746390401,-0.15466980651148834,-0.771015883242925,0.33008104808787897,0.3150083393101155,0.3278240122296404,-0.8007305641169394,0.20349644742112044,-0.8014603956809784,-0.4314073441609629
-0.04987316367554911,-0.5127797575784685,-0.3252156863343304,-0.6152155523078459,-0.5887911903435977,1.1298401560056726,-1.4236440249529316,1.1301028751663094,-0.8930747243807298,-0.10466377884236042,-0.8922074801613419,-0.24652837457266785,0.468221468585371,-0.2461053983411903,0.4834783930156819,2.2585022384238003,0.48011701026188924,-0.4314073441609629
-1.0282717146192346,-0.6795015220289611,-0.3252156863343304,-0.6152155523078459,-0.5887911903435977,2.0260691437600262,0.025701064722363966,2.0264383802221193,1.0879228520981303,0.7454386915328143,1.0888090079281652,0.8466269892212855,-1.2171229534424395,0.8483646404217895,0.5191508640471435,-0.20750471077941549,0.5197534248786793,0.3373974549921968
-0.7021388643046729,-0.6795015220289611,-0.3252156863343304,-0.6152155523078459,-0.5887911903435977,0.27777851056364916,0.5754526504612691,0.2781511330420062,-0.6632790055091822,-0.7547421385410233,-0.6638079321227868,-2.0063883833178777,-1.9831885998187169,-2.0079352168376956,0.1980986247639886,0.6144976056216563,0.20266210794436118,-0.4314073441609629
-0.5516160103133366,-0.5127797575784685,-0.3252156863343304,-0.6152155523078459,-0.5887911903435977,-0.8282453531742697,-0.1242311859337011,-0.8281953478360587,-0.2175545508014386,-1.604844608916198,-0.21866187421090932,0.4181741543276848,1.4385712873286558,0.4168053161941108,0.5548233350786057,0.20349644742112044,0.5593898394954687,0.3373974549921968
-0.9279231452916772,1.7498727599639314,-0.3252156863343304,-0.6152155523078459,-0.5887911903435977,0.6219157194138831,-0.3741182703604762,0.6223959284619912,-0.6751649909680552,0.6954326638636863,-0.6754609702880194,-1.5719292002715628,-1.1149808672589359,-1.5719268274117926,1.3752901688022245,-0.6185058689799514,1.3785424082424567,1.1062022541453564
0.9786996719319152,-0.5127797575784685,-0.3252156863343304,-0.6152155523078459,-0.5887911903435977,-1.0932494070482466,0.3755429829198491,-1.093415394621896,0.7868112204733438,-0.8047481662101513,0.7858300156321227,0.318068351782451,-1.319265039625943,0.3189258818331936,-0.9077479772113245,-0.6185058689799514,-0.9071575013257511,1.8750070532985164
-0.8024874336322303,1.7498727599639314,3.074882430400277,-0.6152155523078459,-0.5887911903435977,1.8420385507919863,-0.5240505210165413,1.842408143676844,0.951234019321089,-0.4547059725262559,0.951303157578423,-0.5908923353282718,0.9278608564111375,-0.5931324838026232,-0.6580406799910925,2.2585022384238003,-0.6561268754194162,0.3373974549921968
-0.32583172932633225,1.7498727599639314,-0.3252156863343304,-0.6152155523078459,-0.5887911903435977,-1.958193193998033,-0.7239601885579613,-1.9583575063846885,-0.7781768649449556,-0.9047602215484072,-0.7780077061420644,0.7825592755923355,-1.2171229534424395,0.7816286624484369,-0.7293856220540164,-0.6185058689799514,-0.7353997046529958,1.8750070532985164
0.2511725443071234,-0.5127797575784685,-0.3252156863343304,-0.6152155523078459,-0.5887911903435977,0.03853873970519758,0.8253397348880442,0.038911825533149,-0.8435497849687583,-0.4547059725262559,-0.843264719867366,1.315122145132979,1.1832160718698967,1.315516486235257,-0.1942985565820907,1.847501080223264,-0.19370203822353588,-1.2002121433141226
1.3550068069102559,-0.6795015220289611,-0.3252156863343304,1.6254465548679973,2.2655064236430316,0.06614332865040354,0.2755881491491391,0.0659750956133365,0.087519075976306,0.04535430416502335,0.08664772571817911,1.2650692438603623,-0.5021283501579138,1.266576769054798,-1.835232224029329,1.0254987638221924,-1.8320071757175116,-0.4314073441609629
0.17591111731145526,1.7498727599639314,-0.3252156863343304,-0.6152155523078459,-0.5887911903435977,1.2236957584193726,0.07567848160771899,1.2232005242421542,0.034032141411377,1.6955532172462449,0.033043750158109994,-0.4086997746959464,-0.24677313469915466,-0.4107208106754601,-0.30131596967647545,0.20349644742112044,-0.29939914386830857,-0.4314073441609629
-0.2756574446625535,-0.5127797575784685,-0.3252156863343304,-0.6152155523078459,-0.5887911903435977,1.2273763702787337,-0.8738924392140264,1.227530647454984,-0.799967838286223,-0.6047240555336396,-0.7989831748394826,-0.5928944513791764,-0.04248896233214733,-0.5931324838026232,-0.9434204482427865,1.0254987638221924,-0.9467939159425411,-0.4314073441609629
-0.024786021343659734,-0.5127797575784685,-0.3252156863343304,1.6254465548679973,1.8263837137989347,0.7176116277572635,0.17563331537842902,0.7176586391442515,-0.9049607098396029,2.195613493937524,-0.9038605183265744,-2.0324158919796385,0.8767898133193857,-2.0301805428288127,0.6618407481729904,-0.20750471077941549,0.6650869451402415,-0.4314073441609629
0.5271311099579065,-0.6795015220289611,-0.3252156863343304,1.6254465548679973,2.704629133487128,-0.5871652763861372,-0.7739376054433164,-0.5867909787207861,-1.055516525651996,-0.35469391718800003,-1.0553500144745955,0.05979538121574776,0.5192925116771229,0.06088010033623076,1.339617697770763,0.20349644742112044,1.3389059936256666,-0.4314073441609629
1.7814882265523753,-0.5127797575784685,-0.3252156863343304,-0.6152155523078459,-0.5887911903435977,-0.13260971175507952,-0.7739376054433164,-0.1321280413736362,1.0383979126861589,-1.4548265259088142,1.0375356400011428,0.42217838642949396,0.6725056409523783,0.42125438139233423,-1.5498524557776352,0.6144976056216563,-1.5545522733999833,-1.2002121433141226
0.7529153909449109,-0.6795015220289611,-0.3252156863343304,-0.6152155523078459,-0.5887911903435977,-1.5698886428354693,-1.0238246898700913,-1.569728948033196,0.285618833624192,0.04535430416502335,0.2847493745271301,-0.41670823889956526,0.41715042549361914,-0.41516987587368354,1.0185654584876076,1.847501080223264,1.0218146766913492,0.3373974549921968
0.00030112098822963846,-0.5127797575784685,-0.3252156863343304,-0.6152155523078459,-0.5887911903435977,1.4279697166138972,-0.8239150223286714,1.4277988460483717,-0.3146234320489023,0.7454386915328143,-0.31421678716581497,-1.8342064029400753,0.468221468585371,-1.8344216741069788,1.1612553426134544,1.0254987638221924,1.1671481969529112,-1.2002121433141226
0.07556254798389776,-0.6795015220289611,-0.3252156863343304,-0.6152155523078459,-0.5887911903435977,1.5402283783244006,0.025701064722363966,1.5403820495819518,0.6897423392258796,0.8454507468710701,0.6902751026772171,-1.972352410452498,2.3578500629801886,-1.9723426952519074,0.982892987456146,-0.20750471077941549,0.982178262074559,-1.2002121433141226
0.07556254798389776,-0.5127797575784685,-0.3252156863343304,-0.6152155523078459,-0.5887911903435977,-0.2853551039185527,0.4255203998052041,-0.285847415429101,-0.8970367195336872,-0.5047120001953838,-0.8968686954274347,-0.6329367723972699,0.8767898133193857,-0.633174070586635,0.1624261537325264,1.4364999220227281,0.16302569332757172,-0.4314073441609629
1.0790482412594726,1.7498727599639314,-0.3252156863343304,1.6254465548679973,2.192319305335682,-1.3748162142893474,-0.7239601885579613,-1.3748734034558459,-1.5626519052305845,1.1454869128858376,-1.5634224784787278,0.4201762703785894,1.1321450287781447,0.42125438139233423,-2.334646818469793,-0.20750471077941549,-2.3340684275301813,-1.2002121433141226
1.6560525148929284,-0.5127797575784685,-0.3252156863343304,-0.6152155523078459,-0.5887911903435977,-0.19333980743453283,1.1751816530855295,-0.19383229715646336,-0.5424381533439712,0.3953964978489188,-0.54261633520437,0.3200704678333556,-1.8299754705434614,0.3189258818331936,0.7688581612673758,-0.20750471077941549,0.7707840507850142,1.8750070532985164
-0.576703152645226,-0.6795015220289611,-0.3252156863343304,-0.6152155523078459,-0.5887911903435977,0.835391207256809,-1.6735311093797067,0.8356544966938694,-0.02935978103594687,1.3455110235623493,-0.029882655934144832,-0.5007971130375615,0.11072416694310817,-0.49970211463992975,1.5536525239595331,-1.0295070271804874,1.550300204915212,-1.2002121433141226
-1.655450272916469,-0.6795015220289611,-0.3252156863343304,-0.6152155523078459,-0.5887911903435977,-0.5595606874409313,0.6254300673466242,-0.5597277086405986,0.822469176849963,1.0954808852167097,0.8231197377608664,-0.5248225056484173,0.21286625312661184,-0.5263965058292709,-0.479678324833784,0.6144976056216563,-0.48436907874666085,0.3373974549921968
1.2797453799145877,1.7498727599639314,-0.3252156863343304,-0.6152155523078459,-0.5887911903435977,0.890600385147221,-0.3741182703604762,0.8908635676574517,-1.2734262590646708,0.2953844425106629,-1.2744271319809646,-0.06433581394034191,0.3660793824018673,-0.06369372521402686,-0.4440058538023224,-1.0295070271804874,-0.4447326641298708,-0.4314073441609629
-0.5516160103133366,-0.6795015220289611,-0.3252156863343304,-0.6152155523078459,-0.5887911903435977,1.508943177519834,-0.17420860281905612,1.5089886562889343,0.19647394268264332,-2.6049651622987566,0.19618628447136335,1.124921120297035,-0.8596256518001767,1.1242066827116468,-1.5141799847461737,-0.6185058689799514,-1.5149158587831935,1.1062022541453564
1.8567496535480432,-0.5127797575784685,-0.3252156863343304,-0.6152155523078459,-0.5887911903435977,-0.8779336132756402,-0.27416343658976616,-0.8779917647836034,0.6045594434372884,-1.3048084429014306,0.6040426202544972,2.2601209211599858,0.41715042549361914,2.258718308258638,-0.5510232668967078,2.2585022384238003,-0.5504297697746435,-0.4314073441609629
-0.07496030600743848,-0.6795015220289611,-0.3252156863343304,-0.6152155523078459,-0.5887911903435977,-0.1473321591925229,-0.07425376904834607,-0.14728347261854088,-0.5127231896967883,-0.6547300832027676,-0.512318435974766,-0.21849874986000226,1.5407133735121594,-0.21941100715184989,-0.872075506179863,0.6144976056216563,-0.8675210867089616,-0.4314073441609629
0.025388263320119012,-0.6795015220289611,-0.3252156863343304,1.6254465548679973,1.5336352405695368,0.6439993905700477,-0.7239601885579613,0.6440465445261415,2.2507684294912216,0.4454025255180467,2.251782216818358,1.5954183922596337,0.5192925116771229,1.595807593723337,1.4466351108651483,-1.0295070271804874,1.4446030992704393,-1.2002121433141226
-1.0031845722873454,-0.5127797575784685,-0.3252156863343304,-0.6152155523078459,-0.5887911903435977,0.33114738252438025,0.8753171517733993,0.3311951423991739,-0.9604286419810112,-0.20467583418061627,-0.9597951015196899,0.410165690124066,-0.3489152208826583,0.41235625099588663,-1.1574552744315565,-0.6185058689799514,-1.1581881272320862,0.3373974549921968
-0.42618029865388973,-0.6795015220289611,-0.3252156863343304,1.6254465548679973,2.192319305335682,0.2446530038294018,0.2755881491491391,0.24459267814257424,-0.932694675910307,0.2953844425106629,-0.931827809923132,1.1989994141805078,-0.6553414794331693,1.1998407910814461,-1.0147653903057097,0.20349644742112044,-1.0128546069705238,0.3373974549921968
-1.5300145612570222,1.7498727599639314,-0.3252156863343304,-0.6152155523078459,-0.5887911903435977,-1.2938427533834098,0.3255655660344941,-1.2936835932152835,0.8719941162619345,0.09536033183415127,0.8720624980548427,1.5293485625797791,1.1832160718698967,1.529071615749985,-1.121782803400095,1.0254987638221924,-1.1185517126152964,-1.2002121433141226
0.27625968663901274,-0.5127797575784685,-0.3252156863343304,-0.6152155523078459,-0.5887911903435977,0.2501739216184432,-0.22418601970441113,0.2500053321586114,1.256307646098834,1.1454869128858376,1.2566127575075114,-1.4397895409118544,0.774647727135882,-1.4384548714650878,-0.40833338277086084,-0.6185058689799514,-0.4050962495130813,1.8750070532985164
-0.9530102876235665,-0.5127797575784685,-0.3252156863343304,-0.6152155523078459,-0.5887911903435977,-2.22319724787201,1.2251590699708845,-2.223577553170526,-0.6157350636736894,-2.0548988579383494,-0.614865171828811,0.21796254923721725,-0.6042704363414175,0.21659738227405298,-0.30131596967647545,-0.6185058689799514,-0.29939914386830857,-0.4314073441609629
0.4518696829622384,-0.5127797575784685,-0.3252156863343304,1.6254465548679973,1.5336352405695368,-1.1392570552902566,-1.7235085262650618,-1.1388816883566109,1.111694823015877,0.6954326638636863,1.1121150842586294,-1.0593874912399661,-1.2171229534424395,-1.0602843296160906,-0.9434204482427865,-0.6185058689799514,-0.9467939159425411,1.1062022541453564
-0.42618029865388973,-0.6795015220289611,3.074882430400277,-0.6152155523078459,-0.5887911903435977,2.2027385130093435,-1.4736214418382867,2.2028909011449413,-2.7492694535414217,-0.6047240555336396,-2.7497017636993855,-0.07234427814396072,-0.5531993932496656,-0.07259185561047446,-1.3001451585574035,1.0254987638221924,-1.3035216474936484,0.3373974549921968
0.6776539639492427,1.7498727599639314,-0.3252156863343304,-0.6152155523078459,-0.5887911903435977,0.13975556583761942,-0.8239150223286714,0.13958719023144647,1.3890344837229174,-0.2546818618497442,1.3894573925911609,0.11785674669198347,-1.6256912981764542,0.11871794791313578,-0.05160867245624374,0.20349644742112044,-0.04836851796197371,-0.4314073441609629
0.2511725443071234,-0.6795015220289611,-0.3252156863343304,-0.6152155523078459,-0.5887911903435977,1.2899467718878674,0.4255203998052041,1.2903174340410188,0.826431172002921,0.2953844425106629,0.8254503453939133,0.6263942236217712,-1.1149808672589359,0.6259113805106147,0.4834783930156819,-0.20750471077941549,0.48011701026188924,-1.2002121433141226
-2.307715973545593,-0.5127797575784685,-0.3252156863343304,1.6254465548679973,2.2655064236430316,0.6329575549919654,0.3755429829198491,0.6332212364940664,-0.623659053979605,0.7454386915328143,-0.6241876023609967,-0.2164966338090977,0.8767898133193857,-0.21496194195362647,-0.05160867245624374,-0.6185058689799514,-0.04836851796197371,-0.4314073441609629
-1.981583123231031,-0.6795015220289611,-0.3252156863343304,-0.6152155523078459,-0.5887911903435977,-1.2772800000162863,0.3255655660344941,-1.2774456311671711,-0.6771459885445339,-0.35469391718800003,-0.6777915779210658,0.03576998860489188,-0.19570209160740282,0.03418570914688956,-0.26564349864501385,0.20349644742112044,-0.2597627292515191,-1.2002121433141226
0.7278282486130215,-0.6795015220289611,-0.3252156863343304,-0.6152155523078459,-0.5887911903435977,1.3304335023408358,0.025701064722363966,1.330371073759697,-0.6038490782148164,0.24537841484153503,-0.6032121336635784,0.17391599611731404,-1.8299754705434614,0.1721067302918182,-1.6211973978405587,0.20349644742112044,-1.6206129644279663,-1.2002121433141226
2.0825339345350478,-0.5127797575784685,-0.3252156863343304,-0.6152155523078459,-0.5887911903435977,1.043345777310694,-1.3736666080675766,1.0435004109097088,1.7158990838419295,0.9954688298784539,1.7157424612176684,-0.17044796463828993,-0.2978441777909065,-0.17047128997139088,1.26827275570784,-0.20750471077941549,1.272845302597684,-0.4314073441609629
-0.1502217330031066,-0.6795015220289611,-0.3252156863343304,-0.6152155523078459,-0.5887911903435977,-0.8227244353852283,-0.07425376904834607,-0.8227826938200211,-0.33839540296664894,0.2953844425106629,-0.33752286349628013,0.8966798904939024,0.11072416694310817,0.8973043576022477,0.8045306322988374,1.847501080223264,0.8104204654018037,-0.4314073441609629
-0.07496030600743848,-0.5127797575784685,-0.3252156863343304,-0.6152155523078459,-0.5887911903435977,0.872197325850417,0.7753623180026893,0.8724605440029239,-1.5884048737248095,0.1453663595032792,-1.589059162442239,-1.6720350028167967,0.11072416694310817,-1.6698062617727096,-1.9779221081551759,-0.20750471077941549,-1.9773406959790738,2.643811852451676
0.4016953982984596,1.7498727599639314,-0.3252156863343304,-0.6152155523078459,-0.5887911903435977,0.6384784727810068,-0.32414085347512117,0.6386338905101043,-1.241730297841009,2.4456436322831636,-1.2417986251183137,-1.0373642146800146,0.11072416694310817,-1.038039003624973,-0.12295361451916689,-1.4405081853810233,-0.12764134719555323,0.3373974549921968
-1.1035331416149028,-0.5127797575784685,-0.3252156863343304,1.6254465548679973,2.1191321870283324,0.39555809006319415,-1.2237343574115116,0.3950644597884168,1.5732672583354517,1.0954808852167097,1.5735753956018323,-0.9272478318802575,0.5192925116771229,-0.9268123736693854,0.5548233350786057,-1.4405081853810233,0.5593898394954687,-0.4314073441609629
-0.6770517219727835,-0.5127797575784685,-0.3252156863343304,-0.6152155523078459,-0.5887911903435977,0.7617789700695932,1.1751816530855295,0.7620424020757594,-1.780561638643259,-0.3046878895188721,-1.7801689883520504,0.7925698558468589,0.6214345978606265,0.7905267928448845,0.1267536827010648,-0.6185058689799514,0.12338927871078165,-1.2002121433141226
-0.5014417256495578,1.7498727599639314,-0.3252156863343304,-0.6152155523078459,-0.5887911903435977,0.7562580522805523,-1.1737569405261565,0.7566297480597214,-1.0337255523107287,-0.6547300832027676,-1.0343745457771774,-0.33261936476156856,0.008582080759604505,-0.3306376371074373,-0.9434204482427865,-0.6185058689799514,-0.9467939159425411,0.3373974549921968
0.8783511026043578,-0.6795015220289611,3.074882430400277,-0.6152155523078459,-0.5887911903435977,0.3587519714695862,1.0752268193148193,0.35825841247936147,0.2776948433182765,0.6954326638636863,0.27775755162799043,-0.9933176615601115,0.26393729621836365,-0.993548351642738,0.5548233350786057,1.0254987638221924,0.5593898394954687,-0.4314073441609629
-0.978097429955456,-0.5127797575784685,-0.3252156863343304,-0.6152155523078459,-0.5887911903435977,0.1802422962905879,1.0752268193148193,0.18072336075333137,-1.9192314689967793,-0.2546818618497442,-1.920005446334839,-0.3986891944414231,0.3150083393101155,-0.3973736150807891,0.1980986247639886,0.20349644742112044,0.20266210794436118,0.3373974549921968
0.8783511026043578,-0.6795015220289611,-0.3252156863343304,-0.6152155523078459,-0.5887911903435977,-0.6883821025185591,-1.0738021067554464,-0.6885488742222909,-0.8455307825452371,0.6454266361945584,-0.8455953275004124,-0.4607547920194679,-1.2681939965341913,-0.4596605278559183,-1.5141799847461737,2.6695033966243362,-1.5149158587831935,0.3373974549921968
-1.5049274189251327,-0.5127797575784685,-0.3252156863343304,-0.6152155523078459,-0.5887911903435977,-0.37553009447289165,-1.7235085262650618,-0.3756974720953237,-1.481431004594951,-1.2548024152323025,-1.4818512113221012,1.2290311549440778,-1.2171229534424395,1.23098424746901,0.3051160378583733,0.20349644742112044,0.3083592135891339,-0.4314073441609629
-0.12513459067121724,1.7498727599639314,-0.3252156863343304,-0.6152155523078459,-0.5887911903435977,-1.4999570175076142,-0.024276352162991052,-1.500446976627916,2.110117601561222,-0.6047240555336396,2.1096151512025227,-0.3606489894742341,1.030002942594641,-0.3617810934950011,-0.9434204482427865,-1.4405081853810233,-0.9467939159425411,0.3373974549921968
0.12573683264767652,-0.5127797575784685,-0.3252156863343304,-0.6152155523078459,-0.5887911903435977,0.518858587351781,-0.47407310413118625,0.5184729713540719,-0.5681911218381966,0.4454025255180467,-0.5682530191678815,-0.17445219674009907,2.204636933704933,-0.1749203551696143,1.48230758189661,1.0254987638221924,1.4842395138872293,1.8750070532985164
0.8532639602724683,-0.5127797575784685,-0.3252156863343304,-0.6152155523078459,-0.5887911903435977,0.40659992564127695,-0.9738472729847364,0.40697229862369927,0.48173759369559926,0.6954326638636863,0.4828510233360804,0.07781442567388995,-0.9106966948919285,0.07867636112912436,0.01973626960668006,0.6144976056216563,0.017692173066008943,-0.4314073441609629
-0.9530102876235665,1.7498727599639314,-0.3252156863343304,-0.6152155523078459,-0.5887911903435977,0.5133376695627396,-0.22418601970441113,0.5130603173380339,0.5609774967547537,0.5954206085254304,0.5620916828596606,-0.7590700836042646,1.5917844166039112,-0.7577478961368926,1.0899104005505313,-1.0295070271804874,1.0878753677193318,-0.4314073441609629
0.828176817940579,-0.5127797575784685,-0.3252156863343304,1.6254465548679973,2.4118806602577303,-0.3258418343715212,-0.9238698560993814,-0.3259010551477786,2.4567921774450228,-1.1547903598940468,2.4568756885264484,-0.8091229848768816,0.6214345978606265,-0.8111366785155746,0.5904958061100672,0.20349644742112044,0.585814115906662,-1.2002121433141226
-1.1537074262786815,1.7498727599639314,-0.3252156863343304,-0.6152155523078459,-0.5887911903435977,-1.104291242626329,2.37463965833405,-1.104240702653971,0.616445428896162,-0.20467583418061627,0.6156956584197297,0.436193198785827,0.6725056409523783,0.4346015769870044,-2.0135945791866376,-1.0295070271804874,-2.016977110595864,0.3373974549921968
-0.9028360029597878,-0.5127797575784685,-0.3252156863343304,-0.6152155523078459,-0.5887911903435977,-0.5706025230190142,-1.0238246898700913,-0.5705530166726734,1.1552767696984116,-0.3046878895188721,1.1563966292865129,-1.021347286272777,0.3660793824018673,-1.0202427428320788,0.8758755743617606,0.6144976056216563,0.8764811564297869,0.3373974549921968
0.4016953982984596,-0.5127797575784685,-0.3252156863343304,1.6254465548679973,1.6800094771842358,-1.3766565202190275,0.7253849011173342,-1.3770384650622614,0.7313432883319355,1.2454989682240936,0.7322260400720536,1.259062895707648,0.21286625312661184,1.2576786386583512,-0.9077479772113245,0.6144976056216563,-0.9071575013257511,1.1062022541453564
0.8030896756086896,1.7498727599639314,-0.3252156863343304,-0.6152155523078459,-0.5887911903435977,-0.05347655677882225,-0.4240956872458312,-0.05310329273948866,-0.2611364974839733,-0.15466980651148834,-0.2606128116057463,-0.07434639419486527,-0.6042704363414175,-0.07259185561047446,-1.335817629588865,-0.6185058689799514,-1.3299459239048417,0.3373974549921968
1.555703945565371,1.7498727599639314,-0.3252156863343304,1.6254465548679973,1.09451253072544,-0.3626479529651291,0.17563331537842902,-0.36270710245683363,-0.22349754353087484,-1.8048687195927098,-0.2233230894770022,0.5883540186545823,0.9278608564111375,0.5903188589248266,0.05540874063814164,1.0254987638221924,0.057328587682799005,-0.4314073441609629
-0.9279231452916772,-0.6795015220289611,-0.3252156863343304,1.6254465548679973,1.3872610039548379,0.04405965749423846,-0.47407310413118625,0.04432447954918658,-0.6137540660972106,-0.10466377884236042,-0.614865171828811,-0.7170256465352666,-0.7064125225249211,-0.7177063093528812,0.1267536827010648,0.20349644742112044,0.12338927871078165,0.3373974549921968
1.0037868142638047,-0.5127797575784685,-0.3252156863343304,1.6254465548679973,2.1191321870283324,0.10478975317369175,-0.6739827716726063,0.10494620452880644,-0.4394262793670707,1.3955170512314772,-0.4400695993503251,0.35610855674964,0.3660793824018673,0.3545184034189816,-0.8007305641169394,-0.6185058689799514,-0.8014603956809784,1.8750070532985164
-1.5551017035889116,-0.6795015220289611,-0.3252156863343304,-0.6152155523078459,-0.5887911903435977,-1.5901320080619539,-0.8738924392140264,-1.5902970332941386,-0.021435790730031316,0.6954326638636863,-0.020560225401959117,0.11385251459017377,0.21286625312661184,0.11426888271491238,-1.335817629588865,-0.20750471077941549,-1.3299459239048417,-1.2002121433141226
1.505529660901592,1.7498727599639314,-0.3252156863343304,1.6254465548679973,2.192319305335682,1.1169580144979099,0.5754526504612691,1.1171125055278188,0.022146155952503948,0.09536033183415127,0.021390711992877436,0.11185039853926922,0.6214345978606265,0.10981981751668897,2.0887395894314595,0.6144976056216563,2.091997871344671,-1.2002121433141226
0.47695682529412775,-0.5127797575784685,-0.3252156863343304,1.6254465548679973,2.2655064236430316,0.378995336696071,-1.6235536924943517,0.3788264977403037,0.3906117051775718,-0.15466980651148834,0.38962671801422155,1.0668597548207999,0.8257187702276338,1.066368835134741,0.09108121166960323,-0.20750471077941549,0.09696500229958847,-1.2002121433141226
0.20099825964334464,-0.5127797575784685,-0.3252156863343304,-0.6152155523078459,-0.5887911903435977,0.2556948394074841,-2.123327861347902,0.2554179861746486,-1.0297635571577712,0.7454386915328143,-1.0297133305110842,1.6414670614304414,0.26393729621836365,1.6402982457055724,1.0185654584876076,-1.4405081853810233,1.0218146766913492,0.3373974549921968
1.2797453799145877,1.7498727599639314,-0.3252156863343304,1.6254465548679973,0.8749511758033917,0.6421590846403674,0.3755429829198491,0.6418814829197261,-2.061863294503257,-0.9047602215484072,-2.062172511950674,-0.5968986834809861,2.306779019888437,-0.5975815490008469,-0.8364030351484011,0.20349644742112044,-0.8410968102977684,-0.4314073441609629
-0.20039601766688536,-0.5127797575784685,-0.3252156863343304,-0.6152155523078459,-0.5887911903435977,-0.27247296241078955,-1.6235536924943517,-0.27285704579061093,0.1925119475296858,-0.7047361108718955,0.1915250692052705,0.5783434384000589,0.21286625312661184,0.5769716633301565,-0.872075506179863,-0.20750471077941549,-0.8675210867089616,0.3373974549921968
-0.576703152645226,-0.6795015220289611,-0.3252156863343304,-0.6152155523078459,-0.5887911903435977,-0.7178269973934459,-1.1737569405261565,-0.7177772059088934,-0.10859968409510128,0.6954326638636863,-0.10912331545772508,1.0488407103626576,0.3660793824018673,1.0485725743418473,0.5191508640471435,0.20349644742112044,0.5197534248786793,-1.2002121433141226
-1.4296659919294648,1.7498727599639314,-0.3252156863343304,-0.6152155523078459,-0.5887911903435977,-0.6718193491514359,-1.1737569405261565,-0.6723109121741786,-0.6117730685207313,0.6954326638636863,-0.6125345641957646,0.30605565547702307,-1.1660519103506877,0.3055786862385234,-0.9434204482427865,-0.20750471077941549,-0.9467939159425411,-0.4314073441609629
-0.6770517219727835,-0.5127797575784685,-0.3252156863343304,-0.6152155523078459,-0.5887911903435977,-0.7914392345806618,0.2755881491491391,-0.7913893005270037,0.5530535064488381,0.24537841484153503,0.5527692523274749,1.2971031006748375,0.7235766840441301,1.2977202254423625,-0.1586260855506285,-0.20750471077941549,-0.15406562360674642,-1.2002121433141226
-0.6770517219727835,1.7498727599639314,-0.3252156863343304,1.6254465548679973,1.6800094771842358,1.2825855481691457,-1.5235988587236418,1.2827397184185665,0.17468296934137595,-2.0548988579383494,0.17521081577394507,-0.3986891944414231,-1.2681939965341913,-0.3973736150807891,-0.12295361451916689,-1.0295070271804874,-0.12764134719555323,1.8750070532985164
0.10064969031578713,-0.5127797575784685,-0.3252156863343304,-0.6152155523078459,-0.5887911903435977,-1.4410672277578416,-2.6231020302014523,-1.4409077824515037,-0.8237398092039697,0.9454628022093259,-0.8246198588029942,1.1749740215696518,-2.3917569445527316,1.173146399892105,0.697513219204452,-1.0295070271804874,0.6915112215514346,-0.4314073441609629
-0.7774002913003409,-0.5127797575784685,-0.3252156863343304,-0.6152155523078459,-0.5887911903435977,0.93108711560019,0.4754978166905591,0.9309172073761289,-2.432309841304804,-0.6547300832027676,-2.4327391256050643,0.9327179794101862,0.26393729621836365,0.9328968791880358,1.0542379295190691,-0.20750471077941549,1.0482389531025422,-0.4314073441609629
-0.37600601399011097,1.7498727599639314,-0.3252156863343304,-0.6152155523078459,-0.5887911903435977,-0.06267808642722424,-1.0738021067554464,-0.06284606996835615,1.1592387648513693,-0.15466980651148834,1.1587272369195598,1.7395707479247702,-1.1149808672589359,1.7381776800664888,-1.4428350426832501,-0.6185058689799514,-1.4488551677552108,-1.2002121433141226
-0.04987316367554911,-0.5127797575784685,-0.3252156863343304,-0.6152155523078459,-0.5887911903435977,0.34034891217278224,-0.6739827716726063,0.33985538882483374,0.13110102265884124,-1.2047963875631746,0.1309292707460625,-0.19247124119824124,0.6725056409523783,-0.1927166159625087,-0.5510232668967078,-0.6185058689799514,-0.5504297697746435,1.8750070532985164
-0.5265288679814473,-0.5127797575784685,-0.3252156863343304,-0.6152155523078459,-0.5887911903435977,-0.9552264623222169,-1.6735311093797067,-0.954851451811336,-0.37801535449622614,0.5954206085254304,-0.3771431932580702,-0.06433581394034191,-1.8810465136352132,-0.06369372521402686,2.0173946473685356,-1.0295070271804874,2.0127250421110925,0.3373974549921968
-1.8059731269078052,-0.5127797575784685,-0.3252156863343304,-0.6152155523078459,-0.5887911903435977,-0.4104959071368193,1.0752268193148193,-0.41033845779796335,-1.1030604674874889,-1.2548024152323025,-1.101962167135525,1.627452249074109,-0.39998626397441017,1.6269510501109015,-0.33698844070793704,-1.0295070271804874,-0.33903555848509864,-0.4314073441609629
0.7027411062811321,-0.5127797575784685,-0.3252156863343304,1.6254465548679973,2.1191321870283324,0.4654897153910494,-0.32414085347512117,0.46542896199690414,-0.6989369618858012,0.1453663595032792,-0.6987670466184841,-0.3105960882016172,-0.9617677379836803,-0.3128413763145429,0.5191508640471435,1.4364999220227281,0.5197534248786793,-0.4314073441609629
-1.329317422601907,-0.5127797575784685,-0.3252156863343304,-0.6152155523078459,-0.5887911903435977,0.5722274593125126,-0.8239150223286714,0.5725995115144469,-0.21953554837791733,-0.10466377884236042,-0.21866187421090932,-0.8591758861494985,-0.04248896233214733,-0.8600763956960332,2.1957570025258435,-0.6185058689799514,2.197694976989444,0.3373974549921968
0.37660825596657027,1.7498727599639314,-0.3252156863343304,-0.6152155523078459,-0.5887911903435977,0.22809025046227813,-0.1242311859337011,0.22835471609446112,2.223034463420517,1.7455592449153727,2.2238149252218005,-1.4077556840973797,-0.2978441777909065,-1.407311415077523,-0.8364030351484011,-1.0295070271804874,-0.8410968102977684,1.1062022541453564
1.4553553762378133,-0.6795015220289611,3.074882430400277,-0.6152155523078459,-0.5887911903435977,1.4242891047545365,-2.373214945774677,1.4245512536387492,2.2091674803851653,1.3455110235623493,2.209831279423521,-0.35063840921971073,-0.9106966948919285,-0.3484338979003309,-0.5153507958652456,0.6144976056216563,-0.510793355157854,-0.4314073441609629
-1.454753134261354,-0.6795015220289611,-0.3252156863343304,-0.6152155523078459,-0.5887911903435977,-0.046115333060101085,-0.3741182703604762,-0.04660810792024341,-1.1506044093229817,-2.0048928302692213,-1.1509049274295013,2.2741357335163195,2.255707976796685,2.272065503853309,0.8758755743617606,-1.0295070271804874,0.8764811564297869,1.8750070532985164
-0.6017902949771153,1.7498727599639314,-0.3252156863343304,-0.6152155523078459,-0.5887911903435977,-0.07740053386466762,-0.7239601885579613,-0.07691897041005354,0.087519075976306,-1.104784332224919,0.08664772571817911,0.8946777744429972,0.008582080759604505,0.8928552924040243,2.695171596966308,-0.6185058689799514,2.699756228802114,1.8750070532985164
0.5522182522897958,-0.6795015220289611,-0.3252156863343304,-0.6152155523078459,-0.5887911903435977,1.4390115521919788,-0.4240956872458312,1.438624154080447,0.21628391844743192,-1.4548265259088142,0.21716175316878164,-0.22450509801271595,0.21286625312661184,-0.2238600723500733,-0.30131596967647545,-1.0295070271804874,-0.29939914386830857,0.3373974549921968
-1.1286202839467923,1.7498727599639314,-0.3252156863343304,-0.6152155523078459,-0.5887911903435977,-1.0693254299624015,-0.8239150223286714,-1.069599716951331,-0.70091795946228,0.7454386915328143,-0.7010976542515305,0.8686502657812368,-0.24677313469915466,0.8706099664129073,-0.479678324833784,-1.0295070271804874,-0.48436907874666085,-0.4314073441609629
1.7564010842204858,-0.5127797575784685,-0.3252156863343304,-0.6152155523078459,-0.5887911903435977,-0.7767167871432183,0.4754978166905591,-0.7762338692820987,-0.05115075437721422,0.4454025255180467,-0.05085812463156311,1.8456828986227183,1.5917844166039112,1.8449552448238529,1.0899104005505313,0.20349644742112044,1.0878753677193318,0.3373974549921968
1.3550068069102559,-0.6795015220289611,-0.3252156863343304,1.6254465548679973,1.6068223588768862,-0.9423443208144541,-0.7239601885579613,-0.9418610821728459,-0.24330751929566344,-0.4547059725262559,-0.24429855817442045,1.0788724511262278,-0.757483565616673,1.0797160307294111,-1.22880021649448,0.6144976056216563,-1.2242488182600688,-0.4314073441609629
0.7027411062811321,-0.5127797575784685,3.074882430400277,-0.6152155523078459,-0.5887911903435977,1.6138406155116165,-1.1237795236408015,1.6139941442000616,0.06969009778799615,-0.7547421385410233,0.07033347228685369,-1.7781471535147444,2.3578500629801886,-1.7765838265300733,-1.5498524557776352,-0.20750471077941549,-1.5545522733999833,-0.4314073441609629
-0.5516160103133366,1.7498727599639314,-0.3252156863343304,-0.6152155523078459,-0.5887911903435977,-0.9110591200098875,0.9252945686587544,-0.9115502196830362,1.7872149965951678,1.0454748575475818,1.7879912978421089,-0.11438871521295879,2.0514238044296778,-0.11263344239448586,1.339617697770763,0.6144976056216563,1.3389059936256666,1.1062022541453564
-0.22548315999877472,-0.5127797575784685,-0.3252156863343304,1.6254465548679973,1.5336352405695368,0.39739839599287496,1.4750461543976596,0.39722952139483136,0.05978510990560184,0.7454386915328143,0.05868043412162113,-1.4137620322500934,0.6725056409523783,-1.4117604802757469,-1.3714901006203266,0.6144976056216563,-1.3695823385216315,-0.4314073441609629
1.1793968105870303,1.7498727599639314,3.074882430400277,-0.6152155523078459,-0.5887911903435977,0.7212922396166247,-0.6240053547872513,0.7209062315538741,0.14496800569419305,-0.7547421385410233,0.14491291654434107,0.055791149113938635,-0.04248896233214733,0.05643103513800736,0.3051160378583733,-0.20750471077941549,0.3083592135891339,-1.2002121433141226
-2.056844550226699,-0.5127797575784685,-0.3252156863343304,-0.6152155523078459,-0.5887911903435977,0.40107900785223555,1.1252042362001744,0.4015596446076613,-1.416058084571149,0.49540855318717464,-1.4165941975967995,0.40215722592044717,-0.09356000542389915,0.4034581205994398,0.9472205164246843,-0.20750471077941549,0.9425418474577696,-0.4314073441609629
-1.2289688532743497,1.7498727599639314,-0.3252156863343304,-0.6152155523078459,-0.5887911903435977,-0.9276218733770107,-1.0238246898700913,-0.9277881817311485,-1.1486234117465028,0.04535430416502335,-1.1485743197964544,1.1569549771115102,-0.5531993932496656,1.1553501390992105,0.7331856902359142,-0.20750471077941549,0.7311476361682241,1.1062022541453564
1.0790482412594726,-0.5127797575784685,-0.3252156863343304,-0.6152155523078459,-0.5887911903435977,0.3937177841335138,-0.07425376904834607,0.3939819289852088,2.0368206912315046,-1.3048084429014306,2.0373663145780823,0.47022917165120626,0.9789318995028893,0.47019409857279243,1.0542379295190691,-1.0295070271804874,1.0482389531025422,-0.4314073441609629
1.028873956595694,1.7498727599639314,-0.3252156863343304,1.6254465548679973,2.338693541950381,0.9384483393189111,0.025701064722363966,0.9384949229985814,1.111694823015877,-0.6047240555336396,1.1121150842586294,1.2690734759621713,-0.39998626397441017,1.271025834253022,-1.3714901006203266,-0.6185058689799514,-1.3695823385216315,-0.4314073441609629
-0.6268774373090047,-0.5127797575784685,-0.3252156863343304,-0.6152155523078459,-0.5887911903435977,-0.00930921446649315,-0.7739376054433164,-0.009802060611188426,0.4401366445895433,-1.7048566642544538,0.4409000859412438,-0.24652837457266785,0.6725056409523783,-0.2461053983411903,0.7688581612673758,-1.0295070271804874,0.7707840507850142,-1.2002121433141226
0.9285253872681365,-0.5127797575784685,-0.3252156863343304,1.6254465548679973,2.1191321870283324,-1.9121855457560233,0.07567848160771899,-1.9118086818467661,-0.536495160614535,2.345631576944908,-0.5356245123052308,-0.7590700836042646,-0.19570209160740282,-0.7577478961368926,-0.7293856220540164,3.4915057130254077,-0.7353997046529958,-1.2002121433141226
3.111106770142512,-0.5127797575784685,-0.3252156863343304,-0.6152155523078459,-0.5887911903435977,-0.26327143276238757,0.2755881491491391,-0.2631142685617434,1.446483413440804,0.4454025255180467,1.4453919757842768,0.18993292452455168,-0.3489152208826583,0.1899029910847118,-0.5510232668967078,-0.6185058689799514,-0.5504297697746435,-1.2002121433141226
0.35152111363468086,-0.5127797575784685,-0.3252156863343304,-0.6152155523078459,-0.5887911903435977,0.8593151843426544,0.025701064722363966,0.8594701743644343,1.507894338311649,-2.0048928302692213,1.5083183818765316,0.25800487025531077,-0.9106966948919285,0.2566389690580644,0.7331856902359142,-0.20750471077941549,0.7311476361682241,1.1062022541453564
-0.3509188716582216,-0.6795015220289611,-0.3252156863343304,1.6254465548679973,1.4604481222621875,-0.6662984313623945,0.2755881491491391,-0.6658157273549337,0.45202263004841636,2.345631576944908,0.45255312410647636,-0.502799229088466,-1.5746202550847024,-0.5041511798381535,0.3407885088898349,0.20349644742112044,0.3347834900003271,-1.2002121433141226
-0.7774002913003409,-0.5127797575784685,-0.3252156863343304,-0.6152155523078459,-0.5887911903435977,-1.3803371320783884,0.5754526504612691,-1.3802860574718836,-2.347126945516213,0.1953723871724071,-2.346506643182345,-0.6229261921427465,0.5192925116771229,-0.6242759401901877,1.981722176337074,1.0254987638221924,1.9863007656998986,1.1062022541453564
0.10064969031578713,-0.5127797575784685,-0.3252156863343304,-0.6152155523078459,-0.5887911903435977,1.7316201950111625,-0.17420860281905612,1.7319900017496788,1.7634430256774216,0.2953844425106629,1.7623546138785977,1.3731835106092154,1.3364292011451522,1.373354333812162,-1.5855249268090972,-0.6185058689799514,-1.5809765498111765,0.3373974549921968
-1.9564959808991416,1.7498727599639314,-0.3252156863343304,-0.6152155523078459,-0.5887911903435977,2.6112864293983926,0.3255655660344941,2.6110050139541694,1.008682949038976,0.7454386915328143,1.009568348404585,-1.18952503454877,2.970702580081211,-1.189307220364572,0.3764609799212971,-0.6185058689799514,0.37441990461711655,0.3373974549921968
0.5271311099579065,-0.5127797575784685,3.074882430400277,1.6254465548679973,2.338693541950381,0.6752845913746147,-1.0238246898700913,0.6754399378191589,0.9710439950858776,-0.5047120001953838,0.9699480186427945,-0.29257704374347504,-0.04248896233214733,-0.2905960503234259,0.8758755743617606,-0.20750471077941549,0.8764811564297869,-0.4314073441609629
0.6023925369535746,-0.6795015220289611,-0.3252156863343304,-0.6152155523078459,-0.5887911903435977,-0.191499501504852,-0.5240505210165413,-0.19166723555004841,-0.8851507340748143,1.8955773279227563,-0.8852156572622025,0.2059498529317893,0.3150083393101155,0.20769925187760618,0.4834783930156819,0.6144976056216563,0.48011701026188924,0.3373974549921968
-2.3578902582093715,-0.6795015220289611,-0.3252156863343304,1.6254465548679973,1.6068223588768862,0.7672998878586346,0.6754074842319793,0.7674550560917965,-0.6910129715798857,0.7954447192019422,-0.6917752237193447,0.9307158633592817,0.26393729621836365,0.9328968791880358,0.1980986247639886,3.0805045548248717,0.20266210794436118,-0.4314073441609629
-0.7021388643046729,-0.6795015220289611,-0.3252156863343304,-0.6152155523078459,-0.5887911903435977,0.14895709548602137,-0.27416343658976616,0.14932996746031396,-1.019858569275377,2.145607466268396,-1.0203908999788984,0.017750944146749686,0.6725056409523783,0.01638944835399595,0.2694435668269118,-0.20750471077941549,0.2687227989723444,0.3373974549921968
-0.20039601766688536,1.7498727599639314,3.074882430400277,-0.6152155523078459,-0.5887911903435977,-0.2080622548719757,0.6754074842319793,-0.20790519759816115,1.492046357699818,1.3455110235623493,1.4920041284452061,-0.08635909050029379,-2.6471121600114906,-0.08593905120514467,0.4121334509527587,-0.6185058689799514,0.4140563192339066,-0.4314073441609629
1.430268233905924,-0.6795015220289611,-0.3252156863343304,-0.6152155523078459,-0.5887911903435977,-0.1344500176847598,0.6754074842319793,-0.13429310298005115,1.1077328278629195,-1.5548385812470702,1.1074538689925366,0.6964682854034349,0.21286625312661184,0.6970964236821907,-3.654528246633876,-1.8515093435815593,-3.655282248089839,0.3373974549921968
-0.10004744833932785,-0.6795015220289611,-0.3252156863343304,-0.6152155523078459,-0.5887911903435977,0.6973682625307793,-0.9738472729847364,0.6970905538833092,2.3735902792329107,-2.454947079291373,2.3729738137367744,-0.9973218936619213,0.5192925116771229,-0.9979974168409614,-2.1562844633124842,-0.6185058689799514,-2.162310630857426,-1.2002121433141226
0.10064969031578713,-0.6795015220289611,-0.3252156863343304,-0.6152155523078459,-0.5887911903435977,-0.250389291254625,-0.3741182703604762,-0.2501238989232537,-0.490932216355521,0.2953844425106629,-0.4913429672773478,0.860641801577618,-2.289614858369228,0.8617118360164605,2.1244120604629204,-0.6185058689799514,2.118422147755865,0.3373974549921968
-2.4833259698688184,-0.5127797575784685,3.074882430400277,-0.6152155523078459,-0.5887911903435977,-0.8760933073459599,-2.922966531513582,-0.8758267031771885,-1.2239013196526993,-0.6047240555336396,-1.2231537640539418,-0.158435268332862,0.9789318995028893,-0.15712409437672067,-0.40833338277086084,-1.4405081853810233,-0.4050962495130813,0.3373974549921968
-1.1537074262786815,1.7498727599639314,-0.3252156863343304,-0.6152155523078459,-0.5887911903435977,1.9690196599399332,-0.024276352162991052,1.9690642476521218,-1.313046210594248,1.0454748575475818,-1.3140474617427547,-0.15242892018014775,1.1321450287781447,-0.15267502917849726,-1.193127745463018,0.20349644742112044,-1.1978245418488758,0.3373974549921968
-0.8526617182960091,-0.5127797575784685,-0.3252156863343304,-0.6152155523078459,-0.5887911903435977,0.6587218380074911,0.07567848160771899,0.6592019757710466,-0.19774457503665,-0.2546818618497442,-0.19768640551349104,0.28002814681526206,0.3150083393101155,0.2788842950491822,-0.5866957379281693,0.6144976056216563,-0.5900661843914335,-0.4314073441609629
0.17591111731145526,-0.5127797575784685,-0.3252156863343304,-0.6152155523078459,-0.5887911903435977,1.1132774026385488,-1.1237795236408015,1.112782382314989,0.5867304652489791,0.4454025255180467,0.5877283668231718,0.33008104808787897,-0.8596256518001767,0.3278240122296404,-1.7995597529978673,-1.4405081853810233,-1.8055828993063185,0.3373974549921968
-0.6017902949771153,-0.6795015220289611,-0.3252156863343304,-0.6152155523078459,-0.5887911903435977,-2.158786540333196,-0.5740279379018963,-2.158625704978076,-0.6097920709442526,1.0454748575475818,-0.6102039565627181,0.18192446032093287,-1.8299754705434614,0.181004860688265,-1.6211973978405587,0.6144976056216563,-1.6206129644279663,2.643811852451676
1.4051810915740346,1.7498727599639314,-0.3252156863343304,-0.6152155523078459,-0.5887911903435977,-0.2043816430126151,-1.4736214418382867,-0.2046576051885385,0.087519075976306,-2.6049651622987566,0.08664772571817911,-0.4947907648848472,-0.6042704363414175,-0.49525304944170634,-1.5498524557776352,-1.0295070271804874,-1.5545522733999833,1.1062022541453564
-0.07496030600743848,-0.5127797575784685,-0.3252156863343304,-0.6152155523078459,-0.5887911903435977,-3.3071374404537637,-5.022018040698493,-3.3071908871812337,-0.8138348213215754,1.4955291065697331,-0.8129668206377616,-0.6689748613135543,-0.6042704363414175,-0.668766592172423,-1.22880021649448,-1.4405081853810233,-1.2242488182600688,1.8750070532985164
2.032359649871269,-0.5127797575784685,-0.3252156863343304,-0.6152155523078459,-0.5887911903435977,-1.3766565202190275,0.5254752335759142,-1.3770384650622614,-0.04322676407129866,0.9954688298784539,-0.04386630173242341,1.154952861060605,-0.451057307066162,1.1553501390992105,-0.8007305641169394,0.20349644742112044,-0.8014603956809784,0.3373974549921968
-0.8526617182960091,-0.6795015220289611,-0.3252156863343304,1.6254465548679973,2.0459450687209833,-1.1797437857432254,0.5254752335759142,-1.1800178588784962,0.7333242859084143,-0.3046878895188721,0.7322260400720536,-0.6129156118882232,0.16179521003486,-0.6109287445955172,-0.12295361451916689,3.0805045548248717,-0.12764134719555323,0.3373974549921968
0.8030896756086896,-0.5127797575784685,-0.3252156863343304,-0.6152155523078459,-0.5887911903435977,-0.6607775135733531,-1.4736214418382867,-0.6604030733388961,-0.3304714126607334,1.545535134238861,-0.3305310405971404,1.5013189378671141,1.642855459695663,1.5023772245606437,0.9472205164246843,-0.20750471077941549,0.9425418474577696,1.1062022541453564
1.3550068069102559,-0.5127797575784685,-0.3252156863343304,1.6254465548679973,1.09451253072544,1.181368722036724,0.5754526504612691,1.1809818229170617,-1.340780176664952,0.2953844425106629,-1.3396841457062658,0.26401121840802444,1.1832160718698967,0.2655370994545112,1.1255828715819929,2.6695033966243362,1.1275117823361218,0.3373974549921968
0.4016953982984596,-0.5127797575784685,3.074882430400277,1.6254465548679973,1.0213254124180906,0.2998621817198137,-0.9238698560993814,0.29980174910615653,2.4171722259154453,-0.9047602215484072,2.417255358764658,0.5022630284656809,1.030002942594641,0.501337554960357,-2.334646818469793,0.20349644742112044,-2.3340684275301813,-0.4314073441609629
-0.07496030600743848,-0.5127797575784685,3.074882430400277,-0.6152155523078459,-0.5887911903435977,-3.0770991992437144,-1.6735311093797067,-3.0766118260980364,1.1077328278629195,-0.5047120001953838,1.1074538689925366,-0.6229261921427465,-0.6042704363414175,-0.6242759401901877,-0.9077479772113245,1.847501080223264,-0.9071575013257511,-0.4314073441609629
1.1292225259232516,-0.5127797575784685,3.074882430400277,-0.6152155523078459,-0.5887911903435977,-1.2625575525788433,1.2751364868562394,-1.262290199922266,2.232939451302911,-0.2546818618497442,2.2331373557539864,0.30405353942611796,-0.9106966948919285,0.3055786862385234,0.09108121166960323,0.6144976056216563,0.09696500229958847,-0.4314073441609629
-0.5516160103133366,-0.5127797575784685,-0.3252156863343304,-0.6152155523078459,-0.5887911903435977,-0.4196974367852213,0.4255203998052041,-0.42008123502683087,-1.5547279149246689,-0.6547300832027676,-1.5541000479465419,-0.22850933011452565,0.16179521003486,-0.22830913754829668,0.3764609799212971,0.20349644742112044,0.37441990461711655,1.1062022541453564
-0.1502217330031066,-0.6795015220289611,3.074882430400277,-0.6152155523078459,-0.5887911903435977,0.9053228325846643,1.6749558219390797,0.9049364680991486,1.0899038496746092,-1.4548265259088142,1.0888090079281652,0.14989060350645816,1.030002942594641,0.14986140430070038,-0.05160867245624374,-1.0295070271804874,-0.04836851796197371,1.8750070532985164
-0.12513459067121724,1.7498727599639314,-0.3252156863343304,1.6254465548679973,0.7285769391886927,-0.12892909989571893,-0.7239601885579613,-0.12888044896401357,-1.3328561863590365,0.6454266361945584,-1.3326923228071266,1.1809803697223662,-1.5235492119929503,1.1820445302885518,-0.1586260855506285,-0.6185058689799514,-0.15406562360674642,-0.4314073441609629
-0.25057030233066413,-0.6795015220289611,3.074882430400277,-0.6152155523078459,-0.5887911903435977,1.2273763702787337,0.4754978166905591,1.227530647454984,-0.3700913641903106,-0.10466377884236042,-0.37015137035893053,-0.8591758861494985,0.3150083393101155,-0.8600763956960332,0.6618407481729904,-1.0295070271804874,0.6650869451402415,0.3373974549921968
0.5773053946216853,-0.5127797575784685,-0.3252156863343304,-0.6152155523078459,-0.5887911903435977,-0.22646531416877966,0.9252945686587544,-0.22630822125268843,0.6441793949668656,2.145607466268396,0.6436629500162877,-1.8201915905837427,0.774647727135882,-1.8210744785123085,0.01973626960668006,0.20349644742112044,0.017692173066008943,-1.2002121433141226
2.38357964251772,-0.5127797575784685,-0.3252156863343304,-0.6152155523078459,-0.5887911903435977,0.9991784349983645,0.4255203998052041,0.9991166479782017,0.96708199993292,0.6954326638636863,0.9676174110097484,-0.5488478982592737,-1.5235492119929503,-0.5486418318203884,-0.40833338277086084,0.20349644742112044,-0.4050962495130813,0.3373974549921968
-1.1537074262786815,1.7498727599639314,-0.3252156863343304,1.6254465548679973,-0.0032942438848019657,0.7875432530851189,0.17563331537842902,0.7880231413527389,-0.5780961097205909,-0.3046878895188721,-0.5775754497000672,3.5434773097898833,0.7235766840441301,3.5444981505452278,-0.1942985565820907,-1.0295070271804874,-0.19370203822353588,-0.4314073441609629
-0.20039601766688536,-0.5127797575784685,-0.3252156863343304,-0.6152155523078459,-0.5887911903435977,-0.6994239380966419,-0.27416343658976616,-0.6993741822543661,0.40249769063644486,-0.004651723504104576,0.4036103638125001,0.5322947692292511,-1.4724781689011985,0.5324810113479217,-0.015936201424782154,-0.6185058689799514,-0.02194424155078053,-1.2002121433141226
-0.8275745759641198,-0.5127797575784685,-0.3252156863343304,1.6254465548679973,1.5336352405695368,1.1003952611307863,-0.9238698560993814,1.1008745434797065,0.061766107482081146,0.24537841484153503,0.061011041754667976,-0.6549600489572213,-1.5235492119929503,-0.6554193965777524,-0.12295361451916689,0.6144976056216563,-0.12764134719555323,-1.2002121433141226
1.1793968105870303,-0.5127797575784685,-0.3252156863343304,-0.6152155523078459,-0.5887911903435977,1.8328370211435845,0.17563331537842902,1.8326653664479762,0.01818416079954589,-0.6547300832027676,0.019060104359831423,1.6074310885650622,-0.04248896233214733,1.6091547893180078,-0.8364030351484011,-1.0295070271804874,-0.8410968102977684,0.3373974549921968
-1.1286202839467923,-0.5127797575784685,-0.3252156863343304,-0.6152155523078459,-0.5887911903435977,-0.7822377049322597,0.5254752335759142,-0.7827290541013435,-0.689031974003407,0.9454628022093259,-0.6894446160862984,-0.36465322157604324,-1.4214071258094467,-0.3662301586932253,1.4466351108651483,-0.20750471077941549,1.4446030992704393,-0.4314073441609629
2.0072725075393794,1.7498727599639314,-0.3252156863343304,1.6254465548679973,2.338693541950381,-1.3711356024299866,-1.9733956106918369,-1.3716258110462236,2.785637775140514,-1.054778304555791,2.7854913647860022,-0.6970044860262199,-0.14463104851565098,-0.6954609833617638,-1.4071625716517886,-0.6185058689799514,-1.409218753138421,0.3373974549921968
-0.3509188716582216,-0.5127797575784685,-0.3252156863343304,-0.6152155523078459,-0.5887911903435977,0.9016422207253032,-0.5240505210165413,0.9016888756895268,-0.746480903721294,-0.054657751173232495,-0.7453791992794139,-0.9292499479311621,-0.5021283501579138,-0.9312614388676093,0.5548233350786057,-0.6185058689799514,0.5593898394954687,-0.4314073441609629
0.30134682897090215,1.7498727599639314,-0.3252156863343304,-0.6152155523078459,-0.5887911903435977,1.2071330050522495,0.3755429829198491,1.2069625621940419,1.173105747886721,1.9955893832610123,1.1727108827178383,0.0758123096229854,0.774647727135882,0.07422729593090097,0.1624261537325264,-1.0295070271804874,0.16302569332757172,1.1062022541453564
0.2511725443071234,-0.5127797575784685,-0.3252156863343304,1.6254465548679973,0.9481382941107411,-0.9681086038299798,-0.32414085347512117,-0.9678418214498261,0.5471105137194019,0.7954447192019422,0.548108037061382,-0.6769833255171731,0.41715042549361914,-0.6776647225688698,-1.121782803400095,-0.6185058689799514,-1.1185517126152964,-0.4314073441609629
-0.7021388643046729,1.7498727599639314,-0.3252156863343304,-0.6152155523078459,-0.5887911903435977,1.012060576506127,0.07567848160771899,1.0121070176166913,-0.09869469621270698,0.49540855318717464,-0.09980088492553936,1.058851290617181,-1.4724781689011985,1.057470704738294,-0.6580406799910925,1.4364999220227281,-0.6561268754194162,0.3373974549921968
1.2546582375826985,-0.6795015220289611,-0.3252156863343304,-0.6152155523078459,-0.5887911903435977,-0.8319259650336303,-0.6240053547872513,-0.831442940245681,-1.1406994214405872,0.5954206085254304,-1.1415824968973152,0.4682270556003017,-1.9831885998187169,0.47019409857279243,1.839032292211227,-1.4405081853810233,1.840967245438337,-0.4314073441609629
0.6776539639492427,-0.5127797575784685,-0.3252156863343304,-0.6152155523078459,-0.5887911903435977,0.292500958001092,-0.07425376904834607,0.292224033483704,1.3296045564285517,0.9954688298784539,1.3288615941319528,-0.7130214144334569,-1.2171229534424395,-0.7132572441546577,2.0530671183999973,-1.0295070271804874,2.0523614567278825,-1.2002121433141226
-1.4045788495975753,-0.6795015220289611,-0.3252156863343304,-0.6152155523078459,-0.5887911903435977,-1.2312723517742765,0.3755429829198491,-1.2308968066292487,0.3589157439539102,0.9954688298784539,0.35932881878461753,0.7945719718977635,0.3150083393101155,0.7949758580431079,-0.4440058538023224,-0.6185058689799514,-0.4447326641298708,0.3373974549921968
0.30134682897090215,-0.5127797575784685,-0.3252156863343304,1.6254465548679973,1.09451253072544,0.4654897153910494,0.025701064722363966,0.46542896199690414,-0.9643906371339687,-2.0048928302692213,-0.9644563167857828,-0.8391547256404517,-2.0853306860022207,-0.8378310697049158,-0.015936201424782154,0.20349644742112044,-0.02194424155078053,0.3373974549921968
1.630965372561039,1.7498727599639314,-0.3252156863343304,-0.6152155523078459,-0.5887911903435977,0.33482799438374133,-0.5740279379018963,0.33444273480879655,0.996796963580103,0.6454266361945584,0.9979153102393524,-1.2455842839741005,-0.757483565616673,-1.2471450679414775,0.3407885088898349,-1.0295070271804874,0.3347834900003271,0.3373974549921968
0.37660825596657027,-0.5127797575784685,-0.3252156863343304,1.6254465548679973,1.9727579504136337,0.38083564262575126,0.17563331537842902,0.380991559346719,1.4286544352524946,-0.5547180278645117,1.4290777223529514,0.28002814681526206,0.008582080759604505,0.2788842950491822,-0.6937131510225542,-0.20750471077941549,-0.6957632900362056,-0.4314073441609629
0.20099825964334464,-0.5127797575784685,-0.3252156863343304,-0.6152155523078459,-0.5887911903435977,0.37531472483670986,-1.4236440249529316,0.37557890533068183,1.9853147542430538,0.9954688298784539,1.986092946651059,0.7104830977597674,-1.6256912981764542,0.7104436192768608,0.5904958061100672,0.20349644742112044,0.585814115906662,-1.2002121433141226
-0.5265288679814473,-0.5127797575784685,3.074882430400277,-0.6152155523078459,-0.5887911903435977,0.17288107257186622,1.0752268193148193,0.17314564513087885,0.4460796373189796,-0.40469994485712796,0.44556130120733667,1.3711813945583102,0.8257187702276338,1.373354333812162,1.3039452267393015,-0.6185058689799514,1.299269579008877,0.3373974549921968
0.050475405652008386,-0.5127797575784685,-0.3252156863343304,-0.6152155523078459,-0.5887911903435977,-0.38657193005097445,-0.5240505210165413,-0.3865227801273985,-0.045207761647777414,0.8454507468710701,-0.04619690936547025,-0.3886786141868997,-1.2171229534424395,-0.38847548468434234,0.09108121166960323,-0.20750471077941549,0.09696500229958847,-0.4314073441609629
0.37660825596657027,-0.6795015220289611,-0.3252156863343304,-0.6152155523078459,-0.5887911903435977,-0.6129295594016629,1.1252042362001744,-0.612771717997766,-0.47706523332016915,0.6454266361945584,-0.47735932147906873,0.24198794184807312,0.11072416694310817,0.2432917734633942,-0.872075506179863,0.20349644742112044,-0.8675210867089616,-0.4314073441609629
-0.37600601399011097,-0.5127797575784685,-0.3252156863343304,-0.6152155523078459,-0.5887911903435977,0.7010488743901404,-0.3741182703604762,0.7014206770961391,0.2776948433182765,-0.2546818618497442,0.27775755162799043,0.5643286260437258,-1.5235492119929503,0.5636244677354855,0.3764609799212971,1.0254987638221924,0.37441990461711655,-1.2002121433141226
-0.024786021343659734,-0.5127797575784685,-0.3252156863343304,-0.6152155523078459,-0.5887911903435977,-1.2220708221258745,-0.22418601970441113,-1.2222365602035885,-0.055112749530171715,-0.5547180278645117,-0.05551933989765597,1.681509382448535,-0.3489152208826583,1.6803398324895837,0.5191508640471435,-1.0295070271804874,0.5197534248786793,1.8750070532985164
-0.4512674409857791,1.7498727599639314,-0.3252156863343304,-0.6152155523078459,-0.5887911903435977,0.8869197732878603,-1.1237795236408015,0.8865334444446218,0.13506301781179875,0.7454386915328143,0.13559048601215537,0.22396889738993095,0.008582080759604505,0.2254955126704998,0.6618407481729904,0.20349644742112044,0.6650869451402415,-0.4314073441609629
0.6023925369535746,-0.5127797575784685,-0.3252156863343304,-0.6152155523078459,-0.5887911903435977,-0.29271632763727384,-1.3736666080675766,-0.29234260024834585,1.0879228520981303,-0.7547421385410233,1.0888090079281652,-0.15242892018014775,-0.24677313469915466,-0.15267502917849726,1.9460497053056118,-0.20750471077941549,1.9466643510831096,-1.2002121433141226
-0.4512674409857791,-0.6795015220289611,-0.3252156863343304,1.6254465548679973,2.192319305335682,-1.3214473423286157,-0.5240505210165413,-1.3218293940986785,-1.1941863560055164,-0.3046878895188721,-1.1951864724573842,1.0628555227189902,-1.063909824167184,1.0619197699365175,0.09108121166960323,-1.0295070271804874,0.09696500229958847,-1.2002121433141226
0.8030896756086896,1.7498727599639314,-0.3252156863343304,-0.6152155523078459,-0.5887911903435977,0.13423464804857801,-1.7734859431504169,0.1341745362154089,-1.1743763802407277,1.3955170512314772,-1.174211003759966,0.7545296508796699,0.41715042549361914,0.7549342712590965,-0.08728114348770531,1.4364999220227281,-0.08800493257876318,0.3373974549921968
-2.132105977222367,-0.5127797575784685,-0.3252156863343304,-0.6152155523078459,-0.5887911903435977,-0.092122981302111,-0.8738924392140264,-0.0920744016549586,1.5871342413708034,1.0954808852167097,1.5875590414001117,-0.5768775229719393,-1.0128387810754322,-0.5753362230097292,0.09108121166960323,1.4364999220227281,0.09696500229958847,2.643811852451676
0.6023925369535746,-0.5127797575784685,-0.3252156863343304,-0.6152155523078459,-0.5887911903435977,0.48389277468785336,1.3750913206269495,0.4838319856514319,-0.05115075437721422,-1.4548265259088142,-0.05085812463156311,-1.293635069195813,0.8257187702276338,-1.2916357199237123,1.0542379295190691,-0.6185058689799514,1.0482389531025422,-1.2002121433141226
-2.1571931195542566,-0.5127797575784685,-0.3252156863343304,-0.6152155523078459,-0.5887911903435977,-1.0785269596108036,1.4750461543976596,-1.0782599633769911,0.30344781181250186,-0.7047361108718955,0.3033942355915016,0.6924640533016252,-3.4131778063877682,0.6926473584839673,2.0887395894314595,0.20349644742112044,2.091997871344671,0.3373974549921968
0.4518696829622384,1.7498727599639314,-0.3252156863343304,-0.6152155523078459,-0.5887911903435977,-0.8245647413149085,-1.5235988587236418,-0.8249477554264361,0.21430292087095315,-1.3048084429014306,0.21483114553573562,-0.24052202641995357,0.26393729621836365,-0.2416563331429669,0.3764609799212971,0.6144976056216563,0.37441990461711655,-0.4314073441609629
-1.1286202839467923,1.7498727599639314,-0.3252156863343304,-0.6152155523078459,-0.5887911903435977,-0.5301157925660451,-1.0738021067554464,-0.5304993769539962,-0.7702528746390401,-0.6547300832027676,-0.771015883242925,-0.6569621650081263,0.774647727135882,-0.6554193965777524,0.5191508640471435,0.20349644742112044,0.5197534248786793,1.1062022541453564
-0.12513459067121724,-0.6795015220289611,-0.3252156863343304,-0.6152155523078459,-0.5887911903435977,-0.16941583034868746,-0.7239601885579613,-0.1689340886826912,1.521761321347001,-0.6047240555336396,1.52230202767481,-0.7610721996551693,0.8767898133193857,-0.7621969613351164,0.697513219204452,0.6144976056216563,0.6915112215514346,-0.4314073441609629
1.2044839529189195,1.7498727599639314,-0.3252156863343304,-0.6152155523078459,-0.5887911903435977,0.6992085684604595,-0.47407310413118625,0.6992556154897238,1.4425214182878465,-1.3048084429014306,1.4430613681512299,0.528290537127442,-0.04248896233214733,0.5280319461496983,-0.2299710276135523,-0.6185058689799514,-0.23333845284032595,1.1062022541453564
0.15082397497956587,-0.6795015220289611,-0.3252156863343304,-0.6152155523078459,-0.5887911903435977,-1.7097518934911795,-0.27416343658976616,-1.7093754216469637,-1.8340485732081884,-0.7547421385410233,-1.8337729639121196,0.0758123096229854,-0.6553414794331693,0.07422729593090097,1.0542379295190691,-0.6185058689799514,1.0482389531025422,-0.4314073441609629
-0.5265288679814473,-0.5127797575784685,-0.3252156863343304,-0.6152155523078459,-0.5887911903435977,-0.35160611738704683,0.12565589849307401,-0.3518817944247585,0.7194573028730625,0.4454025255180467,0.720573001906821,0.8926756583920927,-0.6042704363414175,0.8928552924040243,0.1624261537325264,-1.4405081853810233,0.16302569332757172,-0.4314073441609629
-0.32583172932633225,-0.5127797575784685,-0.3252156863343304,-0.6152155523078459,-0.5887911903435977,-0.23934745567654275,-1.9733956106918369,-0.23929859089117855,-0.4235782987552396,-0.6047240555336396,-0.42375534591899966,0.8446248731703804,1.5917844166039112,0.8439155752235661,-1.22880021649448,1.0254987638221924,-1.2242488182600688,1.8750070532985164
0.7529153909449109,-0.5127797575784685,-0.3252156863343304,-0.6152155523078459,-0.5887911903435977,-0.24302806753590334,1.4250687375123046,-0.24254618330080116,0.18854995237672775,0.34539047017979085,0.18919446157222447,1.1349317005515585,-0.3489152208826583,1.1331048131080936,-0.12295361451916689,0.20349644742112044,-0.12764134719555323,-0.4314073441609629
1.1793968105870303,1.7498727599639314,-0.3252156863343304,-0.6152155523078459,-0.5887911903435977,1.0967146492714257,-0.8239150223286714,1.0965444202668766,-0.09869469621270698,-0.7547421385410233,-0.09980088492553936,0.6424111520290082,0.21286625312661184,0.6437076413035091,0.2337710957954502,-0.6185058689799514,0.22908638435555437,-0.4314073441609629
0.17591111731145526,-0.5127797575784685,-0.3252156863343304,-0.6152155523078459,-0.5887911903435977,0.5685468474531515,0.8253397348880442,0.5682693883016162,-0.722708932803548,0.1453663595032792,-0.7220731229489488,0.017750944146749686,-1.6256912981764542,0.01638944835399595,-0.30131596967647545,0.20349644742112044,-0.29939914386830857,-1.2002121433141226
-0.9028360029597878,1.7498727599639314,-0.3252156863343304,-0.6152155523078459,-0.5887911903435977,0.22624994453259784,-0.5740279379018963,0.22618965448804657,-1.2120153341938262,-0.6047240555336396,-1.2115007258887096,-0.2625453029799049,0.11072416694310817,-0.2639016591340847,-1.6925423399034822,-0.20750471077941549,-1.6866736554559492,0.3373974549921968
0.4518696829622384,-0.5127797575784685,-0.3252156863343304,-0.6152155523078459,-0.5887911903435977,0.9329274215298703,0.8253397348880442,0.9330822689825442,0.48173759369559926,0.04535430416502335,0.4828510233360804,-0.04031042132948602,0.5703635547688747,-0.041448399222909854,-0.9434204482427865,0.6144976056216563,-0.9467939159425411,1.1062022541453564
0.15082397497956587,-0.5127797575784685,-0.3252156863343304,1.6254465548679973,2.1191321870283324,-2.202953882645526,0.07567848160771899,-2.2030094679095837,-1.950927430220441,-1.004772276886663,-1.9503033455644434,1.227029038893174,0.3150083393101155,1.2265351822707866,0.3051160378583733,-0.6185058689799514,0.3083592135891339,-1.2002121433141226
-0.4512674409857791,1.7498727599639314,-0.3252156863343304,-0.6152155523078459,-0.5887911903435977,-0.8705723895569185,0.9752719855441093,-0.8704140491611508,-1.5666139003835422,0.04535430416502335,-1.5657530861117743,-0.05632734973672365,-0.8085546087084248,-0.05479559481758006,-0.5866957379281693,-1.0295070271804874,-0.5900661843914335,-0.4314073441609629
-0.25057030233066413,1.7498727599639314,-0.3252156863343304,-0.6152155523078459,-0.5887911903435977,0.7028891803198207,-1.4736214418382867,0.7025032078993464,0.5827684700960211,0.7954447192019422,0.5830671515570789,0.6324005717744848,0.5192925116771229,0.6303604457088381,0.1267536827010648,-1.0295070271804874,0.12338927871078165,-0.4314073441609629
-0.576703152645226,-0.6795015220289611,-0.3252156863343304,-0.6152155523078459,-0.5887911903435977,0.7415356048431089,-0.27416343658976616,0.7414743168148163,-0.4116923132963666,1.0454748575475818,-0.4121023077537675,-0.24652837457266785,0.468221468585371,-0.2461053983411903,0.4478059219842203,0.20349644742112044,0.4536927338506961,-1.2002121433141226
2.6093639235047243,1.7498727599639314,-0.3252156863343304,-0.6152155523078459,-0.5887911903435977,-2.3888247815432457,1.1252042362001744,-2.3892047660612734,-0.990143605628194,-0.9547662492175351,-0.990093000749294,-0.24652837457266785,-1.676762341268206,-0.2461053983411903,-0.05160867245624374,-0.20750471077941549,-0.04836851796197371,0.3373974549921968
0.5271311099579065,-0.5127797575784685,-0.3252156863343304,-0.6152155523078459,-0.5887911903435977,-0.7049448558856828,1.3750913206269495,-0.7047868362704036,-1.0753265014167848,-1.5048325535779423,-1.076325483172014,-1.5519080397625162,-1.2681939965341913,-1.549681501420675,-0.7650580930854779,-0.20750471077941549,-0.7618239810641889,-1.2002121433141226
0.35152111363468086,-0.5127797575784685,-0.3252156863343304,-0.6152155523078459,-0.5887911903435977,1.2016120872632081,-0.17420860281905612,1.201549908178004,0.9908539708506662,-1.2548024152323025,0.9909234873402126,1.3952067871691662,1.2342871149616486,1.3955996598032798,1.2326002846763777,1.4364999220227281,1.2332088879808945,-0.4314073441609629
0.20099825964334464,-0.5127797575784685,-0.3252156863343304,-0.6152155523078459,-0.5887911903435977,0.005413232970950234,-0.024276352162991052,0.005353370633716637,0.5609774967547537,0.1453663595032792,0.5620916828596606,-1.2235610074141492,0.26393729621836365,-1.22489974195036,-0.872075506179863,1.4364999220227281,-0.8675210867089616,1.1062022541453564
0.3264339713027915,-0.6795015220289611,-0.3252156863343304,-0.6152155523078459,-0.5887911903435977,0.2446530038294018,0.025701064722363966,0.24459267814257424,0.9769869878153143,-0.9547662492175351,0.9769398415419341,-1.3456900865193344,-1.063909824167184,-1.3450245023023943,-0.2299710276135523,-1.0295070271804874,-0.23333845284032595,0.3373974549921968
0.00030112098822963846,1.7498727599639314,-0.3252156863343304,-0.6152155523078459,-0.5887911903435977,-1.5809304784135518,1.3251139037415944,-1.5805542560652712,-1.0040105886635458,0.1953723871724071,-1.004076646547573,0.8125910163559057,0.8257187702276338,0.8127721188360015,0.1624261537325264,-1.0295070271804874,0.16302569332757172,-0.4314073441609629
0.7529153909449109,1.7498727599639314,-0.3252156863343304,-0.6152155523078459,-0.5887911903435977,1.5402283783244006,1.1252042362001744,1.5403820495819518,-0.9663716347104474,-1.3048084429014306,-0.9667869244188292,0.3601127888514491,0.059653123851356335,0.358967468617205,0.1624261537325264,-1.0295070271804874,0.16302569332757172,0.3373974549921968
-0.6770517219727835,-0.5127797575784685,-0.3252156863343304,-0.6152155523078459,-0.5887911903435977,0.9421289511782722,-0.3741182703604762,0.9417425154082041,0.44211764216602206,-1.104784332224919,0.4432306935742906,-0.8551716540476888,0.059653123851356335,-0.8556273304978098,-0.1942985565820907,-1.0295070271804874,-0.19370203822353588,1.1062022541453564
0.30134682897090215,-0.5127797575784685,-0.3252156863343304,-0.6152155523078459,-0.5887911903435977,-1.6398202681633245,1.4750461543976596,-1.6400934502416835,-0.5959250879089008,-0.004651723504104576,-0.5962203107644392,-1.2636033284322428,-1.319265039625943,-1.2649413287343714,-1.7282148109349438,1.847501080223264,-1.726310070072739,-0.4314073441609629
-1.5300145612570222,1.7498727599639314,-0.3252156863343304,-0.6152155523078459,-0.5887911903435977,-1.1779034798135448,0.22561073226378406,-1.177852797272081,-1.443792050641853,0.6454266361945584,-1.4445614891933576,-1.8622360276527408,-0.451057307066162,-1.86111606529632,-0.33698844070793704,0.6144976056216563,-0.33903555848509864,-0.4314073441609629
-0.5265288679814473,-0.5127797575784685,-0.3252156863343304,-0.6152155523078459,-0.5887911903435977,-1.0196371698610307,-0.024276352162991052,-1.0198033000037863,-0.548381146073408,0.34539047017979085,-0.5472775504704629,1.0548470585153713,-1.932117556726965,1.0530216395400707,-0.8364030351484011,1.847501080223264,-0.8410968102977684,-0.4314073441609629
0.8030896756086896,1.7498727599639314,-0.3252156863343304,-0.6152155523078459,-0.5887911903435977,0.8777182436394584,-0.5240505210165413,0.8778731980189611,-2.5254167273993104,1.7455592449153727,-2.525963430926924,-1.726092136191223,-0.04248896233214733,-1.727644109349615,-1.9779221081551759,1.0254987638221924,-1.9773406959790738,-1.2002121433141226
-1.178794568610571,-0.6795015220289611,-0.3252156863343304,1.6254465548679973,2.2655064236430316,-0.6589372076436729,-1.3736666080675766,-0.6593205425356885,0.19053094995320707,0.8454507468710701,0.1915250692052705,-1.4277768446064265,0.8767898133193857,-1.429556741068641,0.8045306322988374,1.4364999220227281,0.8104204654018037,0.3373974549921968
1.028873956595694,-0.6795015220289611,3.074882430400277,1.6254465548679973,1.240886767340139,0.20968719116547416,0.4255203998052041,0.2099516924399342,-1.0119345789694614,0.9954688298784539,-1.0110684694467122,0.5463095815855842,-2.034259642910469,0.5458282069425918,-0.1586260855506285,-0.6185058689799514,-0.15406562360674642,-1.2002121433141226
1.1292225259232516,-0.5127797575784685,-0.3252156863343304,1.6254465548679973,1.7531965954915851,-0.4730663087459529,-1.0238246898700913,-0.47312524438399856,-0.3007564490135505,-0.4547059725262559,-0.3002331413675364,-1.047374794934538,0.3660793824018673,-1.04693713402142,-0.7293856220540164,-0.20750471077941549,-0.7353997046529958,1.1062022541453564
0.17591111731145526,1.7498727599639314,-0.3252156863343304,-0.6152155523078459,-0.5887911903435977,-0.7564734219167342,1.0752268193148193,-0.7567483148243637,-0.5622481291087598,0.8454507468710701,-0.5612611962687418,0.6223899915199615,-0.39998626397441017,0.6214623153123913,-0.1586260855506285,-0.6185058689799514,-0.15406562360674642,-0.4314073441609629
-0.42618029865388973,1.7498727599639314,-0.3252156863343304,-0.6152155523078459,-0.5887911903435977,0.8685167139910563,2.17472999079263,0.8681304207900941,0.01818416079954589,1.0954808852167097,0.019060104359831423,-1.4077556840973797,1.081073985686393,-1.407311415077523,1.0542379295190691,0.20349644742112044,1.0482389531025422,0.3373974549921968
0.12573683264767652,1.7498727599639314,-0.3252156863343304,-0.6152155523078459,-0.5887911903435977,-0.18965919557517172,0.3255655660344941,-0.18950217394363345,-0.06897973256552407,-1.4548265259088142,-0.06950298569593455,0.03376787255398675,-1.063909824167184,0.03418570914688956,0.1624261537325264,-0.20750471077941549,0.16302569332757172,-0.4314073441609629
0.025388263320119012,-0.5127797575784685,-0.3252156863343304,-0.6152155523078459,-0.5887911903435977,1.681931934909792,-1.0238246898700913,1.6821935848021345,-0.5681911218381966,1.6455471895771168,-0.5682530191678815,-0.6269304242445563,0.26393729621836365,-0.6287250053884111,0.01973626960668006,0.20349644742112044,0.017692173066008943,-0.4314073441609629
-0.7272260066365622,-0.6795015220289611,-0.3252156863343304,-0.6152155523078459,-0.5887911903435977,-0.6018877238235807,-1.0738021067554464,-0.6019464099656913,-0.7603478867566458,0.1453663595032792,-0.7593628450776925,-0.7530637354515505,-1.0128387810754322,-0.7532988309386692,0.09108121166960323,-0.20750471077941549,0.09696500229958847,-0.4314073441609629
0.5522182522897958,-0.6795015220289611,-0.3252156863343304,-0.6152155523078459,-0.5887911903435977,0.5004555280549771,0.7253849011173342,0.5000699476995442,0.4698516082367262,-0.7047361108718955,0.4688673775378018,-0.06233369788943734,-2.034259642910469,-0.06369372521402686,-0.6937131510225542,-1.0295070271804874,-0.6957632900362056,1.1062022541453564
-0.1502217330031066,-0.5127797575784685,-0.3252156863343304,-0.6152155523078459,-0.5887911903435977,0.3440295240321433,0.6254300673466242,0.3441855120376637,0.6976663295317952,2.195613493937524,0.6972669255763568,2.504379079370357,-0.04248896233214733,2.5034168941609307,-0.05160867245624374,-0.6185058689799514,-0.04836851796197371,-1.2002121433141226
0.6023925369535746,-0.6795015220289611,-0.3252156863343304,-0.6152155523078459,-0.5887911903435977,-1.2275917399149157,0.3755429829198491,-1.227649214219626,-0.623659053979605,0.34539047017979085,-0.6241876023609967,-0.8791970466585453,-1.9831885998187169,-0.8778726564889272,-0.37266091173939925,0.20349644742112044,-0.3786719731018881,0.3373974549921968
0.27625968663901274,-0.5127797575784685,3.074882430400277,-0.6152155523078459,-0.5887911903435977,-0.32768214030120146,1.8748654894804997,-0.32806611675419356,0.004317177764194092,0.6954326638636863,0.005076458561552018,-1.3316752741630018,1.744997545879167,-1.3316773067077237,0.1624261537325264,-0.20750471077941549,0.16302569332757172,-0.4314073441609629
0.7027411062811321,1.7498727599639314,-0.3252156863343304,1.6254465548679973,1.3872610039548379,0.31090401729789596,-0.5740279379018963,0.3106270571382317,-0.39782533026101474,-0.2546818618497442,-0.3981186619554885,0.8906735423411881,-0.8596256518001767,0.8928552924040243,-1.3001451585574035,0.20349644742112044,-1.3035216474936484,-0.4314073441609629
0.7027411062811321,1.7498727599639314,-0.3252156863343304,-0.6152155523078459,-0.5887911903435977,-0.662617819503034,0.6754074842319793,-0.6625681349453111,1.9239038293722097,-0.10466377884236042,1.9231665405588043,0.24198794184807312,-0.7064125225249211,0.2432917734633942,0.4121334509527587,1.4364999220227281,0.4140563192339066,1.8750070532985164
0.47695682529412775,1.7498727599639314,-0.3252156863343304,-0.6152155523078459,-0.5887911903435977,-0.399454071558737,0.4754978166905591,-0.3995131497658886,-0.07294172771848156,0.1453663595032792,-0.07183359332898138,-0.9132330195239244,1.642855459695663,-0.9134651780747152,-0.08728114348770531,0.20349644742112044,-0.08800493257876318,-0.4314073441609629
1.9821853652074901,-0.5127797575784685,-0.3252156863343304,1.6254465548679973,1.8263837137989347,0.958691704545396,-1.1237795236408015,0.9590630082595236,0.6382364022374294,-1.054778304555791,0.6390017347501948,0.12786732694650685,1.081073985686393,0.12761607830958338,-0.9434204482427865,-0.20750471077941549,-0.9467939159425411,-0.4314073441609629
1.3550068069102559,-0.6795015220289611,-0.3252156863343304,1.6254465548679973,0.9481382941107411,0.2980218757901334,-0.47407310413118625,0.2976366874997412,0.2618468627064459,-0.8047481662101513,0.261443298196665,-2.2486444254773432,0.5703635547688747,-2.248184737541764,-0.5866957379281693,-0.20750471077941549,-0.5900661843914335,-1.2002121433141226
0.47695682529412775,-0.5127797575784685,-0.3252156863343304,-0.6152155523078459,-0.5887911903435977,-0.5356367103550865,-0.7739376054433164,-0.5359120309700334,-1.6181198373719925,1.3955170512314772,-1.617026454038797,0.6484175001817225,1.1832160718698967,0.6481567065017325,-1.3714901006203266,-1.0295070271804874,-1.3695823385216315,-0.4314073441609629
-1.6052759882526904,1.7498727599639314,3.074882430400277,-0.6152155523078459,-0.5887911903435977,-0.12524848803635782,0.9252945686587544,-0.12563285655439096,-0.350281388425522,-0.7047361108718955,-0.34917590166151224,0.5182799568729186,0.008582080759604505,0.5191338157532507,-0.1586260855506285,-1.4405081853810233,-0.15406562360674642,-1.2002121433141226
0.5522182522897958,-0.6795015220289611,-0.3252156863343304,-0.6152155523078459,-0.5887911903435977,1.039665165451333,1.7249332388244347,1.039170287696879,1.4504454085937615,-0.6047240555336396,1.4500531910503696,0.5302926531783465,-1.1660519103506877,0.5324810113479217,-0.05160867245624374,0.6144976056216563,-0.04836851796197371,0.3373974549921968
-1.6805374152483585,-0.5127797575784685,-0.3252156863343304,-0.6152155523078459,-0.5887911903435977,-0.5282754866363648,0.07567848160771899,-0.5283343153475809,-1.3724761378886137,0.04535430416502335,-1.3723126525689167,-0.27856223138714253,-0.7064125225249211,-0.2772488547287549,-0.12295361451916689,1.0254987638221924,-0.12764134719555323,-1.2002121433141226
0.17591111731145526,-0.5127797575784685,-0.3252156863343304,-0.6152155523078459,-0.5887911903435977,-0.0258719678336163,1.8248880725951446,-0.02604002265930116,-0.23142153383679037,-1.2047963875631746,-0.23031491237614188,-1.429778960657331,0.11072416694310817,-1.429556741068641,1.5536525239595331,0.20349644742112044,1.550300204915212,-1.2002121433141226
0.12573683264767652,-0.6795015220289611,-0.3252156863343304,1.6254465548679973,1.7531965954915851,-0.2540699031139856,1.2751364868562394,-0.2544540221360836,0.31335279969489616,-0.35469391718800003,0.3127166661236873,-0.5488478982592737,-0.7064125225249211,-0.5486418318203884,1.3752901688022245,1.4364999220227281,1.3785424082424567,1.8750070532985164
-0.7272260066365622,-0.5127797575784685,-0.3252156863343304,-0.6152155523078459,-0.5887911903435977,0.7010488743901404,-0.3741182703604762,0.7014206770961391,-0.2175545508014386,0.6454266361945584,-0.21866187421090932,-0.35864687342332957,-0.451057307066162,-0.35733202829677774,0.05540874063814164,0.20349644742112044,0.057328587682799005,1.8750070532985164
-1.5049274189251327,-0.5127797575784685,-0.3252156863343304,-0.6152155523078459,-0.5887911903435977,0.9642126223344368,-1.3236891911822215,0.9644756622755616,2.504336119280516,-0.6047240555336396,2.5034878411873778,0.5202820729238231,0.9789318995028893,0.5191338157532507,0.2337710957954502,-1.0295070271804874,0.22908638435555437,1.1062022541453564
-0.6770517219727835,-0.5127797575784685,-0.3252156863343304,-0.6152155523078459,-0.5887911903435977,0.38083564262575126,-0.6739827716726063,0.380991559346719,2.1497375530907994,0.24537841484153503,2.1492354809643133,-0.9692922689492556,0.9278608564111375,-0.9713030256516206,-0.08728114348770531,-1.0295070271804874,-0.08800493257876318,-0.4314073441609629
-0.04987316367554911,-0.5127797575784685,-0.3252156863343304,-0.6152155523078459,-0.5887911903435977,0.05326118714264044,-0.8738924392140264,0.052984725974846394,-0.9148656977219971,0.5454145808563026,-0.9155135564918065,-0.0903633226021029,-2.1874727721857243,-0.09038811640336807,0.6618407481729904,0.20349644742112044,0.6650869451402415,-1.2002121433141226
-0.42618029865388973,-0.5127797575784685,-0.3252156863343304,1.6254465548679973,1.8263837137989347,-0.3792107063322528,0.2755881491491391,-0.37894506450494597,-1.0079725838165035,0.04535430416502335,-1.0087378618136658,0.25800487025531077,0.41715042549361914,0.2566389690580644,0.982892987456146,5.5465115040280875,0.982178262074559,-0.4314073441609629
0.5522182522897958,-0.5127797575784685,-0.3252156863343304,-0.6152155523078459,-0.5887911903435977,-0.13813062954412092,-0.4240956872458312,-0.13862322619288106,-0.7544048940272096,-1.2047963875631746,-0.7547016298115996,0.9967856930391362,0.059653123851356335,0.995183791963165,-0.5510232668967078,-0.20750471077941549,-0.5504297697746435,-0.4314073441609629
0.7278282486130215,-0.5127797575784685,-0.3252156863343304,1.6254465548679973,2.704629133487128,-0.09580359316147159,0.9752719855441093,-0.09532199406458083,0.33316277545968476,-0.2546818618497442,0.33369213482110555,0.3961508777677335,-1.676762341268206,0.39455999020299304,0.697513219204452,-1.0295070271804874,0.6915112215514346,-0.4314073441609629
-0.5516160103133366,-0.6795015220289611,-0.3252156863343304,-0.6152155523078459,-0.5887911903435977,0.47837185689881195,1.1252042362001744,0.4784193316353939,0.27373284816531895,0.3953964978489188,0.27309633636189756,0.5122736087202043,0.3150083393101155,0.5102356853568039,-1.2644726875259416,5.5465115040280875,-1.2638852328768586,-0.4314073441609629
2.182882503862605,-0.5127797575784685,3.074882430400277,1.6254465548679973,1.3140738856474885,0.35139074775086504,0.7253849011173342,0.3517632276601162,-0.6751649909680552,-1.654850636585326,-0.6754609702880194,-0.04031042132948602,0.9278608564111375,-0.041448399222909854,1.48230758189661,-0.6185058689799514,1.4842395138872293,-0.4314073441609629
-0.4010931563220003,-0.6795015220289611,3.074882430400277,-0.6152155523078459,-0.5887911903435977,-1.1687019501651428,-0.7239601885579613,-1.1691925508464212,0.5748444797901054,1.3455110235623493,0.5737447210248932,0.07381019357208027,0.468221468585371,0.07422729593090097,-0.05160867245624374,-0.6185058689799514,-0.04836851796197371,1.1062022541453564
1.1543096682551408,-0.5127797575784685,-0.3252156863343304,-0.6152155523078459,-0.5887911903435977,-0.45282294351946867,0.8253397348880442,-0.45255715912305594,0.7729442374379915,-0.35469391718800003,0.7718463698338442,0.1659075319136958,1.6939265027874149,0.16765766509359478,0.1267536827010648,-0.20750471077941549,0.12338927871078165,-1.2002121433141226
0.4518696829622384,-0.5127797575784685,-0.3252156863343304,-0.6152155523078459,-0.5887911903435977,-0.3792107063322528,0.6754074842319793,-0.37894506450494597,0.6065404410137677,0.8454507468710701,0.606373227887544,-1.147480597479772,-0.451057307066162,-1.1492656335805602,-0.5153507958652456,-0.6185058689799514,-0.510793355157854,2.643811852451676
-1.329317422601907,-0.5127797575784685,-0.3252156863343304,-0.6152155523078459,-0.5887911903435977,-0.1436515473331618,-0.1242311859337011,-0.14403588020891864,-0.8257208067804485,1.3455110235623493,-0.8246198588029942,-1.2215588913632447,0.059653123851356335,-1.2204506767521364,-0.9434204482427865,-0.6185058689799514,-0.9467939159425411,0.3373974549921968
1.1793968105870303,-0.6795015220289611,-0.3252156863343304,1.6254465548679973,1.8263837137989347,1.1408819915837547,-0.8239150223286714,1.1409281831983844,-0.6910129715798857,-0.8047481662101513,-0.6917752237193447,-0.7991124046223582,-1.0128387810754322,-0.797789482920904,0.3764609799212971,-0.6185058689799514,0.37441990461711655,-0.4314073441609629
1.9821853652074901,-0.5127797575784685,-0.3252156863343304,-0.6152155523078459,-0.5887911903435977,-0.6662984313623945,1.0252494024294643,-0.6658157273549337,-0.22547854110735358,0.5454145808563026,-0.225653697110049,-0.5128098093429894,-0.9106966948919285,-0.5130493102346003,-0.5153507958652456,0.20349644742112044,-0.510793355157854,1.1062022541453564
0.050475405652008386,1.7498727599639314,-0.3252156863343304,-0.6152155523078459,-0.5887911903435977,0.49309430433625534,1.2251590699708845,0.49357476288029895,-0.4057493205669303,0.6454266361945584,-0.4051104848546278,0.40215722592044717,-0.24677313469915466,0.4034581205994398,0.697513219204452,-0.20750471077941549,0.6915112215514346,1.1062022541453564
0.8532639602724683,-0.6795015220289611,3.074882430400277,1.6254465548679973,2.4118806602577303,-0.12156787617699724,-0.7739376054433164,-0.12130273334156105,0.06374710505855989,0.34539047017979085,0.06334164938771399,-1.5679249681697536,-1.1149808672589359,-1.5674777622135692,1.5536525239595331,4.31350802942648,1.550300204915212,-1.2002121433141226
-0.32583172932633225,1.7498727599639314,-0.3252156863343304,-0.6152155523078459,-0.5887911903435977,-0.6515759839249512,0.7753623180026893,-0.6517428269132359,-0.8772267437688986,-1.3048084429014306,-0.8782238343630633,0.2840323789170712,-0.5021283501579138,0.2833333602474056,-0.872075506179863,2.2585022384238003,-0.8675210867089616,1.1062022541453564
0.5773053946216853,-0.5127797575784685,-0.3252156863343304,1.6254465548679973,1.6068223588768862,-0.6478953720655906,-3.2728084497110674,-0.647412703700406,1.2206496897222143,0.04535430416502335,1.2216536430118146,0.5202820729238231,-0.9106966948919285,0.5191338157532507,0.6261682771415289,1.0254987638221924,0.625450530523452,0.3373974549921968
0.12573683264767652,-0.6795015220289611,-0.3252156863343304,-0.6152155523078459,-0.5887911903435977,0.2556948394074841,-1.7235085262650618,0.2554179861746486,0.7432292737908086,-0.9047602215484072,0.7438790782372862,-0.48277806857941924,0.3660793824018673,-0.4819058538470357,0.9472205164246843,-0.6185058689799514,0.9425418474577696,-1.2002121433141226
1.6058782302291497,1.7498727599639314,-0.3252156863343304,-0.6152155523078459,-0.5887911903435977,1.1629656627399199,1.2751364868562394,1.162578799262534,0.18062596207081277,-1.754862691923582,0.17987203104003793,0.5583222778910121,1.3364292011451522,0.5591754025372621,-3.654528246633876,-1.8515093435815593,-3.655282248089839,-0.4314073441609629
-0.024786021343659734,-0.5127797575784685,-0.3252156863343304,-0.6152155523078459,-0.5887911903435977,0.16183923699378394,2.57454932587547,0.1623203370988037,-1.0376875474636862,0.7454386915328143,-1.0367051534102238,-0.41470612284866015,-0.6042704363414175,-0.41516987587368354,1.7676873501483032,0.20349644742112044,1.7616944162047568,0.3373974549921968
-0.20039601766688536,-0.5127797575784685,-0.3252156863343304,-0.6152155523078459,-0.5887911903435977,-0.06635869828658535,0.12565589849307401,-0.06609366237797838,-0.019454793153552568,1.4955291065697331,-0.020560225401959117,1.2690734759621713,-0.19570209160740282,1.271025834253022,-0.622368208959631,0.6144976056216563,-0.6164904608026267,0.3373974549921968
1.1793968105870303,-0.5127797575784685,-0.3252156863343304,1.6254465548679973,2.192319305335682,0.5427825644376258,0.4754978166905591,0.5422886490246368,-1.6656637792074853,-1.3548144705705585,-1.665969214332773,-1.8201915905837427,0.26393729621836365,-1.8210744785123085,2.2314294735573057,-0.20750471077941549,2.237331391606234,0.3373974549921968
0.8030896756086896,1.7498727599639314,-0.3252156863343304,-0.6152155523078459,-0.5887911903435977,1.2163345347006516,0.07567848160771899,1.216705339422909,1.2681936315577065,-0.5047120001953838,1.268265795672744,-1.7781471535147444,0.16179521003486,-1.7765838265300733,0.3407885088898349,1.0254987638221924,0.3347834900003271,-1.2002121433141226
0.7278282486130215,-0.5127797575784685,-0.3252156863343304,1.6254465548679973,0.2894542293445959,-0.6957433262372809,-0.4240956872458312,-0.6961265898447434,0.558996499178275,0.09536033183415127,0.5597610752266146,-0.10838236706024511,0.059653123851356335,-0.10818437719626246,-0.5510232668967078,0.20349644742112044,-0.5504297697746435,-1.2002121433141226
-0.9279231452916772,-0.5127797575784685,-0.3252156863343304,1.6254465548679973,2.5582548968724295,-1.128215219712174,-0.024276352162991052,-1.1280563803245363,-1.1208894456757987,0.3953964978489188,-1.1206070281998968,-0.8491653058949751,-0.451057307066162,-0.851178265299586,-0.622368208959631,0.6144976056216563,-0.6164904608026267,-0.4314073441609629
0.4016953982984596,1.7498727599639314,-0.3252156863343304,-0.6152155523078459,-0.5887911903435977,-0.38657193005097445,-0.8239150223286714,-0.3865227801273985,-0.3760343569197474,-0.4547059725262559,-0.3771431932580702,-0.464759024121277,-1.676762341268206,-0.46410959305414173,-0.9077479772113245,2.2585022384238003,-0.9071575013257511,0.3373974549921968
-0.3509188716582216,-0.5127797575784685,-0.3252156863343304,-0.6152155523078459,-0.5887911903435977,1.1095967907791882,-0.8738924392140264,1.1095347899053662,-1.3189892033236847,0.2953844425106629,-1.3187086770088474,-0.22850933011452565,-0.8085546087084248,-0.22830913754829668,-0.33698844070793704,-1.0295070271804874,-0.33903555848509864,-1.2002121433141226
0.3264339713027915,1.7498727599639314,-0.3252156863343304,1.6254465548679973,1.4604481222621875,0.8482733487645722,-0.32414085347512117,0.8486448663323591,-0.15218163077763597,0.8454507468710701,-0.15107425285256162,0.6384069199271991,0.008582080759604505,0.6392585761052857,-0.6580406799910925,1.847501080223264,-0.6561268754194162,1.8750070532985164
0.15082397497956587,-0.6795015220289611,-0.3252156863343304,-0.6152155523078459,-0.5887911903435977,-1.4042611091642336,-0.32414085347512117,-1.4041017351424487,-0.22547854110735358,1.2454989682240936,-0.225653697110049,0.5342968852801556,1.2853581580534004,0.5324810113479217,1.48230758189661,-0.6185058689799514,1.4842395138872293,-0.4314073441609629
-0.2756574446625535,-0.6795015220289611,-0.3252156863343304,-0.6152155523078459,-0.5887911903435977,0.7783417234367168,-0.3741182703604762,0.7782803641238717,-0.2710414853663676,0.1453663595032792,-0.269935242137932,1.6374628293286324,1.2342871149616486,1.6358491805073483,0.7688581612673758,0.6144976056216563,0.7707840507850142,0.3373974549921968
-0.8275745759641198,-0.5127797575784685,-0.3252156863343304,-0.6152155523078459,-0.5887911903435977,0.6292769431326048,0.5754526504612691,0.6288911132812365,1.1849917333455946,-0.004651723504104576,1.184363920883071,0.6664365446398647,-0.14463104851565098,0.665952967294626,-0.6580406799910925,-0.6185058689799514,-0.6561268754194162,-0.4314073441609629
-1.8310602692396947,-0.5127797575784685,-0.3252156863343304,-0.6152155523078459,-0.5887911903435977,1.0507070010294157,0.07567848160771899,1.0510781265321614,-0.6652600030856609,-0.6547300832027676,-0.6661385397558337,1.5954183922596337,0.774647727135882,1.595807593723337,-0.1942985565820907,-0.6185058689799514,-0.19370203822353588,1.1062022541453564
-1.178794568610571,-0.5127797575784685,-0.3252156863343304,-0.6152155523078459,-0.5887911903435977,-1.1576601145870606,0.9252945686587544,-1.1572847120111387,-1.5368989367363595,1.1454869128858376,-1.5377857945152165,0.34009162834240236,0.059653123851356335,0.3411712078243106,0.6261682771415289,-1.0295070271804874,0.625450530523452,-0.4314073441609629
0.30134682897090215,-0.5127797575784685,3.074882430400277,-0.6152155523078459,-0.5887911903435977,-1.058283594384319,0.5754526504612691,-1.0587744089192561,-1.3665331451591776,-0.3046878895188721,-1.3676514373028237,-0.620924076091842,0.3150083393101155,-0.6198268749919643,0.01973626960668006,1.847501080223264,0.017692173066008943,2.643811852451676
-0.9028360029597878,-0.5127797575784685,-0.3252156863343304,-0.6152155523078459,-0.5887911903435977,0.5814289889609147,0.9752719855441093,0.5812597579401066,-0.7544048940272096,1.0954808852167097,-0.7547016298115996,-1.3176604618066694,0.9278608564111375,-1.3183301111130534,1.0542379295190691,0.20349644742112044,1.0482389531025422,1.1062022541453564
0.00030112098822963846,-0.5127797575784685,-0.3252156863343304,-0.6152155523078459,-0.5887911903435977,0.9494901748969939,-0.6739827716726063,0.9493202310306565,0.4757946009661625,-0.6047240555336396,0.47585920043694147,0.28203026286616667,-1.5746202550847024,0.2833333602474056,-1.086110332368633,1.0254987638221924,-1.0921274362041034,-0.4314073441609629
-0.2756574446625535,-0.6795015220289611,-0.3252156863343304,-0.6152155523078459,-0.5887911903435977,-1.2846412237350078,0.07567848160771899,-1.2850233467896237,0.3985356954834874,0.6954326638636863,0.39894914854640723,-1.9323100894344045,1.6939265027874149,-1.932301108467896,0.2337710957954502,0.6144976056216563,0.22908638435555437,-1.2002121433141226
-1.2289688532743497,-0.6795015220289611,-0.3252156863343304,-0.6152155523078459,-0.5887911903435977,0.6439993905700477,-1.6235536924943517,0.6440465445261415,-0.833644797086364,1.8955773279227563,-0.8339422893351799,-1.5438995755588973,0.7235766840441301,-1.5452324362224517,-0.30131596967647545,-0.20750471077941549,-0.29939914386830857,0.3373974549921968
1.9570982228756009,-0.5127797575784685,3.074882430400277,1.6254465548679973,2.192319305335682,0.7433759107727892,-1.1237795236408015,0.7436393784212317,0.6659703683081335,-1.4548265259088142,0.6669690263467528,0.7365106064215283,-0.757483565616673,0.7371380104662021,-0.05160867245624374,-0.20750471077941549,-0.04836851796197371,1.8750070532985164
1.3550068069102559,-0.6795015220289611,-0.3252156863343304,-0.6152155523078459,-0.5887911903435977,-0.30743877507471723,-0.3741182703604762,-0.30749803149325095,0.06374710505855989,0.09536033183415127,0.06334164938771399,-0.8311462614368329,0.468221468585371,-0.833382004506692,1.7320148791168417,-0.20750471077941549,1.7352701397935644,0.3373974549921968
-0.6268774373090047,1.7498727599639314,-0.3252156863343304,-0.6152155523078459,-0.5887911903435977,-0.9202606496582896,-0.8239150223286714,-0.920210466108696,-0.4592362551318593,-1.004772276886663,-0.45871446041469693,0.5683328581455355,-0.6553414794331693,0.5680735329337097,-0.979092919274248,-0.6185058689799514,-0.9732181923537343,2.643811852451676
0.8783511026043578,-0.5127797575784685,-0.3252156863343304,-0.6152155523078459,-0.5887911903435977,1.2973079956065885,1.0252494024294643,1.2968126188602642,1.3157375733932,0.895456774540198,1.3148779483336734,-0.991315545509207,0.7235766840441301,-0.9890992864445146,0.982892987456146,-1.0295070271804874,0.982178262074559,-0.4314073441609629
1.3800939492421451,-0.6795015220289611,-0.3252156863343304,1.6254465548679973,1.3872610039548379,0.23177086232163924,1.8248880725951446,0.23160230850408375,-0.01549279800059451,0.7454386915328143,-0.015899010135866257,0.8746566139339506,0.6214345978606265,0.8750590316111307,1.6249974660224569,1.4364999220227281,1.6295730341487915,-0.4314073441609629
-0.1502217330031066,-0.5127797575784685,-0.3252156863343304,1.6254465548679973,1.09451253072544,-0.35712703517608774,-0.6739827716726063,-0.35729444844079605,0.034032141411377,0.04535430416502335,0.033043750158109994,-0.18846700909643213,1.1321450287781447,-0.18826755076428528,-1.0147653903057097,-0.6185058689799514,-1.0128546069705238,-1.2002121433141226
-0.4512674409857791,1.7498727599639314,-0.3252156863343304,-0.6152155523078459,-0.5887911903435977,0.537261646648585,-1.4736214418382867,0.5368759950085988,0.2796758408947558,-0.40469994485712796,0.2800881592610373,0.9487349078174239,0.41715042549361914,0.9506931399809301,0.982892987456146,0.20349644742112044,0.982178262074559,-0.4314073441609629
-1.1537074262786815,1.7498727599639314,-0.3252156863343304,1.6254465548679973,2.704629133487128,-0.9055382022208461,0.6754074842319793,-0.9050550348637909,0.1528919960001086,-0.3046878895188721,0.1519047394434808,-1.1795144542942466,0.7235766840441301,-1.1804090899681248,0.2694435668269118,0.20349644742112044,0.2687227989723444,1.8750070532985164
-0.7272260066365622,-0.5127797575784685,-0.3252156863343304,-0.6152155523078459,-0.5887911903435977,-0.07740053386466762,0.12565589849307401,-0.07691897041005354,-1.3546471597003038,0.9954688298784539,-1.3536677915045447,0.84862910527219,-0.19570209160740282,0.8483646404217895,0.5548233350786057,-0.6185058689799514,0.5593898394954687,-0.4314073441609629
1.6058782302291497,-0.6795015220289611,-0.3252156863343304,-0.6152155523078459,-0.5887911903435977,-0.43626019015234496,-0.6240053547872513,-0.4363191970749436,1.4940273552762973,-0.9547662492175351,1.4943347360782522,-0.4927886488339426,-0.2978441777909065,-0.4908039842434829,-0.33698844070793704,0.20349644742112044,-0.33903555848509864,-0.4314073441609629
-0.576703152645226,-0.5127797575784685,-0.3252156863343304,-0.6152155523078459,-0.5887911903435977,-1.4024208032345533,0.7253849011173342,-1.4019366735360335,-1.6399108107132598,0.09536033183415127,-1.6403325303692617,0.00974247994313087,-0.2978441777909065,0.01194038315577255,0.6261682771415289,-0.6185058689799514,0.625450530523452,1.8750070532985164
-1.6303631305845796,-0.5127797575784685,-0.3252156863343304,1.6254465548679973,0.5822027025739938,-0.557720381511251,0.5254752335759142,-0.5575626470341837,-1.3645521475826983,0.6454266361945584,-1.3653208296697774,-1.3577027828247628,-0.6553414794331693,-1.3583716978970648,-1.2644726875259416,-1.0295070271804874,-1.2638852328768586,-1.2002121433141226
1.0790482412594726,-0.6795015220289611,-0.3252156863343304,-0.6152155523078459,-0.5887911903435977,-2.1735089877706395,0.8253397348880442,-2.173781136222981,-2.448157821916635,-0.7547421385410233,-2.4490533790363895,-0.5508500143101783,-0.04248896233214733,-0.5486418318203884,-0.7293856220540164,1.0254987638221924,-0.7353997046529958,1.8750070532985164
-0.17530887533499598,-0.5127797575784685,-0.3252156863343304,1.6254465548679973,1.4604481222621875,-1.601173843640036,0.3255655660344941,-1.6011223413262137,-1.443792050641853,-0.7047361108718955,-1.4445614891933576,0.5022630284656809,-0.7064125225249211,0.501337554960357,-0.12295361451916689,-0.20750471077941549,-0.12764134719555323,1.1062022541453564
0.12573683264767652,1.7498727599639314,-0.3252156863343304,-0.6152155523078459,-0.5887911903435977,0.27777851056364916,1.6249784050537246,0.2781511330420062,0.2519418748240516,-1.3548144705705585,0.25212086766447933,-0.19447335724914583,-0.39998626397441017,-0.1927166159625087,0.4478059219842203,1.0254987638221924,0.4536927338506961,-1.2002121433141226
-0.07496030600743848,-0.6795015220289611,-0.3252156863343304,-0.6152155523078459,-0.5887911903435977,1.039665165451333,1.0752268193148193,1.039170287696879,-0.22349754353087484,0.49540855318717464,-0.2233230894770022,-0.9392605281856855,0.21286625312661184,-0.940159569264056,1.0899104005505313,-0.20750471077941549,1.0878753677193318,-1.2002121433141226
0.37660825596657027,-0.5127797575784685,-0.3252156863343304,-0.6152155523078459,-0.5887911903435977,-0.9257815674473304,-0.8239150223286714,-0.9256231201247336,-0.8593977655805889,-0.5547180278645117,-0.8595789732986914,0.30004930732430884,-1.1660519103506877,0.3011296210402992,1.0899104005505313,-0.6185058689799514,1.0878753677193318,-1.2002121433141226
-0.8275745759641198,-0.6795015220289611,-0.3252156863343304,-0.6152155523078459,-0.5887911903435977,0.7341743811243873,-0.17420860281905612,0.7338966011923639,-1.1803193729701644,2.195613493937524,-1.1812028266591053,0.1038419343356504,0.059653123851356335,0.10537075231846557,0.1980986247639886,-0.20750471077941549,0.20266210794436118,0.3373974549921968
0.828176817940579,-0.5127797575784685,-0.3252156863343304,1.6254465548679973,3.0705647250238757,0.5354213407189047,1.4750461543976596,0.5357934642053915,-1.342761174241431,0.1953723871724071,-1.3420147533393123,-1.2776181407885758,0.3660793824018673,-1.2782885243290416,0.3051160378583733,-0.20750471077941549,0.3083592135891339,0.3373974549921968
1.2044839529189195,-0.5127797575784685,-0.3252156863343304,1.6254465548679973,0.8749511758033917,-0.5871652763861372,1.5750009881683695,-0.5867909787207861,1.507894338311649,-0.3046878895188721,1.5083183818765316,-1.0133388220691584,0.5192925116771229,-1.011344612435632,-0.015936201424782154,0.6144976056216563,-0.02194424155078053,-1.2002121433141226
0.5522182522897958,-0.6795015220289611,-0.3252156863343304,-0.6152155523078459,-0.5887911903435977,-0.4675453909569115,0.3255655660344941,-0.467712590367961,-0.350281388425522,0.5454145808563026,-0.34917590166151224,-2.933368114886742,1.744997545879167,-2.9333407780681826,0.2337710957954502,1.4364999220227281,0.22908638435555437,-1.2002121433141226
0.4016953982984596,-0.6795015220289611,-0.3252156863343304,-0.6152155523078459,-0.5887911903435977,-0.33320305809024287,0.17563331537842902,-0.33347877077023114,-0.08680871075383337,0.9454628022093259,-0.08581723912725996,1.8877273356917168,0.5703635547688747,1.8894458968060877,1.26827275570784,-1.0295070271804874,1.272845302597684,-0.4314073441609629
-0.7272260066365622,-0.5127797575784685,-0.3252156863343304,-0.6152155523078459,-0.5887911903435977,-0.774876481213538,0.2755881491491391,-0.775151338478891,-1.1327754311346718,-0.3046878895188721,-1.1322600663651294,1.4652808489508298,0.5192925116771229,1.4667847029748557,-0.2299710276135523,0.6144976056216563,-0.23333845284032595,0.3373974549921968
1.1543096682551408,-0.5127797575784685,3.074882430400277,-0.6152155523078459,-0.5887911903435977,-0.417857130855541,-1.0738021067554464,-0.4179161734204159,-1.9330984520321315,-0.3046878895188721,-1.933989092133118,0.22597101344083606,-0.19570209160740282,0.2254955126704998,-1.121782803400095,0.6144976056216563,-1.1185517126152964,-1.2002121433141226
1.7814882265523753,1.7498727599639314,-0.3252156863343304,-0.6152155523078459,-0.5887911903435977,-0.18229797185645003,1.1252042362001744,-0.18192445832118093,-0.34830039084904324,-0.3046878895188721,-0.34917590166151224,3.8938476186982016,-1.4214071258094467,3.8915252360066614,0.8758755743617606,1.0254987638221924,0.8764811564297869,0.3373974549921968
1.831662511216154,-0.6795015220289611,-0.3252156863343304,-0.6152155523078459,-0.5887911903435977,-0.7417509744792907,-0.22418601970441113,-0.7415928835794586,-1.1347564287111505,0.3953964978489188,-1.134590673998176,0.49425456426206216,0.3660793824018673,0.4924394245639102,-0.08728114348770531,0.20349644742112044,-0.08800493257876318,0.3373974549921968
0.5522182522897958,-0.6795015220289611,-0.3252156863343304,-0.6152155523078459,-0.5887911903435977,1.4942207300823909,-0.7739376054433164,1.4938332250440292,-0.6375260370149567,0.1453663595032792,-0.6381712481592757,-0.4447378636122303,-0.451057307066162,-0.44631333226124814,1.0899104005505313,0.20349644742112044,1.0878753677193318,1.1062022541453564
-0.42618029865388973,1.7498727599639314,-0.3252156863343304,1.6254465548679973,0.2894542293445959,-1.656383021530448,-0.6739827716726063,-1.656331412289796,-1.229844312382136,-1.3548144705705585,-1.2301455869530815,-0.6950023699753147,0.7235766840441301,-0.6954609833617638,0.1624261537325264,-1.0295070271804874,0.16302569332757172,-0.4314073441609629
1.0037868142638047,-0.6795015220289611,-0.3252156863343304,-0.6152155523078459,-0.5887911903435977,1.1611253568102395,-0.5240505210165413,1.1614962684593266,0.6620083731551755,-1.004772276886663,0.6623078110806592,0.2199646652881218,0.21286625312661184,0.2210464474722764,-1.5141799847461737,-0.6185058689799514,-1.5149158587831935,2.643811852451676
1.0539610989275834,-0.6795015220289611,-0.3252156863343304,1.6254465548679973,1.0213254124180906,-0.6975836321669611,0.7753623180026893,-0.6972091206479512,-0.6612980079327028,-0.054657751173232495,-0.6614773244897404,-0.44874209571403995,1.5407133735121594,-0.45076239745947155,-0.872075506179863,-0.6185058689799514,-0.8675210867089616,-0.4314073441609629
0.6023925369535746,-0.5127797575784685,-0.3252156863343304,-0.6152155523078459,-0.5887911903435977,1.1224789322869508,-0.9238698560993814,1.1225251595438568,1.3613005176522128,-0.7547421385410233,1.3614901009946028,-0.26855165113261914,-1.319265039625943,-0.2683507243323081,-0.05160867245624374,-0.6185058689799514,-0.04836851796197371,-1.2002121433141226
-0.978097429955456,-0.6795015220289611,-0.3252156863343304,-0.6152155523078459,-0.5887911903435977,-0.9386637089550935,0.5254752335759142,-0.9386134897632237,-0.6177160612501681,0.1953723871724071,-0.6171957794618574,-0.13841410782381525,-0.14463104851565098,-0.13932783358382628,0.01973626960668006,0.20349644742112044,0.017692173066008943,-0.4314073441609629
2.6093639235047243,1.7498727599639314,-0.3252156863343304,1.6254465548679973,1.1676996490327896,-0.07187961607562622,1.9248429063658548,-0.07150631639401596,-0.9049607098396029,-0.10466377884236042,-0.9038605183265744,-0.39668707839051853,-1.8299754705434614,-0.3973736150807891,-0.872075506179863,0.20349644742112044,-0.8675210867089616,0.3373974549921968
0.5020439676260171,-0.6795015220289611,-0.3252156863343304,-0.6152155523078459,-0.5887911903435977,-0.2043816430126151,1.0252494024294643,-0.2046576051885385,-0.635545039438478,-0.3046878895188721,-0.6358406405262292,-2.106494185863111,-2.0853306860022207,-2.1058146511986124,0.7331856902359142,-0.20750471077941549,0.7311476361682241,-0.4314073441609629
1.630965372561039,1.7498727599639314,-0.3252156863343304,-0.6152155523078459,-0.5887911903435977,-0.10684542873955385,0.12565589849307401,-0.10722983289986367,1.499970348005733,-0.8547541938792792,1.498995951344345,-0.19447335724914583,0.6725056409523783,-0.1927166159625087,1.8033598211797655,0.20349644742112044,1.801330830821547,-1.2002121433141226
1.430268233905924,1.7498727599639314,-0.3252156863343304,-0.6152155523078459,-0.5887911903435977,0.7580983582102326,1.4250687375123046,0.7577122788629287,0.822469176849963,0.3953964978489188,0.8231197377608664,0.6564259643853413,-1.2681939965341913,0.6570548368981792,-1.3714901006203266,0.20349644742112044,-1.3695823385216315,-1.2002121433141226
-0.07496030600743848,-0.6795015220289611,-0.3252156863343304,-0.6152155523078459,-0.5887911903435977,-0.18045766592676973,-1.1737569405261565,-0.18084192751797362,-1.2357873051115722,2.7456797982979313,-1.2348068022191745,-1.1594932937851998,0.26393729621836365,-1.1581637639770075,-0.622368208959631,1.0254987638221924,-0.6164904608026267,-0.4314073441609629
-2.2826288312137035,1.7498727599639314,-0.3252156863343304,-0.6152155523078459,-0.5887911903435977,0.060622410861362136,0.12565589849307401,0.06056244159729893,0.2796758408947558,-1.1547903598940468,0.2800881592610373,0.11785674669198347,-1.370336082717695,0.11871794791313578,-0.5510232668967078,0.6144976056216563,-0.5504297697746435,0.3373974549921968
-1.178794568610571,-0.5127797575784685,3.074882430400277,-0.6152155523078459,-0.5887911903435977,0.19864535558739188,0.3755429829198491,0.19912638440785904,1.1691437527337636,0.3953964978489188,1.1680496674517455,-1.1815165703451511,0.5703635547688747,-1.1804090899681248,-0.1942985565820907,-1.0295070271804874,-0.19370203822353588,0.3373974549921968
-0.576703152645226,-0.5127797575784685,-0.3252156863343304,-0.6152155523078459,-0.5887911903435977,0.22072902674355643,1.0752268193148193,0.22077700047200938,0.8066211962381324,-0.6047240555336396,0.806805484329541,0.05979538121574776,-0.7064125225249211,0.06088010033623076,-0.40833338277086084,0.20349644742112044,-0.4050962495130813,-0.4314073441609629
0.627479679285464,-0.5127797575784685,-0.3252156863343304,1.6254465548679973,1.6068223588768862,-0.4841081443240352,-0.5240505210165413,-0.4839505524160737,-0.9762766225928416,-0.15466980651148834,-0.9761093549510154,-0.9352562960838758,-0.14463104851565098,-0.9357105040658326,0.9115480453932228,-0.20750471077941549,0.9161175710465763,1.8750070532985164
0.6525668216173534,1.7498727599639314,-0.3252156863343304,-0.6152155523078459,-0.5887911903435977,0.8206687598193662,0.5754526504612691,0.8204990654489643,-0.296794453860593,0.1453663595032792,-0.29790253373449,-0.8231377972332141,-0.8596256518001767,-0.8244838741102452,-0.08728114348770531,-1.4405081853810233,-0.08800493257876318,0.3373974549921968
-0.25057030233066413,1.7498727599639314,3.074882430400277,1.6254465548679973,1.1676996490327896,-1.586451396202593,0.5754526504612691,-1.5859669100813085,-0.3423573981196064,1.3955170512314772,-0.34218407876237295,0.8045825521522869,1.6939265027874149,0.8038739884395547,-0.12295361451916689,-0.6185058689799514,-0.12764134719555323,-1.2002121433141226
1.9069239382118222,-0.6795015220289611,-0.3252156863343304,-0.6152155523078459,-0.5887911903435977,-0.07924083979434791,-0.07425376904834607,-0.07908403201646849,-0.8990177171101661,-0.8547541938792792,-0.8991993030604816,-0.42271458705227893,-0.7064125225249211,-0.4240680062701303,0.4478059219842203,-0.6185058689799514,0.4536927338506961,-0.4314073441609629
0.8783511026043578,-0.6795015220289611,-0.3252156863343304,-0.6152155523078459,-0.5887911903435977,1.6580079578239466,0.2755881491491391,1.6583779071315687,0.5570155016017962,0.04535430416502335,0.5574304675935677,1.1409380487042726,0.3150083393101155,1.1420029435045405,-0.05160867245624374,1.4364999220227281,-0.04836851796197371,-0.4314073441609629
-0.5516160103133366,-0.5127797575784685,-0.3252156863343304,-0.6152155523078459,-0.5887911903435977,0.6237560253435634,0.4754978166905591,0.6234784592651993,0.6778563537670066,1.0454748575475818,0.6786220645119846,0.582347670501868,2.919631536989459,0.5814207285283799,-0.5153507958652456,-0.6185058689799514,-0.510793355157854,0.3373974549921968
-0.3509188716582216,-0.5127797575784685,-0.3252156863343304,-0.6152155523078459,-0.5887911903435977,-0.5282754866363648,-0.8738924392140264,-0.5283343153475809,0.3767447221422195,0.7954447192019422,0.37564307221594295,0.06780384541936658,1.387500244236904,0.06977823073267757,-0.1942985565820907,-0.6185058689799514,-0.19370203822353588,2.643811852451676
0.6023925369535746,-0.6795015220289611,-0.3252156863343304,-0.6152155523078459,-0.5887911903435977,0.21888872081387614,0.7253849011173342,0.21861193886559402,0.0974240638587003,0.3953964978489188,0.09830076388341166,0.1939371566263608,1.1832160718698967,0.19435205628293598,-0.37266091173939925,-0.6185058689799514,-0.3786719731018881,0.3373974549921968
0.5271311099579065,-0.6795015220289611,-0.3252156863343304,1.6254465548679973,1.09451253072544,-0.8374468828226717,-0.7739376054433164,-0.8379381250649262,0.5273005379546133,1.595541161907989,0.5271325683639637,-1.5639207360679441,-0.19570209160740282,-1.5630286970153457,-0.622368208959631,-1.0295070271804874,-0.6164904608026267,0.3373974549921968
0.7278282486130215,-0.6795015220289611,-0.3252156863343304,1.6254465548679973,1.6068223588768862,0.09742852945497008,0.8253397348880442,0.09736848890635391,0.96708199993292,2.04559541093014,0.9676174110097484,-0.8551716540476888,0.16179521003486,-0.8556273304978098,-1.0147653903057097,1.0254987638221924,-1.0128546069705238,-1.2002121433141226
-1.8310602692396947,-0.5127797575784685,-0.3252156863343304,-0.6152155523078459,-0.5887911903435977,0.14895709548602137,-0.32414085347512117,0.14932996746031396,0.9492530217446101,-0.7047361108718955,0.9489725499453762,0.1659075319136958,1.2342871149616486,0.16765766509359478,0.1267536827010648,0.20349644742112044,0.12338927871078165,-1.2002121433141226
0.00030112098822963846,-0.5127797575784685,3.074882430400277,-0.6152155523078459,-0.5887911903435977,-0.8503290243304342,-2.473169779545387,-0.8498459639002086,0.3747637245657407,-0.20467583418061627,0.37564307221594295,0.18993292452455168,-1.319265039625943,0.1899029910847118,0.5191508640471435,-0.20750471077941549,0.5197534248786793,-0.4314073441609629
1.4804425185697028,1.7498727599639314,-0.3252156863343304,-0.6152155523078459,-0.5887911903435977,-1.0656448181030407,-0.17420860281905612,-1.065269593738501,-2.206476117586214,-0.15466980651148834,-2.206670185199556,-0.9973218936619213,-0.39998626397441017,-0.9979974168409614,0.01973626960668006,0.20349644742112044,0.017692173066008943,-0.4314073441609629
0.37660825596657027,1.7498727599639314,-0.3252156863343304,-0.6152155523078459,-0.5887911903435977,0.40659992564127695,-0.9238698560993814,0.40697229862369927,0.6105024361667252,-0.2546818618497442,0.6110344431536369,0.5122736087202043,1.5407133735121594,0.5102356853568039,2.2314294735573057,0.20349644742112044,2.237331391606234,-1.2002121433141226
0.426782540630349,-0.5127797575784685,-0.3252156863343304,1.6254465548679973,2.2655064236430316,-1.623257514796201,1.2251590699708845,-1.6227729573903635,0.3807067172951775,0.6454266361945584,0.3803042874820358,0.5703349741964401,-0.04248896233214733,0.5725225981319331,0.8758755743617606,1.4364999220227281,0.8764811564297869,0.3373974549921968
0.27625968663901274,-0.6795015220289611,-0.3252156863343304,-0.6152155523078459,-0.5887911903435977,-0.21910409045005796,-0.6240053547872513,-0.2187305056302359,0.9353860387092584,-0.9547662492175351,0.9349889041470976,-0.9092287874221153,0.41715042549361914,-0.9090161128764914,0.5904958061100672,-0.20750471077941549,0.585814115906662,-1.2002121433141226
1.2797453799145877,-0.5127797575784685,-0.3252156863343304,-0.6152155523078459,-0.5887911903435977,2.541354804070537,-2.023373027577192,2.541723042548889,-0.9465616589456588,-0.004651723504104576,-0.945811455721411,-1.5438995755588973,-1.8810465136352132,-1.5452324362224517,0.05540874063814164,1.0254987638221924,0.057328587682799005,-0.4314073441609629
-0.3509188716582216,-0.6795015220289611,-0.3252156863343304,-0.6152155523078459,-0.5887911903435977,1.058068224748137,1.1751816530855295,1.0575733113514065,0.4341936518601065,-0.6547300832027676,0.43390826304210495,-0.544843666157464,-0.9617677379836803,-0.544192766622165,0.2694435668269118,-0.6185058689799514,0.2687227989723444,-0.4314073441609629
0.7278282486130215,1.7498727599639314,-0.3252156863343304,-0.6152155523078459,-0.5887911903435977,-1.0196371698610307,-1.5235988587236418,-1.0198033000037863,1.387053486146438,-0.054657751173232495,1.3871267849581148,0.780557159541431,-0.8596256518001767,0.7816286624484369,-2.405991760532716,0.6144976056216563,-2.4001291185581644,-1.2002121433141226
2.4086667848496095,-0.5127797575784685,-0.3252156863343304,-0.6152155523078459,-0.5887911903435977,0.9973381290686841,-0.22418601970441113,0.9969515863717863,0.3608967415303889,0.5454145808563026,0.3616594264176636,-0.3526405252706153,0.468221468585371,-0.3528829630985543,-0.26564349864501385,-0.6185058689799514,-0.2597627292515191,-1.2002121433141226
0.6776539639492427,-0.5127797575784685,-0.3252156863343304,-0.6152155523078459,-0.5887911903435977,1.2439391236458575,-0.47407310413118625,1.2437686095030964,-0.3562243811549588,-2.0048928302692213,-0.35616772456065193,-1.147480597479772,0.6214345978606265,-1.1492656335805602,1.5893249949909947,-1.0295070271804874,1.5899366195320022,1.1062022541453564
0.050475405652008386,-0.5127797575784685,-0.3252156863343304,1.6254465548679973,0.7285769391886927,-0.5485188518628491,-0.8239150223286714,-0.5489024006085235,-0.589982095179464,-0.8047481662101513,-0.5892284878652998,-0.5808817550737484,0.6214345978606265,-0.5797852882079529,0.4478059219842203,1.0254987638221924,0.4536927338506961,-1.2002121433141226
0.226085401975234,-0.6795015220289611,-0.3252156863343304,-0.6152155523078459,-0.5887911903435977,-0.37184948261353107,2.2247074076779847,-0.37136734888249345,0.032051143834898245,0.04535430416502335,0.033043750158109994,1.1109063079407024,-0.19570209160740282,1.1108594871169757,2.3027744156202288,-1.0295070271804874,2.3033920826342165,0.3373974549921968
1.2044839529189195,-0.5127797575784685,-0.3252156863343304,-0.6152155523078459,-0.5887911903435977,-1.113492772274731,-0.6240053547872513,-1.1139834798828383,-0.6414880321679142,0.49540855318717464,-0.6405018557923221,0.08382077382660365,0.9789318995028893,0.08312542632734857,0.697513219204452,0.6144976056216563,0.6915112215514346,1.8750070532985164
0.00030112098822963846,-0.5127797575784685,-0.3252156863343304,1.6254465548679973,1.1676996490327896,-1.2073483746884313,-0.27416343658976616,-1.2070811289586838,-0.7761958673684769,-0.7047361108718955,-0.7756770985090179,-0.4847801846303238,-0.5021283501579138,-0.4863549190452595,0.982892987456146,1.847501080223264,0.982178262074559,0.3373974549921968
0.025388263320119012,-0.6795015220289611,-0.3252156863343304,-0.6152155523078459,-0.5887911903435977,0.38451625448511184,0.2755881491491391,0.38423915175634166,-0.9544856492515743,1.3455110235623493,-0.9551338862535966,-0.022291376871343825,1.4385712873286558,-0.023652138430015457,-0.9077479772113245,-1.0295070271804874,-0.9071575013257511,1.1062022541453564
-0.10004744833932785,-0.5127797575784685,-0.3252156863343304,1.6254465548679973,0.5090155842666443,-1.1429376671496174,-0.17420860281905612,-1.1432118115694412,-0.08680871075383337,1.2955049958932214,-0.08581723912725996,-0.8631801182513076,0.6725056409523783,-0.8645254608942566,-1.3714901006203266,-0.6185058689799514,-1.3695823385216315,-0.4314073441609629
1.505529660901592,1.7498727599639314,3.074882430400277,-0.6152155523078459,-0.5887911903435977,0.26673667498556636,0.2755881491491391,0.26624329420672377,0.9651010023564413,0.24537841484153503,0.9652868033767016,1.0888830313807512,1.4896423304204076,1.0886141611258588,0.9472205164246843,-1.4405081853810233,0.9425418474577696,-0.4314073441609629
-0.3509188716582216,-0.5127797575784685,-0.3252156863343304,-0.6152155523078459,-0.5887911903435977,-0.046115333060101085,-1.4236440249529316,-0.04660810792024341,0.955196014474047,0.24537841484153503,0.9559643728445159,0.005738247841321747,-0.6553414794331693,0.0074913179575483565,-0.5866957379281693,1.0254987638221924,-0.5900661843914335,1.1062022541453564
-1.2038817109424602,-0.6795015220289611,-0.3252156863343304,-0.6152155523078459,-0.5887911903435977,0.8998019147956229,0.8253397348880442,0.8995238140831114,-1.3447421718179096,1.1454869128858376,-1.344345360972359,0.5342968852801556,1.2342871149616486,0.5324810113479217,-0.05160867245624374,-1.0295070271804874,-0.04836851796197371,5.719031049064315
-0.9530102876235665,1.7498727599639314,-0.3252156863343304,-0.6152155523078459,-0.5887911903435977,-0.4822678383943549,-0.9738472729847364,-0.4817854908096584,1.7158990838419295,0.7454386915328143,1.7157424612176684,0.594360366807296,-0.757483565616673,0.59476792412305,-1.335817629588865,0.20349644742112044,-1.3299459239048417,0.3373974549921968
-0.6770517219727835,1.7498727599639314,-0.3252156863343304,-0.6152155523078459,-0.5887911903435977,0.4434060442348849,-1.1737569405261565,0.44377834593275384,0.087519075976306,0.5454145808563026,0.08664772571817911,-0.9132330195239244,0.468221468585371,-0.9134651780747152,-0.4440058538023224,-1.0295070271804874,-0.4447326641298708,-0.4314073441609629
-0.07496030600743848,1.7498727599639314,-0.3252156863343304,-0.6152155523078459,-0.5887911903435977,1.6874528526988324,0.9252945686587544,1.6876062388181716,-0.20368756776608624,0.09536033183415127,-0.20467822841263075,1.6855136145503442,0.9278608564111375,1.6847888976878072,0.3051160378583733,0.6144976056216563,0.3083592135891339,1.8750070532985164
1.5807910878972602,1.7498727599639314,-0.3252156863343304,1.6254465548679973,1.6068223588768862,1.0875131196230237,-0.024276352162991052,1.0878841738412166,0.5807874725195423,1.0454748575475818,0.5807365439240328,0.11585463064107891,-1.7278333843599578,0.11426888271491238,1.0542379295190691,1.4364999220227281,1.0482389531025422,-0.4314073441609629
0.050475405652008386,-0.5127797575784685,-0.3252156863343304,-0.6152155523078459,-0.5887911903435977,0.09742852945497008,0.8253397348880442,0.09736848890635391,0.4480606348954589,-0.3046878895188721,0.4478919088403835,0.4462037790403504,-0.451057307066162,0.44794877258167465,0.840203103330299,-1.0295070271804874,0.8368447418129968,0.3373974549921968
-0.10004744833932785,-0.5127797575784685,-0.3252156863343304,-0.6152155523078459,-0.5887911903435977,-0.2043816430126151,-0.6739827716726063,-0.2046576051885385,1.1592387648513693,0.24537841484153503,1.1587272369195598,1.5874099280560154,1.1832160718698967,1.58690946332689,-1.0504378613371714,-0.20750471077941549,-1.0524910215873136,-0.4314073441609629
-0.6268774373090047,1.7498727599639314,3.074882430400277,-0.6152155523078459,-0.5887911903435977,1.1279998500759922,0.9752719855441093,1.1279378135598939,0.616445428896162,-0.20467583418061627,0.6156956584197297,0.3941487617168284,-1.676762341268206,0.39455999020299304,-0.12295361451916689,-1.4405081853810233,-0.12764134719555323,-0.4314073441609629
-0.22548315999877472,-0.5127797575784685,-0.3252156863343304,1.6254465548679973,1.6800094771842358,-0.1362903236144401,0.7753623180026893,-0.13645816458646612,1.2979085952048894,-0.4547059725262559,1.298563694902348,0.5543180457892024,-0.5021283501579138,0.5547263373390386,0.5548233350786057,0.20349644742112044,0.5593898394954687,-0.4314073441609629
1.0790482412594726,-0.6795015220289611,-0.3252156863343304,1.6254465548679973,2.9241904884091765,0.1857632140796293,-0.22418601970441113,0.18613601476936933,-1.5309559440069225,-1.654850636585326,-1.530793971616077,0.27402179866254783,0.3150083393101155,0.2744352298509588,-1.335817629588865,-1.0295070271804874,-1.3299459239048417,0.3373974549921968
-0.12513459067121724,-0.5127797575784685,3.074882430400277,-0.6152155523078459,-0.5887911903435977,0.38451625448511184,0.8253397348880442,0.38423915175634166,1.7594810305244641,0.9954688298784539,1.7600240062455508,-2.046430704335971,-0.24677313469915466,-2.0479768036217068,0.3407885088898349,0.20349644742112044,0.3347834900003271,0.3373974549921968
0.15082397497956587,-0.5127797575784685,-0.3252156863343304,-0.6152155523078459,-0.5887911903435977,-1.0417208410171956,-0.024276352162991052,-1.0414539160679361,-0.8376067922393214,-0.9047602215484072,-0.8386035046012728,1.1129084239916076,-0.9106966948919285,1.1108594871169757,-0.33698844070793704,0.20349644742112044,-0.33903555848509864,-1.2002121433141226
1.4553553762378133,1.7498727599639314,-0.3252156863343304,-0.6152155523078459,-0.5887911903435977,0.35139074775086504,0.3255655660344941,0.3517632276601162,-0.10265669136566447,-0.4547059725262559,-0.10213149255858538,0.2560027542044062,1.030002942594641,0.2566389690580644,2.2314294735573057,1.0254987638221924,2.237331391606234,2.643811852451676
1.0790482412594726,-0.5127797575784685,-0.3252156863343304,-0.6152155523078459,-0.5887911903435977,-0.04059441527105968,-0.3741182703604762,-0.04011292310099855,1.7178800814184076,-1.2548024152323025,1.7180730688507144,-0.40069131049232765,0.9278608564111375,-0.4018226802790133,0.5904958061100672,-0.6185058689799514,0.585814115906662,0.3373974549921968
0.9536125296000258,-0.5127797575784685,-0.3252156863343304,1.6254465548679973,2.5582548968724295,0.9439692571079525,-0.7739376054433164,0.9439075770146194,0.4282506591306703,-0.9047602215484072,0.42924704777601125,-1.0513790270363472,0.26393729621836365,-1.0513861992196434,-0.6937131510225542,0.20349644742112044,-0.6957632900362056,0.3373974549921968
1.6058782302291497,-0.6795015220289611,-0.3252156863343304,-0.6152155523078459,-0.5887911903435977,-0.5374770162847669,-1.2737117742968667,-0.536994561773241,-0.15020063320115723,-0.35469391718800003,-0.15107425285256162,2.2240828322437025,-0.3489152208826583,2.22312578667285,0.01973626960668006,-1.0295070271804874,0.017692173066008943,-0.4314073441609629
0.15082397497956587,-0.5127797575784685,-0.3252156863343304,-0.6152155523078459,-0.5887911903435977,2.1199247461737256,-1.4736214418382867,2.1195360292979646,-0.15614362593059347,-1.104784332224919,-0.1557354681186545,-1.0493769109854427,-0.6553414794331693,-1.0513861992196434,1.0542379295190691,0.20349644742112044,1.0482389531025422,-0.4314073441609629
-0.47635458331766845,-0.6795015220289611,-0.3252156863343304,-0.6152155523078459,-0.5887911903435977,-0.662617819503034,0.7753623180026893,-0.6625681349453111,-0.593944090332422,-0.054657751173232495,-0.5938897031313927,1.7455770960774843,-0.24677313469915466,1.7470758104629356,-0.872075506179863,0.20349644742112044,-0.8675210867089616,-0.4314073441609629
0.35152111363468086,-0.5127797575784685,-0.3252156863343304,1.6254465548679973,1.3140738856474885,-0.45098263758978835,0.4754978166905591,-0.45147462831984864,0.5986164507078522,1.6455471895771168,0.5993814049884043,1.2230248067913647,0.008582080759604505,1.2220861170725632,-2.0492670502180994,-0.20750471077941549,-2.043401387007057,-1.2002121433141226
0.828176817940579,-0.5127797575784685,-0.3252156863343304,-0.6152155523078459,-0.5887911903435977,-0.27247296241078955,0.7253849011173342,-0.27285704579061093,-1.469545019136078,-0.20467583418061627,-1.4701981731568687,0.7605359990323842,1.2853581580534004,0.7593833364573199,-0.08728114348770531,1.847501080223264,-0.08800493257876318,0.3373974549921968
-1.780885984575916,1.7498727599639314,-0.3252156863343304,-0.6152155523078459,-0.5887911903435977,-0.3203209165824798,-0.22418601970441113,-0.32048840113174104,0.8581271332265827,1.0954808852167097,0.8580788522565633,-0.4086997746959464,-0.5531993932496656,-0.4107208106754601,-0.40833338277086084,-0.20750471077941549,-0.4050962495130813,0.3373974549921968
-1.4798402765932435,-0.5127797575784685,-0.3252156863343304,-0.6152155523078459,-0.5887911903435977,2.2855522798449615,0.2755881491491391,2.285163242188711,0.624369419202077,-2.304928996283989,0.6250180889519155,-1.0693980714944895,-1.2171229534424395,-1.0691824600125375,-1.5855249268090972,-0.6185058689799514,-1.5809765498111765,-0.4314073441609629
0.5271311099579065,-0.5127797575784685,-0.3252156863343304,-0.6152155523078459,-0.5887911903435977,0.9715738460531586,-0.22418601970441113,0.9720533778980142,0.09544306628222154,0.9954688298784539,0.09597015625036483,0.26401121840802444,-0.451057307066162,0.2655370994545112,0.5904958061100672,-1.0295070271804874,0.585814115906662,-1.2002121433141226
2.032359649871269,-0.5127797575784685,-0.3252156863343304,-0.6152155523078459,-0.5887911903435977,-0.06635869828658535,-0.5240505210165413,-0.06609366237797838,-0.5107421921203096,0.2953844425106629,-0.5099878283417196,0.6844555890980063,1.744997545879167,0.6837492280875205,-0.1942985565820907,-0.20750471077941549,-0.19370203822353588,-0.4314073441609629
-1.4045788495975753,1.7498727599639314,-0.3252156863343304,1.6254465548679973,1.5336352405695368,-0.8080019879477849,0.17563331537842902,-0.8076272625751161,0.43221265428362776,0.04535430416502335,0.43157765540905807,0.7024746335561485,-0.39998626397441017,0.7015454888804141,-0.8364030351484011,0.6144976056216563,-0.8410968102977684,0.3373974549921968
0.12573683264767652,-0.6795015220289611,-0.3252156863343304,-0.6152155523078459,-0.5887911903435977,0.7544177463508714,0.9752719855441093,0.7544646864533069,1.3771484982640438,-0.2546818618497442,1.3778043544259282,-1.5799376644751817,0.6725056409523783,-1.5808249578082396,-0.5510232668967078,0.20349644742112044,-0.5504297697746435,-0.4314073441609629
1.5807910878972602,1.7498727599639314,-0.3252156863343304,-0.6152155523078459,-0.5887911903435977,0.22809025046227813,-0.27416343658976616,0.22835471609446112,0.9730249926623569,-0.3046878895188721,0.9722786262758413,-1.3597048988756675,0.008582080759604505,-1.3583716978970648,-1.0504378613371714,-0.6185058689799514,-1.0524910215873136,1.1062022541453564
0.226085401975234,1.7498727599639314,-0.3252156863343304,-0.6152155523078459,-0.5887911903435977,-0.8797739192053204,-0.3741182703604762,-0.8801568263900184,1.4266734376760153,0.2953844425106629,1.4267471147199045,-0.1544310362310523,0.26393729621836365,-0.15267502917849726,-1.121782803400095,-0.20750471077941549,-1.1185517126152964,-0.4314073441609629
-2.2324545465499246,1.7498727599639314,3.074882430400277,-0.6152155523078459,-0.5887911903435977,0.6808055091636556,0.8253397348880442,0.6808525918351969,-1.667644776783964,1.2955049958932214,-1.6682998219658194,0.3901445296150192,0.5192925116771229,0.3901109250047696,-0.1586260855506285,-0.20750471077941549,-0.15406562360674642,0.3373974549921968
-1.1537074262786815,-0.5127797575784685,-0.3252156863343304,-0.6152155523078459,-0.5887911903435977,-0.8779336132756402,0.12565589849307401,-0.8779917647836034,1.5633622704530574,0.6954326638636863,1.5642529650696466,-0.41070189074685104,-1.319265039625943,-0.4107208106754601,1.1612553426134544,-0.20750471077941549,1.1671481969529112,-1.2002121433141226
1.505529660901592,-0.5127797575784685,-0.3252156863343304,-0.6152155523078459,-0.5887911903435977,-0.11604695838795584,-0.024276352162991052,-0.11589007932552348,0.2578848675534879,-1.3048084429014306,0.25678208293057214,-1.1815165703451511,-1.5746202550847024,-1.1804090899681248,0.4478059219842203,-0.20750471077941549,0.4536927338506961,-0.4314073441609629
-0.42618029865388973,1.7498727599639314,-0.3252156863343304,-0.6152155523078459,-0.5887911903435977,0.03301782191615618,1.4250687375123046,0.033499171517111424,-1.386343120923966,0.5954206085254304,-1.3862962983671956,-0.2805643474380471,0.9278608564111375,-0.2816979199269783,-0.622368208959631,-0.20750471077941549,-0.6164904608026267,-0.4314073441609629
0.7027411062811321,-0.5127797575784685,-0.3252156863343304,-0.6152155523078459,-0.5887911903435977,0.667923367655893,-0.7739376054433164,0.6678622221967064,-0.2730224829428463,0.6954326638636863,-0.27226584977097845,0.2039477368808842,0.468221468585371,0.20325018667938277,-1.9065771660922524,2.2585022384238003,-1.911280004951091,0.3373974549921968
0.7529153909449109,-0.6795015220289611,-0.3252156863343304,-0.6152155523078459,-0.5887911903435977,0.3182652410166177,-1.0738021067554464,0.3182047727606842,0.006298175340672839,0.6954326638636863,0.007407066194598862,-0.9873113134073979,0.5703635547688747,-0.9890992864445146,0.4834783930156819,0.20349644742112044,0.48011701026188924,-0.4314073441609629
0.828176817940579,-0.5127797575784685,-0.3252156863343304,-0.6152155523078459,-0.5887911903435977,-0.6994239380966419,-0.27416343658976616,-0.6993741822543661,0.0974240638587003,0.04535430416502335,0.09830076388341166,0.3601127888514491,-2.034259642910469,0.358967468617205,-0.5153507958652456,0.6144976056216563,-0.510793355157854,-1.2002121433141226
1.3550068069102559,1.7498727599639314,-0.3252156863343304,-0.6152155523078459,-0.5887911903435977,-1.9968396185213213,-0.5240505210165413,-1.9973286153001588,2.0546496694198138,0.9454628022093259,2.0536805680094075,-0.3446320610669965,0.16179521003486,-0.3439848327021075,-0.5866957379281693,-0.20750471077941549,-0.5900661843914335,-1.2002121433141226
-0.17530887533499598,1.7498727599639314,-0.3252156863343304,-0.6152155523078459,-0.5887911903435977,0.20048566151707217,0.3755429829198491,0.20020891521106635,-0.9584476444045319,-0.2546818618497442,-0.9574644938866436,-1.1174488567162018,-0.14463104851565098,-1.1181221771929961,-0.979092919274248,0.20349644742112044,-0.9732181923537343,-0.4314073441609629
-0.3509188716582216,-0.5127797575784685,-0.3252156863343304,-0.6152155523078459,-0.5887911903435977,-0.19518011336421312,0.22561073226378406,-0.19491482795967102,-0.6097920709442526,0.09536033183415127,-0.6102039565627181,0.8886714262902836,0.3150083393101155,0.8884062272058009,-0.12295361451916689,2.2585022384238003,-0.12764134719555323,1.1062022541453564
-0.1502217330031066,-0.6795015220289611,-0.3252156863343304,1.6254465548679973,0.8749511758033917,-0.2577505149733467,-1.1237795236408015,-0.25770161454570584,0.2955238215065863,-0.3046878895188721,0.2964024126923619,0.8566375694758089,-0.451057307066162,0.8572627708182363,-0.1586260855506285,0.6144976056216563,-0.15406562360674642,-1.2002121433141226
-1.8059731269078052,-0.5127797575784685,3.074882430400277,1.6254465548679973,2.1191321870283324,1.0175814942951684,0.025701064722363966,1.0175196716327293,-0.3443383956960852,-1.054778304555791,-0.3445146863954194,-1.2155525432105303,0.3150083393101155,-1.216001611553913,-1.6211973978405587,1.0254987638221924,-1.6206129644279663,0.3373974549921968
-1.329317422601907,-0.6795015220289611,-0.3252156863343304,-0.6152155523078459,-0.5887911903435977,0.34034891217278224,-1.3736666080675766,0.33985538882483374,0.041956131717292545,0.7454386915328143,0.04236618069029571,-1.083412883850822,-1.370336082717695,-1.082529655607208,-1.835232224029329,0.20349644742112044,-1.8320071757175116,-0.4314073441609629
1.3048325222464772,1.7498727599639314,-0.3252156863343304,-0.6152155523078459,-0.5887911903435977,-0.37184948261353107,0.12565589849307401,-0.37136734888249345,1.4821413698174237,-0.5047120001953838,1.4826816979130204,-0.4767717204267055,1.3364292011451522,-0.47745678864881236,-0.05160867245624374,-1.0295070271804874,-0.04836851796197371,-0.4314073441609629
0.5522182522897958,-0.5127797575784685,-0.3252156863343304,-0.6152155523078459,-0.5887911903435977,-1.039880535087515,0.17563331537842902,-1.0403713852647285,-0.21161155807200177,0.8454507468710701,-0.21167005131177044,-0.6049071476846043,-0.24677313469915466,-0.6064796793972937,0.9472205164246843,0.20349644742112044,0.9425418474577696,1.8750070532985164
0.00030112098822963846,-0.5127797575784685,-0.3252156863343304,-0.6152155523078459,-0.5887911903435977,0.6992085684604595,0.8753171517733993,0.6992556154897238,0.6144644313196826,1.3955170512314772,0.6133650507866837,-0.304589740048903,1.4385712873286558,-0.3039432459180961,-3.654528246633876,-1.8515093435815593,-3.655282248089839,1.1062022541453564
0.8783511026043578,-0.5127797575784685,-0.3252156863343304,-0.6152155523078459,-0.5887911903435977,-0.3000775513559955,-0.8738924392140264,-0.2999203158707984,0.9631200047799625,0.9454628022093259,0.9629561957436555,0.9847729967337077,-0.5021283501579138,0.9862856615667182,-0.1586260855506285,-0.20750471077941549,-0.15406562360674642,4.181421450757996
0.9034382449362471,-0.5127797575784685,-0.3252156863343304,-0.6152155523078459,-0.5887911903435977,-0.96994890975966,0.3255655660344941,-0.970006883056241,2.4270772137978396,-1.2548024152323025,2.426577789296844,-1.1334657851234389,1.387500244236904,-1.1314693727876663,-0.979092919274248,-1.0295070271804874,-0.9732181923537343,-0.4314073441609629
0.9034382449362471,1.7498727599639314,-0.3252156863343304,-0.6152155523078459,-0.5887911903435977,-0.59820711196422,0.9252945686587544,-0.5986988175560686,-0.15614362593059347,-0.4547059725262559,-0.1557354681186545,-0.5568563624628926,0.26393729621836365,-0.5575399622168355,-0.015936201424782154,-0.20750471077941549,-0.02194424155078053,-0.4314073441609629
-0.1502217330031066,-0.5127797575784685,-0.3252156863343304,-0.6152155523078459,-0.5887911903435977,0.3182652410166177,-0.6240053547872513,0.3182047727606842,-0.20368756776608624,-1.604844608916198,-0.20467822841263075,0.22797312949174062,0.21286625312661184,0.2299445778687232,2.0887395894314595,1.4364999220227281,2.091997871344671,-1.2002121433141226
1.1793968105870303,-0.5127797575784685,-0.3252156863343304,1.6254465548679973,2.0459450687209833,-1.8790600390217762,2.024797740136565,-1.879332757750541,0.12515802992940445,-2.0048928302692213,0.12626805547996964,1.1048999597879883,0.774647727135882,1.1064104219187523,0.2337710957954502,-1.0295070271804874,0.22908638435555437,-0.4314073441609629
-0.5516160103133366,-0.6795015220289611,3.074882430400277,-0.6152155523078459,-0.5887911903435977,-1.4024208032345533,1.6749558219390797,-1.4019366735360335,2.3498183083151645,0.5454145808563026,2.3496677374063104,0.7885656237450498,1.2342871149616486,0.7905267928448845,-0.6580406799910925,-0.20750471077941549,-0.6561268754194162,0.3373974549921968
0.5773053946216853,-0.5127797575784685,-0.3252156863343304,-0.6152155523078459,-0.5887911903435977,-0.4104959071368193,0.3255655660344941,-0.41033845779796335,-0.6513930200503085,0.5954206085254304,-0.6521548939575547,-0.23451567826723932,0.11072416694310817,-0.2327582027465201,-0.5153507958652456,-0.6185058689799514,-0.510793355157854,1.1062022541453564
1.0539610989275834,1.7498727599639314,-0.3252156863343304,-0.6152155523078459,-0.5887911903435977,0.4250029849380809,0.4255203998052041,0.42537532227822616,-0.6910129715798857,0.1953723871724071,-0.6917752237193447,-1.1334657851234389,-1.4724781689011985,-1.1314693727876663,-2.0135945791866376,-0.20750471077941549,-2.016977110595864,-0.4314073441609629
2.0574467922031583,-0.5127797575784685,-0.3252156863343304,-0.6152155523078459,-0.5887911903435977,-1.1595004205167407,-0.4240956872458312,-1.1594497736175535,0.2598658651299672,0.5954206085254304,0.259112690563619,0.27602391471345294,0.6214345978606265,0.2744352298509588,-0.1942985565820907,0.6144976056216563,-0.19370203822353588,0.3373974549921968
-0.024786021343659734,-0.5127797575784685,3.074882430400277,-0.6152155523078459,-0.5887911903435977,-0.3644882588948094,-0.32414085347512117,-0.36487216406324857,-0.4116923132963666,-0.2546818618497442,-0.4121023077537675,-0.9232435997784478,0.11072416694310817,-0.922363308471162,0.4834783930156819,-1.0295070271804874,0.48011701026188924,0.3373974549921968
-1.1035331416149028,-0.5127797575784685,3.074882430400277,1.6254465548679973,0.6553898208813432,1.0451860832403743,-0.32414085347512117,1.045665472516124,-0.7444999061448153,-0.3046878895188721,-0.7453791992794139,0.7244979101160999,0.8767898133193857,0.7237908148715319,0.697513219204452,-0.6185058689799514,0.6915112215514346,0.3373974549921968
-0.10004744833932785,-0.6795015220289611,-0.3252156863343304,1.6254465548679973,1.7531965954915851,-1.6508621037414068,-0.6739827716726063,-1.6509187582737586,1.4979893504292547,0.6454266361945584,1.498995951344345,-0.3065918560998081,0.3660793824018673,-0.3083923111163195,-0.5866957379281693,0.6144976056216563,-0.5900661843914335,0.3373974549921968
0.10064969031578713,-0.5127797575784685,-0.3252156863343304,-0.6152155523078459,-0.5887911903435977,1.323072278622114,-0.6240053547872513,1.3227933581372444,-0.5067801969673521,0.1453663595032792,-0.5076572207086728,-0.32260878450704517,0.6214345978606265,-0.3217395067109897,-1.7282148109349438,0.20349644742112044,-1.726310070072739,-0.4314073441609629
-1.5049274189251327,-0.5127797575784685,-0.3252156863343304,1.6254465548679973,2.4118806602577303,0.5078167517736988,-0.27416343658976616,0.5076476633219967,-1.255597280876361,0.9954688298784539,-1.2557822709165927,-1.6980625114785575,-1.319265039625943,-1.6965006529620505,-1.5498524557776352,-0.6185058689799514,-1.5545522733999833,-0.4314073441609629
0.7529153909449109,-0.5127797575784685,-0.3252156863343304,1.6254465548679973,1.240886767340139,0.2391320860403604,-0.7739376054433164,0.23918002412653627,0.4995665718839091,0.24537841484153503,0.4991652767674058,1.074868219024418,-2.0853306860022207,1.0752669655311877,0.2337710957954502,0.6144976056216563,0.22908638435555437,0.3373974549921968
1.7814882265523753,-0.6795015220289611,-0.3252156863343304,-0.6152155523078459,-0.5887911903435977,0.44524635016456515,0.4255203998052041,0.44486087673596114,0.6600273755786967,1.1454869128858376,0.6599772034476131,-0.7971102885714536,-1.7789044274517096,-0.797789482920904,2.695171596966308,-0.20750471077941549,2.699756228802114,1.8750070532985164
1.555703945565371,-0.6795015220289611,-0.3252156863343304,1.6254465548679973,2.338693541950381,0.9605320104750762,-2.2232826951186118,0.9601455390627317,0.22024591360038998,-0.4547059725262559,0.21949236080182846,1.3611708143037868,-1.319265039625943,1.3600071382174919,0.7331856902359142,-0.6185058689799514,0.7311476361682241,0.3373974549921968
1.7313139418885966,-0.5127797575784685,-0.3252156863343304,1.6254465548679973,2.48506777856508,0.3642728892586276,0.9252945686587544,0.3647535972986067,-1.3011602251353749,-0.5047120001953838,-1.3000638159444757,-0.31860455240523605,-2.596041116919739,-0.3172904415127663,0.2337710957954502,-0.6185058689799514,0.22908638435555437,1.8750070532985164
-0.5265288679814473,-0.5127797575784685,3.074882430400277,-0.6152155523078459,-0.5887911903435977,1.781308455112533,1.0752268193148193,1.7817864186972239,-0.10067569378918573,-1.054778304555791,-0.09980088492553936,0.19593927267726594,-1.1149808672589359,0.19435205628293598,-1.086110332368633,-0.6185058689799514,-1.0921274362041034,-0.4314073441609629
-0.22548315999877472,1.7498727599639314,3.074882430400277,-0.6152155523078459,-0.5887911903435977,1.3359544201298772,0.9752719855441093,1.335783727775734,0.12515802992940445,0.5954206085254304,0.12626805547996964,1.6835114984994402,-0.24677313469915466,1.6847888976878072,0.6261682771415289,0.20349644742112044,0.625450530523452,1.1062022541453564
1.0037868142638047,1.7498727599639314,-0.3252156863343304,-0.6152155523078459,-0.5887911903435977,0.6605621439371714,0.6254300673466242,0.6602845065742539,-0.0016258149652427138,-0.9547662492175351,-0.0019153643375868555,-0.9352562960838758,0.3660793824018673,-0.9357105040658326,0.7688581612673758,0.6144976056216563,0.7707840507850142,-0.4314073441609629
-0.978097429955456,-0.6795015220289611,-0.3252156863343304,1.6254465548679973,2.48506777856508,-0.780397399002579,-0.27416343658976616,-0.7805639924949286,-0.3265094175077759,-0.3046878895188721,-0.3258698253310475,0.6183857594181523,-1.5235492119929503,0.6170132501141679,-0.015936201424782154,-0.6185058689799514,-0.02194424155078053,-1.2002121433141226
0.426782540630349,1.7498727599639314,-0.3252156863343304,1.6254465548679973,1.9727579504136337,1.409566657317093,0.9252945686587544,1.409395822393844,1.1374477915101024,-0.4547059725262559,1.1377517682221414,0.30004930732430884,1.5407133735121594,0.3011296210402992,0.5191508640471435,-1.4405081853810233,0.5197534248786793,-0.4314073441609629
-0.07496030600743848,-0.5127797575784685,-0.3252156863343304,-0.6152155523078459,-0.5887911903435977,0.49309430433625534,-0.4240956872458312,0.49357476288029895,-0.4849892236260847,2.5956617152905475,-0.48435114437820803,0.646415384130818,0.774647727135882,0.6481567065017325,0.7688581612673758,0.20349644742112044,0.7707840507850142,2.643811852451676
-0.9279231452916772,-0.6795015220289611,3.074882430400277,-0.6152155523078459,-0.5887911903435977,1.039665165451333,-1.1737569405261565,1.039170287696879,0.3549537488009521,-0.7547421385410233,0.35466760351852383,-0.12840352756929185,-0.14463104851565098,-0.13042970318737948,1.0542379295190691,-1.0295070271804874,1.0482389531025422,0.3373974549921968
-1.7557988422440265,-0.5127797575784685,-0.3252156863343304,1.6254465548679973,1.4604481222621875,0.5667065415234712,0.025701064722363966,0.5671868574984089,0.9868919756977086,-0.7047361108718955,0.9862622720741199,0.8226015966104291,1.2853581580534004,0.8216702492324482,0.4478059219842203,-1.0295070271804874,0.4536927338506961,-0.4314073441609629
1.1292225259232516,-0.6795015220289611,-0.3252156863343304,1.6254465548679973,1.09451253072544,-0.5540397696518905,-0.22418601970441113,-0.5543150546245611,0.7749252350144709,1.1954929405549655,0.7741769774668902,1.8616998270299558,1.7960685889709187,1.8627515056167472,-1.0147653903057097,-0.20750471077941549,-1.0128546069705238,0.3373974549921968
-0.9530102876235665,-0.5127797575784685,-0.3252156863343304,-0.6152155523078459,-0.5887911903435977,-0.2798341861295113,-1.2737117742968667,-0.27935223060985614,-1.0456115377696018,0.895456774540198,-1.0460275839424096,1.044836478260848,-0.14463104851565098,1.0441235091436232,0.3407885088898349,-1.0295070271804874,0.3347834900003271,-1.2002121433141226
-0.30074458699444284,-0.5127797575784685,-0.3252156863343304,-0.6152155523078459,-0.5887911903435977,-0.8245647413149085,-2.073350444462547,-0.8249477554264361,-0.8851507340748143,2.5956617152905475,-0.8852156572622025,-0.06033158183853277,0.6214345978606265,-0.05924466001580346,-0.015936201424782154,0.20349644742112044,-0.02194424155078053,-0.4314073441609629
-0.2756574446625535,-0.5127797575784685,-0.3252156863343304,-0.6152155523078459,-0.5887911903435977,-1.2901621415240492,-0.6240053547872513,-1.2904360008056612,-1.2496542881469246,0.3953964978489188,-1.2487904480174534,-0.8171314490805004,1.081073985686393,-0.815585743713798,0.2694435668269118,0.20349644742112044,0.2687227989723444,0.3373974549921968
0.828176817940579,-0.6795015220289611,-0.3252156863343304,-0.6152155523078459,-0.5887911903435977,1.1537641330915178,1.2751364868562394,1.153918552836874,-0.9465616589456588,0.7454386915328143,-0.945811455721411,2.3582246076543156,0.774647727135882,2.356597742619555,0.5548233350786057,0.6144976056216563,0.5593898394954687,-0.4314073441609629
-1.1286202839467923,-0.6795015220289611,-0.3252156863343304,-0.6152155523078459,-0.5887911903435977,0.3182652410166177,0.4754978166905591,0.3182047727606842,0.4381556470130646,0.09536033183415127,0.43856947830819776,0.49625668031296727,-0.451057307066162,0.4968884897621336,0.1267536827010648,0.6144976056216563,0.12338927871078165,0.3373974549921968
-0.10004744833932785,-0.5127797575784685,-0.3252156863343304,1.6254465548679973,1.1676996490327896,-0.8558499421194756,1.7249332388244347,-0.8563411487194535,0.327219782730248,-2.1049048856074775,0.3267003119219667,-2.6010168504365665,-1.063909824167184,-2.5996608882014205,0.2694435668269118,-0.6185058689799514,0.2687227989723444,-0.4314073441609629
-0.30074458699444284,-0.5127797575784685,-0.3252156863343304,-0.6152155523078459,-0.5887911903435977,-1.656383021530448,-1.0238246898700913,-1.656331412289796,-0.4136733108728453,-0.9547662492175351,-0.4144329153868139,-1.097427696207155,1.030002942594641,-1.0958768512018786,-0.26564349864501385,-0.20750471077941549,-0.2597627292515191,0.3373974549921968
-0.6268774373090047,-0.5127797575784685,-0.3252156863343304,-0.6152155523078459,-0.5887911903435977,0.44708665609424547,-1.5735762756089966,0.44702593834237647,0.48371859127207806,0.49540855318717464,0.4828510233360804,0.7965740879486686,-0.757483565616673,0.7949758580431079,-0.2299710276135523,0.20349644742112044,-0.23333845284032595,-0.4314073441609629
0.17591111731145526,-0.6795015220289611,-0.3252156863343304,-0.6152155523078459,-0.5887911903435977,-1.9489916643496312,0.22561073226378406,-1.9486147291558211,-1.1347564287111505,0.6954326638636863,-1.134590673998176,-0.6069092637355095,-0.09356000542389915,-0.6064796793972937,0.2337710957954502,-0.6185058689799514,0.22908638435555437,0.3373974549921968
-0.7272260066365622,1.7498727599639314,3.074882430400277,1.6254465548679973,1.5336352405695368,-0.734389750760569,0.6754074842319793,-0.734015167957006,-1.2377683026880515,-0.4547059725262559,-1.2371374098522208,0.410165690124066,-0.6042704363414175,0.41235625099588663,-1.6925423399034822,0.6144976056216563,-1.6866736554559492,-1.2002121433141226
-0.7021388643046729,-0.5127797575784685,-0.3252156863343304,-0.6152155523078459,-0.5887911903435977,0.04774026935359957,0.7253849011173342,0.04757207195880882,-0.02935978103594687,-0.15466980651148834,-0.029882655934144832,-1.607967289187847,0.6725056409523783,-1.6075193489975805,2.7665165390292312,0.20349644742112044,2.7658169198300975,-0.4314073441609629
0.15082397497956587,-0.5127797575784685,-0.3252156863343304,-0.6152155523078459,-0.5887911903435977,-0.41601682492586073,-1.0738021067554464,-0.41575111181400093,-0.7544048940272096,1.1954929405549655,-0.7547016298115996,-1.0113367060182537,1.9492817182461741,-1.011344612435632,0.6618407481729904,0.6144976056216563,0.6650869451402415,-0.4314073441609629
-1.379491707265686,-0.5127797575784685,-0.3252156863343304,-0.6152155523078459,-0.5887911903435977,-1.058283594384319,-1.6735311093797067,-1.0587744089192561,-0.6632790055091822,-1.9048807749309655,-0.6638079321227868,-0.11438871521295879,-0.09356000542389915,-0.11263344239448586,-0.1942985565820907,0.6144976056216563,-0.19370203822353588,-0.4314073441609629
-1.3042302802700179,1.7498727599639314,-0.3252156863343304,-0.6152155523078459,-0.5887911903435977,-1.1116524663450507,0.8253397348880442,-1.1118184182764235,0.285618833624192,0.4454025255180467,0.2847493745271301,-0.43672939940861205,-0.5021283501579138,-0.4374152018648013,0.3051160378583733,-1.4405081853810233,0.3083592135891339,-0.4314073441609629
0.37660825596657027,1.7498727599639314,-0.3252156863343304,-0.6152155523078459,-0.5887911903435977,-0.27799388019983096,0.4754978166905591,-0.2782696998066485,1.38507248856996,0.1453663595032792,1.3847961773250679,0.5983645989091056,0.468221468585371,0.5992169893212734,-0.8007305641169394,-0.6185058689799514,-0.8014603956809784,-1.2002121433141226
-1.6303631305845796,1.7498727599639314,3.074882430400277,1.6254465548679973,2.48506777856508,0.3145846291572571,-0.5740279379018963,0.31495718035106157,1.0740558690627786,1.0954808852167097,1.0748253621298867,-1.2455842839741005,1.3364292011451522,-1.2471450679414775,3.4799659596584656,0.6144976056216563,3.479272382932313,-1.2002121433141226
0.9034382449362471,-0.5127797575784685,-0.3252156863343304,-0.6152155523078459,-0.5887911903435977,1.172167192388322,0.6754074842319793,1.172321576491402,-1.5745378906894576,0.49540855318717464,-1.57507551664396,-0.7590700836042646,0.21286625312661184,-0.7577478961368926,0.697513219204452,0.20349644742112044,0.6915112215514346,-1.2002121433141226
-1.1035331416149028,-0.6795015220289611,3.074882430400277,1.6254465548679973,1.6068223588768862,1.0083799646467664,1.4750461543976596,1.0088594252070688,-0.10859968409510128,0.7954447192019422,-0.10912331545772508,1.3671771624565012,-0.2978441777909065,1.3689052686139387,0.4121334509527587,-0.20750471077941549,0.4140563192339066,0.3373974549921968
-0.3509188716582216,-0.5127797575784685,-0.3252156863343304,-0.6152155523078459,-0.5887911903435977,-1.0196371698610307,-0.47407310413118625,-1.0198033000037863,-0.5404571557674924,0.24537841484153503,-0.5402857275713235,1.1169126560934168,0.468221468585371,1.115308552315199,-0.979092919274248,0.20349644742112044,-0.9732181923537343,1.1062022541453564
0.8783511026043578,-0.5127797575784685,-0.3252156863343304,-0.6152155523078459,-0.5887911903435977,-1.4355463099688004,0.22561073226378406,-1.4354951284354662,0.041956131717292545,-0.054657751173232495,0.04236618069029571,-1.2876287210430992,0.9789318995028893,-1.2871866547254889,-0.30131596967647545,0.6144976056216563,-0.29939914386830857,1.1062022541453564
-0.024786021343659734,-0.6795015220289611,-0.3252156863343304,-0.6152155523078459,-0.5887911903435977,-2.004200842240043,-0.32414085347512117,-2.0038238001194038,0.2955238215065863,0.09536033183415127,0.2964024126923619,0.6063730631127244,1.2853581580534004,0.608115119717721,-0.26564349864501385,-1.4405081853810233,-0.2597627292515191,3.4126166516048357
1.1793968105870303,-0.6795015220289611,-0.3252156863343304,1.6254465548679973,1.240886767340139,0.9384483393189111,0.07567848160771899,0.9384949229985814,0.6560653804257393,0.4454025255180467,0.6553159881815203,0.30605565547702307,-0.5021283501579138,0.3055786862385234,1.1612553426134544,-1.0295070271804874,1.1671481969529112,1.1062022541453564
-0.7523131489684516,-0.5127797575784685,-0.3252156863343304,-0.6152155523078459,-0.5887911903435977,0.5022958339846574,0.5754526504612691,0.5022350093059588,-0.5325331654615769,-0.20467583418061627,-0.5332939046721843,-0.4427357475613257,-1.9831885998187169,-0.44186426706302473,0.6618407481729904,-0.6185058689799514,0.6650869451402415,-0.4314073441609629
-0.3509188716582216,-0.5127797575784685,-0.3252156863343304,-0.6152155523078459,-0.5887911903435977,-0.798800458299383,-0.17420860281905612,-0.7989670161494559,-0.5642291266852392,0.3953964978489188,-0.5635918039017883,-1.2616012123813383,0.059653123851356335,-1.2604922635361477,-1.121782803400095,0.20349644742112044,-1.1185517126152964,-1.2002121433141226
0.9536125296000258,1.7498727599639314,-0.3252156863343304,-0.6152155523078459,-0.5887911903435977,0.4323642086568021,-0.9738472729847364,0.43187050709747143,-0.9544856492515743,-0.054657751173232495,-0.9551338862535966,-0.05432523368581852,-1.2171229534424395,-0.05479559481758006,-0.1942985565820907,-0.6185058689799514,-0.19370203822353588,0.3373974549921968
0.27625968663901274,-0.6795015220289611,-0.3252156863343304,-0.6152155523078459,-0.5887911903435977,-1.446588145546883,0.9252945686587544,-1.446320436467541,0.2717518505888402,-1.654850636585326,0.27076572872885074,-0.4207124710013744,0.6214345978606265,-0.41961894107190695,0.01973626960668006,0.20349644742112044,0.017692173066008943,0.3373974549921968
0.7278282486130215,-0.5127797575784685,-0.3252156863343304,-0.6152155523078459,-0.5887911903435977,1.545749296113442,0.6254300673466242,1.5457947035979889,-0.2809464732487619,0.1453663595032792,-0.2815882803031646,-0.10437813495843541,-0.04248896233214733,-0.10373531199803906,2.8735339521236165,0.6144976056216563,2.87151402547487,-0.4314073441609629
-2.207367404218035,1.7498727599639314,-0.3252156863343304,1.6254465548679973,0.9481382941107411,2.5008680736175686,0.22561073226378406,2.500586872027004,0.1627969838825029,-1.4548265259088142,0.16355777760871335,1.1929930660277945,1.1832160718698967,1.1909426606849987,0.6618407481729904,-0.6185058689799514,0.6650869451402415,1.1062022541453564
-0.6268774373090047,-0.6795015220289611,-0.3252156863343304,-0.6152155523078459,-0.5887911903435977,0.43972543237552375,-1.9733956106918369,0.43944822271992395,-0.7722338722155194,1.3455110235623493,-0.7733464908759715,-0.4927886488339426,-0.14463104851565098,-0.4908039842434829,-0.6580406799910925,-0.6185058689799514,-0.6561268754194162,-1.2002121433141226
-0.6770517219727835,-0.5127797575784685,-0.3252156863343304,-0.6152155523078459,-0.5887911903435977,0.8372315131864894,-0.3741182703604762,0.8367370274970767,0.285618833624192,0.9954688298784539,0.2847493745271301,0.8266058287122388,-0.24677313469915466,0.8261193144306725,-0.40833338277086084,-1.0295070271804874,-0.4050962495130813,0.3373974549921968
2.032359649871269,-0.5127797575784685,-0.3252156863343304,-0.6152155523078459,-0.5887911903435977,1.836517633002945,0.8753171517733993,1.836995489660807,0.04988012202320754,0.6454266361945584,0.049358003589435415,-0.5268246216993224,0.059653123851356335,-0.5263965058292709,0.1624261537325264,-0.20750471077941549,0.16302569332757172,0.3373974549921968
-0.10004744833932785,-0.5127797575784685,-0.3252156863343304,-0.6152155523078459,-0.5887911903435977,-1.2331126577039566,0.9252945686587544,-1.2330618682356635,0.3371247706126423,0.4454025255180467,0.3360227424541524,-0.9692922689492556,-1.2171229534424395,-0.9713030256516206,-1.335817629588865,0.20349644742112044,-1.3299459239048417,-0.4314073441609629
0.5271311099579065,-0.5127797575784685,-0.3252156863343304,1.6254465548679973,2.1191321870283324,-0.30743877507471723,0.3255655660344941,-0.30749803149325095,2.221053465844039,0.895456774540198,2.2214843175887538,-0.010278680565915885,-0.757483565616673,-0.01030494283534525,0.4834783930156819,0.20349644742112044,0.48011701026188924,-0.4314073441609629
1.4804425185697028,-0.5127797575784685,-0.3252156863343304,1.6254465548679973,1.5336352405695368,-0.27799388019983096,1.0252494024294643,-0.2782696998066485,1.2305546776046086,0.3953964978489188,1.2309760735440003,-1.5358911113552787,1.5917844166039112,-1.5363343058260046,1.7676873501483032,-0.20750471077941549,1.7616944162047568,-0.4314073441609629
-0.7272260066365622,-0.5127797575784685,-0.3252156863343304,1.6254465548679973,2.1191321870283324,0.7415356048431089,-1.0238246898700913,0.7414743168148163,0.3292007803067273,0.09536033183415127,0.32903091955501274,-0.9552774565929225,-1.4724781689011985,-0.9535067648587267,1.5893249949909947,0.6144976056216563,1.5899366195320022,1.1062022541453564
0.050475405652008386,1.7498727599639314,-0.3252156863343304,1.6254465548679973,1.5336352405695368,-0.28719540984823294,0.5254752335759142,-0.28692994623230866,0.3648587366833464,-0.20467583418061627,0.3639900340507104,0.3961508777677335,0.41715042549361914,0.39455999020299304,0.7331856902359142,1.847501080223264,0.7311476361682241,-1.2002121433141226
-0.42618029865388973,-0.6795015220289611,-0.3252156863343304,1.6254465548679973,2.4118806602577303,-0.4749066146756332,0.07567848160771899,-0.47529030599041355,-1.18824336327608,0.8454507468710701,-1.1881946495582445,0.3440958604442115,0.059653123851356335,0.3456202730225348,0.9115480453932228,0.20349644742112044,0.9161175710465763,-0.4314073441609629
-1.2791431379381284,-0.6795015220289611,-0.3252156863343304,-0.6152155523078459,-0.5887911903435977,2.2450655493919927,-0.9238698560993814,2.245109602470034,-0.6652600030856609,0.895456774540198,-0.6661385397558337,-2.568982993622091,-0.5531993932496656,-2.5685174318138557,0.09108121166960323,0.6144976056216563,0.09696500229958847,-0.4314073441609629
1.1543096682551408,-0.6795015220289611,-0.3252156863343304,-0.6152155523078459,-0.5887911903435977,1.7353008068705231,-0.4240956872458312,1.7352375941593015,0.616445428896162,-0.9047602215484072,0.6156956584197297,1.6634903379903934,-0.8596256518001767,1.6625435716966894,-1.4428350426832501,-1.4405081853810233,-1.4488551677552108,-1.2002121433141226
0.9285253872681365,-0.5127797575784685,-0.3252156863343304,-0.6152155523078459,-0.5887911903435977,-1.6950294460537365,0.5754526504612691,-1.6953025212052661,1.3117755782402412,0.34539047017979085,1.3125473407006274,0.28203026286616667,0.21286625312661184,0.2833333602474056,-0.1586260855506285,2.2585022384238003,-0.15406562360674642,0.3373974549921968
0.4518696829622384,-0.5127797575784685,3.074882430400277,1.6254465548679973,0.5090155842666443,-0.3626479529651291,-0.27416343658976616,-0.36270710245683363,0.17468296934137595,0.49540855318717464,0.17521081577394507,-2.366769272480719,0.3660793824018673,-2.3683094978937986,-0.5510232668967078,0.20349644742112044,-0.5504297697746435,2.643811852451676
0.27625968663901274,-0.5127797575784685,-0.3252156863343304,1.6254465548679973,1.0213254124180906,0.03853873970519758,0.4754978166905591,0.038911825533149,0.5431485185664439,1.1454869128858376,0.5434468217952891,1.2450480833513156,2.1024948475214296,1.244331443063681,-0.37266091173939925,-0.20750471077941549,-0.3786719731018881,0.3373974549921968
-1.0031845722873454,-0.6795015220289611,-0.3252156863343304,-0.6152155523078459,-0.5887911903435977,-2.4789997720975854,0.3755429829198491,-2.479054822727496,-0.9782576201693205,-1.3048084429014306,-0.9784399625840619,-0.953275340542018,-0.2978441777909065,-0.9535067648587267,-0.1586260855506285,0.6144976056216563,-0.15406562360674642,0.3373974549921968
-0.7272260066365622,-0.5127797575784685,-0.3252156863343304,-0.6152155523078459,-0.5887911903435977,0.5170182814221007,-0.4240956872458312,0.5173904405508638,-0.09869469621270698,0.49540855318717464,-0.09980088492553936,-0.31460032030342633,1.2342871149616486,-0.3128413763145429,1.0185654584876076,-0.20750471077941549,1.0218146766913492,-1.2002121433141226
-0.5516160103133366,-0.6795015220289611,-0.3252156863343304,1.6254465548679973,1.7531965954915851,-2.375942640035483,-1.9234181938064818,-2.376214396422784,0.014222165646588392,-0.6547300832027676,0.014398889093738564,-1.075404419647203,1.081073985686393,-1.0736315252107609,-2.1562844633124842,-0.20750471077941549,-2.162310630857426,0.3373974549921968
0.2511725443071234,1.7498727599639314,-0.3252156863343304,-0.6152155523078459,-0.5887911903435977,0.32010554694629795,0.8253397348880442,0.32036983436709876,0.5372055258370076,1.3955170512314772,0.5364549988961494,0.2700175665607387,0.059653123851356335,0.2699861646527354,-0.33698844070793704,2.6695033966243362,-0.33903555848509864,-1.2002121433141226
-0.04987316367554911,-0.6795015220289611,-0.3252156863343304,-0.6152155523078459,-0.5887911903435977,1.411406963246773,-2.823011697742872,1.4115608840002594,0.27373284816531895,0.24537841484153503,0.27309633636189756,0.6644344285889596,-1.2681939965341913,0.665952967294626,-0.8364030351484011,-1.4405081853810233,-0.8410968102977684,1.1062022541453564
-0.978097429955456,-0.5127797575784685,-0.3252156863343304,-0.6152155523078459,-0.5887911903435977,-1.4870748759998513,0.12565589849307401,-1.4874566069894262,-1.2932362348294593,1.0954808852167097,-1.2930719930453363,0.7224957940651953,-0.9106966948919285,0.7237908148715319,0.697513219204452,-1.4405081853810233,0.6915112215514346,-0.4314073441609629
0.426782540630349,-0.5127797575784685,-0.3252156863343304,-0.6152155523078459,-0.5887911903435977,-0.8521693302601145,0.6254300673466242,-0.8520110255066236,-1.5784998858424153,-0.40469994485712796,-1.577406124277007,1.0848787992789415,1.4896423304204076,1.0841650959276354,-1.5498524557776352,-0.20750471077941549,-1.5545522733999833,-0.4314073441609629
1.2546582375826985,-0.5127797575784685,3.074882430400277,-0.6152155523078459,-0.5887911903435977,0.7047294862495009,-2.173305278233257,0.7046682695057618,-1.70924572589002,-0.6047240555336396,-1.710250759360656,1.3751856266601195,-0.24677313469915466,1.373354333812162,0.7688581612673758,-1.4405081853810233,0.7707840507850142,-1.2002121433141226
2.1076210768669372,-0.6795015220289611,-0.3252156863343304,-0.6152155523078459,-0.5887911903435977,-0.7380703626199302,-0.4240956872458312,-0.738345291169836,0.9809489829682718,0.7454386915328143,0.981601056808027,-0.8491653058949751,-1.063909824167184,-0.851178265299586,0.1980986247639886,-0.20750471077941549,0.20266210794436118,-0.4314073441609629
-0.22548315999877472,1.7498727599639314,-0.3252156863343304,1.6254465548679973,0.5822027025739938,0.0790254701581661,-0.07425376904834607,0.07896546525182661,-2.462024804951987,1.6955532172462449,-2.4630370248346685,-0.30859397215071266,-0.19570209160740282,-0.3083923111163195,0.8758755743617606,-0.6185058689799514,0.8764811564297869,0.3373974549921968
-0.32583172932633225,1.7498727599639314,-0.3252156863343304,-0.6152155523078459,-0.5887911903435977,-0.761994339705775,0.7753623180026893,-0.7621609688404009,0.6996473271082739,1.8955773279227563,0.6995975332094028,-0.4287209352049932,0.5192925116771229,-0.4285170714683537,-0.2299710276135523,-0.20750471077941549,-0.23333845284032595,1.1062022541453564
-0.32583172932633225,-0.5127797575784685,3.074882430400277,1.6254465548679973,1.240886767340139,2.0021451666741807,0.6754074842319793,2.002622702551554,0.0538421171761656,-1.3048084429014306,0.054019218855528274,0.5583222778910121,0.8767898133193857,0.5591754025372621,0.982892987456146,0.20349644742112044,0.982178262074559,-0.4314073441609629
-0.3509188716582216,-0.5127797575784685,-0.3252156863343304,-0.6152155523078459,-0.5887911903435977,-0.1491724651222032,0.9252945686587544,-0.14944853422495585,0.08553807839982724,0.34539047017979085,0.08664772571817911,-0.5989007995318907,0.7235766840441301,-0.5975815490008469,1.26827275570784,-0.20750471077941549,1.272845302597684,-1.2002121433141226
0.37660825596657027,1.7498727599639314,-0.3252156863343304,1.6254465548679973,0.2894542293445959,0.7599386641399128,0.3755429829198491,0.7598773404693441,-0.9842006128987573,0.895456774540198,-0.9831011778501546,-0.43072305125589777,-1.0128387810754322,-0.4285170714683537,-0.4440058538023224,0.6144976056216563,-0.4447326641298708,0.3373974549921968
1.4804425185697028,-0.5127797575784685,-0.3252156863343304,-0.6152155523078459,-0.5887911903435977,-0.1565336888409249,0.12565589849307401,-0.15702624984740837,0.8482221453441884,1.0454748575475818,0.8487564217243776,-0.4467399796631354,-0.39998626397441017,-0.44631333226124814,0.982892987456146,-0.6185058689799514,0.982178262074559,0.3373974549921968
0.10064969031578713,-0.5127797575784685,-0.3252156863343304,-0.6152155523078459,-0.5887911903435977,1.464775835207505,-0.22418601970441113,1.4646048933574263,-0.5047991993908734,-0.15466980651148834,-0.5053266130756263,0.4381953148367316,-3.259964677112513,0.4390506421852278,0.6261682771415289,0.20349644742112044,0.625450530523452,1.1062022541453564
-0.7774002913003409,-0.6795015220289611,-0.3252156863343304,-0.6152155523078459,-0.5887911903435977,0.9642126223344368,1.0752268193148193,0.9644756622755616,1.8149489626658724,0.5954206085254304,1.8159585894386667,0.013746712044939994,0.6214345978606265,0.01194038315577255,-3.654528246633876,-1.8515093435815593,-3.655282248089839,1.1062022541453564
-0.5265288679814473,-0.6795015220289611,-0.3252156863343304,-0.6152155523078459,-0.5887911903435977,-2.3593798866683597,-0.5240505210165413,-2.3588939035714636,-0.7266709279565055,-0.10466377884236042,-0.7267343382150421,-0.6229261921427465,-1.0128387810754322,-0.6242759401901877,-0.26564349864501385,-0.20750471077941549,-0.2597627292515191,1.1062022541453564
